"Index","Var_name","Estimate","L_bound","U_bound","gradient","at_bound","family","target","p1","p2","p3","p4","mapped_value","absolute_error","mapped","note","fitted_index","local_index","jittered_value","jitter_method","jitter_space","jitter_scale","jitter_center","jitter_standardized_shift","jitter_effective_cv","jitter_max_safe_cv","jitter_cv_limited","jitter_safe_cv_cap_enabled","boundary_adjusted","nominal_cv"
1,"diff_coffs(1,1)",0.1,0,4,0,FALSE,"diff_coffs","diff_coffs",1,1,NA,NA,0.1,0,TRUE,NA,1,1,0.102212870246937,"mean_preserving_scaled_beta","bounded_natural",0.01,0.1,0.221287024693667,0.1,1.36277028773849,FALSE,TRUE,FALSE,0.1
2,"diff_coffs(1,2)",0.1,0,4,0,FALSE,"diff_coffs","diff_coffs",1,2,NA,NA,0.1,0,TRUE,NA,2,2,0.0951585357757931,"mean_preserving_scaled_beta","bounded_natural",0.01,0.1,-0.484146422420693,0.1,1.36277028773849,FALSE,TRUE,FALSE,0.1
3,"diff_coffs(1,3)",0.1,0,4,0,FALSE,"diff_coffs","diff_coffs",1,3,NA,NA,0.1,0,TRUE,NA,3,3,0.111301698026219,"mean_preserving_scaled_beta","bounded_natural",0.01,0.1,1.13016980262188,0.1,1.36277028773849,FALSE,TRUE,FALSE,0.1
4,"diff_coffs(1,4)",0.1,0,4,0,FALSE,"diff_coffs","diff_coffs",1,4,NA,NA,0.1,0,TRUE,NA,4,4,0.114113297409101,"mean_preserving_scaled_beta","bounded_natural",0.01,0.1,1.41132974091013,0.1,1.36277028773849,FALSE,TRUE,FALSE,0.1
5,"diff_coffs(1,5)",0.1,0,4,0,FALSE,"diff_coffs","diff_coffs",1,5,NA,NA,0.1,0,TRUE,NA,5,5,0.0968912539451019,"mean_preserving_scaled_beta","bounded_natural",0.01,0.1,-0.310874605489807,0.1,1.36277028773849,FALSE,TRUE,FALSE,0.1
6,"diff_coffs(1,6)",0.1,0,4,0,FALSE,"diff_coffs","diff_coffs",1,6,NA,NA,0.1,0,TRUE,NA,6,6,0.112810574986394,"mean_preserving_scaled_beta","bounded_natural",0.01,0.1,1.28105749863942,0.1,1.36277028773849,FALSE,TRUE,FALSE,0.1
7,"diff_coffs(1,7)",0.1,0,4,0,FALSE,"diff_coffs","diff_coffs",1,7,NA,NA,0.1,0,TRUE,NA,7,7,0.100515329332959,"mean_preserving_scaled_beta","bounded_natural",0.01,0.1,0.0515329332959336,0.1,1.36277028773849,FALSE,TRUE,FALSE,0.1
8,"diff_coffs(1,8)",0.1,0,4,0,FALSE,"diff_coffs","diff_coffs",1,8,NA,NA,0.1,0,TRUE,NA,8,8,0.102504730361913,"mean_preserving_scaled_beta","bounded_natural",0.01,0.1,0.250473036191286,0.1,1.36277028773849,FALSE,TRUE,FALSE,0.1
9,"diff_coffs(1,9)",0.1,0,4,0,FALSE,"diff_coffs","diff_coffs",1,9,NA,NA,0.1,0,TRUE,NA,9,9,0.0882969726187809,"mean_preserving_scaled_beta","bounded_natural",0.01,0.1,-1.17030273812191,0.1,1.36277028773849,FALSE,TRUE,FALSE,0.1
10,"diff_coffs(1,10)",0.1,0,4,0,FALSE,"diff_coffs","diff_coffs",1,10,NA,NA,0.1,0,TRUE,NA,10,10,0.0967737479286125,"mean_preserving_scaled_beta","bounded_natural",0.01,0.1,-0.322625207138752,0.1,1.36277028773849,FALSE,TRUE,FALSE,0.1
11,"diff_coffs(1,11)",0.1,0,4,0,FALSE,"diff_coffs","diff_coffs",1,11,NA,NA,0.1,0,TRUE,NA,11,11,0.105655029782983,"mean_preserving_scaled_beta","bounded_natural",0.01,0.1,0.565502978298264,0.1,1.36277028773849,FALSE,TRUE,FALSE,0.1
12,"diff_coffs(1,12)",0.1,0,4,0,FALSE,"diff_coffs","diff_coffs",1,12,NA,NA,0.1,0,TRUE,NA,12,12,0.0863214138280576,"mean_preserving_scaled_beta","bounded_natural",0.01,0.1,-1.36785861719424,0.1,1.36277028773849,FALSE,TRUE,FALSE,0.1
13,"diff_coffs(1,13)",0.1,0,4,0,FALSE,"diff_coffs","diff_coffs",1,13,NA,NA,0.1,0,TRUE,NA,13,13,0.103561109983376,"mean_preserving_scaled_beta","bounded_natural",0.01,0.1,0.356110998337628,0.1,1.36277028773849,FALSE,TRUE,FALSE,0.1
14,"diff_coffs(1,14)",0.1,0,4,0,FALSE,"diff_coffs","diff_coffs",1,14,NA,NA,0.1,0,TRUE,NA,14,14,0.0942129311527619,"mean_preserving_scaled_beta","bounded_natural",0.01,0.1,-0.57870688472381,0.1,1.36277028773849,FALSE,TRUE,FALSE,0.1
15,"diff_coffs(2,1)",0.1,0,4,0,FALSE,"diff_coffs","diff_coffs",2,1,NA,NA,0.1,0,TRUE,NA,15,15,0.0950741594986209,"mean_preserving_scaled_beta","bounded_natural",0.01,0.1,-0.492584050137912,0.1,1.36277028773849,FALSE,TRUE,FALSE,0.1
16,"diff_coffs(2,2)",0.1,0,4,0,FALSE,"diff_coffs","diff_coffs",2,2,NA,NA,0.1,0,TRUE,NA,16,16,0.0933361269607207,"mean_preserving_scaled_beta","bounded_natural",0.01,0.1,-0.666387303927933,0.1,1.36277028773849,FALSE,TRUE,FALSE,0.1
17,"diff_coffs(2,3)",0.1,0,4,0,FALSE,"diff_coffs","diff_coffs",2,3,NA,NA,0.1,0,TRUE,NA,17,17,0.117026042534811,"mean_preserving_scaled_beta","bounded_natural",0.01,0.1,1.70260425348112,0.1,1.36277028773849,FALSE,TRUE,FALSE,0.1
18,"diff_coffs(2,4)",0.1,0,4,0,FALSE,"diff_coffs","diff_coffs",2,4,NA,NA,0.1,0,TRUE,NA,18,18,0.110227255963843,"mean_preserving_scaled_beta","bounded_natural",0.01,0.1,1.02272559638433,0.1,1.36277028773849,FALSE,TRUE,FALSE,0.1
19,"diff_coffs(2,5)",0.1,0,4,0,FALSE,"diff_coffs","diff_coffs",2,5,NA,NA,0.1,0,TRUE,NA,19,19,0.0937053295085138,"mean_preserving_scaled_beta","bounded_natural",0.01,0.1,-0.62946704914862,0.1,1.36277028773849,FALSE,TRUE,FALSE,0.1
20,"diff_coffs(2,6)",0.1,0,4,0,FALSE,"diff_coffs","diff_coffs",2,6,NA,NA,0.1,0,TRUE,NA,20,20,0.109592388436688,"mean_preserving_scaled_beta","bounded_natural",0.01,0.1,0.959238843668779,0.1,1.36277028773849,FALSE,TRUE,FALSE,0.1
21,"diff_coffs(2,7)",0.1,0,4,0,FALSE,"diff_coffs","diff_coffs",2,7,NA,NA,0.1,0,TRUE,NA,21,21,0.0869127444586399,"mean_preserving_scaled_beta","bounded_natural",0.01,0.1,-1.30872555413601,0.1,1.36277028773849,FALSE,TRUE,FALSE,0.1
22,"diff_coffs(2,8)",0.1,0,4,0,FALSE,"diff_coffs","diff_coffs",2,8,NA,NA,0.1,0,TRUE,NA,22,22,0.094095138706697,"mean_preserving_scaled_beta","bounded_natural",0.01,0.1,-0.590486129330302,0.1,1.36277028773849,FALSE,TRUE,FALSE,0.1
23,"diff_coffs(2,9)",0.1,0,4,0,FALSE,"diff_coffs","diff_coffs",2,9,NA,NA,0.1,0,TRUE,NA,23,23,0.0999880239868575,"mean_preserving_scaled_beta","bounded_natural",0.01,0.1,-0.00119760131425256,0.1,1.36277028773849,FALSE,TRUE,FALSE,0.1
24,"diff_coffs(2,10)",0.1,0,4,0,FALSE,"diff_coffs","diff_coffs",2,10,NA,NA,0.1,0,TRUE,NA,24,24,0.0942972143461123,"mean_preserving_scaled_beta","bounded_natural",0.01,0.1,-0.570278565388772,0.1,1.36277028773849,FALSE,TRUE,FALSE,0.1
25,"diff_coffs(2,11)",0.1,0,4,0,FALSE,"diff_coffs","diff_coffs",2,11,NA,NA,0.1,0,TRUE,NA,25,25,0.116198986994165,"mean_preserving_scaled_beta","bounded_natural",0.01,0.1,1.61989869941649,0.1,1.36277028773849,FALSE,TRUE,FALSE,0.1
26,"diff_coffs(2,12)",0.1,0,4,0,FALSE,"diff_coffs","diff_coffs",2,12,NA,NA,0.1,0,TRUE,NA,26,26,0.0926554301228051,"mean_preserving_scaled_beta","bounded_natural",0.01,0.1,-0.734456987719495,0.1,1.36277028773849,FALSE,TRUE,FALSE,0.1
27,"diff_coffs(2,13)",0.1,0,4,0,FALSE,"diff_coffs","diff_coffs",2,13,NA,NA,0.1,0,TRUE,NA,27,27,0.101904712613652,"mean_preserving_scaled_beta","bounded_natural",0.01,0.1,0.190471261365197,0.1,1.36277028773849,FALSE,TRUE,FALSE,0.1
28,"diff_coffs(2,14)",0.1,0,4,0,FALSE,"diff_coffs","diff_coffs",2,14,NA,NA,0.1,0,TRUE,NA,28,28,0.0938472533622276,"mean_preserving_scaled_beta","bounded_natural",0.01,0.1,-0.615274663777242,0.1,1.36277028773849,FALSE,TRUE,FALSE,0.1
29,"diff_coffs(3,1)",0.1,0,4,0,FALSE,"diff_coffs","diff_coffs",3,1,NA,NA,0.1,0,TRUE,NA,29,29,0.101117164922228,"mean_preserving_scaled_beta","bounded_natural",0.01,0.1,0.111716492222781,0.1,1.36277028773849,FALSE,TRUE,FALSE,0.1
30,"diff_coffs(3,2)",0.1,0,4,0,FALSE,"diff_coffs","diff_coffs",3,2,NA,NA,0.1,0,TRUE,NA,30,30,0.0871375018765915,"mean_preserving_scaled_beta","bounded_natural",0.01,0.1,-1.28624981234085,0.1,1.36277028773849,FALSE,TRUE,FALSE,0.1
31,"diff_coffs(3,3)",0.1,0,4,0,FALSE,"diff_coffs","diff_coffs",3,3,NA,NA,0.1,0,TRUE,NA,31,31,0.0977348132053051,"mean_preserving_scaled_beta","bounded_natural",0.01,0.1,-0.226518679469495,0.1,1.36277028773849,FALSE,TRUE,FALSE,0.1
32,"diff_coffs(3,4)",0.1,0,4,0,FALSE,"diff_coffs","diff_coffs",3,4,NA,NA,0.1,0,TRUE,NA,32,32,0.102030609448182,"mean_preserving_scaled_beta","bounded_natural",0.01,0.1,0.203060944818149,0.1,1.36277028773849,FALSE,TRUE,FALSE,0.1
33,"diff_coffs(3,5)",0.1,0,4,0,FALSE,"diff_coffs","diff_coffs",3,5,NA,NA,0.1,0,TRUE,NA,33,33,0.117237879819357,"mean_preserving_scaled_beta","bounded_natural",0.01,0.1,1.72378798193575,0.1,1.36277028773849,FALSE,TRUE,FALSE,0.1
34,"diff_coffs(3,6)",0.1,0,4,0,FALSE,"diff_coffs","diff_coffs",3,6,NA,NA,0.1,0,TRUE,NA,34,34,0.0848195078971854,"mean_preserving_scaled_beta","bounded_natural",0.01,0.1,-1.51804921028146,0.1,1.36277028773849,FALSE,TRUE,FALSE,0.1
35,"diff_coffs(3,7)",0.1,0,4,0,FALSE,"diff_coffs","diff_coffs",3,7,NA,NA,0.1,0,TRUE,NA,35,35,0.110578631381559,"mean_preserving_scaled_beta","bounded_natural",0.01,0.1,1.05786313815592,0.1,1.36277028773849,FALSE,TRUE,FALSE,0.1
36,"diff_coffs(3,8)",0.1,0,4,0,FALSE,"diff_coffs","diff_coffs",3,8,NA,NA,0.1,0,TRUE,NA,36,36,0.102675072711793,"mean_preserving_scaled_beta","bounded_natural",0.01,0.1,0.267507271179336,0.1,1.36277028773849,FALSE,TRUE,FALSE,0.1
37,"diff_coffs(3,9)",0.1,0,4,0,FALSE,"diff_coffs","diff_coffs",3,9,NA,NA,0.1,0,TRUE,NA,37,37,0.113146595328724,"mean_preserving_scaled_beta","bounded_natural",0.01,0.1,1.31465953287239,0.1,1.36277028773849,FALSE,TRUE,FALSE,0.1
38,"diff_coffs(3,10)",0.1,0,4,0,FALSE,"diff_coffs","diff_coffs",3,10,NA,NA,0.1,0,TRUE,NA,38,38,0.111761296654101,"mean_preserving_scaled_beta","bounded_natural",0.01,0.1,1.1761296654101,0.1,1.36277028773849,FALSE,TRUE,FALSE,0.1
39,"diff_coffs(3,11)",0.1,0,4,0,FALSE,"diff_coffs","diff_coffs",3,11,NA,NA,0.1,0,TRUE,NA,39,39,0.0889955279351649,"mean_preserving_scaled_beta","bounded_natural",0.01,0.1,-1.10044720648352,0.1,1.36277028773849,FALSE,TRUE,FALSE,0.1
40,"diff_coffs(3,12)",0.1,0,4,0,FALSE,"diff_coffs","diff_coffs",3,12,NA,NA,0.1,0,TRUE,NA,40,40,0.0863274079233917,"mean_preserving_scaled_beta","bounded_natural",0.01,0.1,-1.36725920766083,0.1,1.36277028773849,FALSE,TRUE,FALSE,0.1
41,"diff_coffs(3,13)",0.1,0,4,0,FALSE,"diff_coffs","diff_coffs",3,13,NA,NA,0.1,0,TRUE,NA,41,41,0.0813154165493199,"mean_preserving_scaled_beta","bounded_natural",0.01,0.1,-1.86845834506801,0.1,1.36277028773849,FALSE,TRUE,FALSE,0.1
42,"diff_coffs(3,14)",0.1,0,4,0,FALSE,"diff_coffs","diff_coffs",3,14,NA,NA,0.1,0,TRUE,NA,42,42,0.101050033735454,"mean_preserving_scaled_beta","bounded_natural",0.01,0.1,0.105003373545402,0.1,1.36277028773849,FALSE,TRUE,FALSE,0.1
43,"diff_coffs(4,1)",0.1,0,4,0,FALSE,"diff_coffs","diff_coffs",4,1,NA,NA,0.1,0,TRUE,NA,43,43,0.0997501038859713,"mean_preserving_scaled_beta","bounded_natural",0.01,0.1,-0.0249896114028716,0.1,1.36277028773849,FALSE,TRUE,FALSE,0.1
44,"diff_coffs(4,2)",0.1,0,4,0,FALSE,"diff_coffs","diff_coffs",4,2,NA,NA,0.1,0,TRUE,NA,44,44,0.106049667520456,"mean_preserving_scaled_beta","bounded_natural",0.01,0.1,0.604966752045632,0.1,1.36277028773849,FALSE,TRUE,FALSE,0.1
45,"diff_coffs(4,3)",0.1,0,4,0,FALSE,"diff_coffs","diff_coffs",4,3,NA,NA,0.1,0,TRUE,NA,45,45,0.0974297721637892,"mean_preserving_scaled_beta","bounded_natural",0.01,0.1,-0.257022783621082,0.1,1.36277028773849,FALSE,TRUE,FALSE,0.1
46,"diff_coffs(4,4)",0.1,0,4,0,FALSE,"diff_coffs","diff_coffs",4,4,NA,NA,0.1,0,TRUE,NA,46,46,0.116495231777191,"mean_preserving_scaled_beta","bounded_natural",0.01,0.1,1.64952317771906,0.1,1.36277028773849,FALSE,TRUE,FALSE,0.1
47,"diff_coffs(4,5)",0.1,0,4,0,FALSE,"diff_coffs","diff_coffs",4,5,NA,NA,0.1,0,TRUE,NA,47,47,0.0973311316567816,"mean_preserving_scaled_beta","bounded_natural",0.01,0.1,-0.266886834321839,0.1,1.36277028773849,FALSE,TRUE,FALSE,0.1
48,"diff_coffs(4,6)",0.1,0,4,0,FALSE,"diff_coffs","diff_coffs",4,6,NA,NA,0.1,0,TRUE,NA,48,48,0.108436417386296,"mean_preserving_scaled_beta","bounded_natural",0.01,0.1,0.843641738629594,0.1,1.36277028773849,FALSE,TRUE,FALSE,0.1
49,"diff_coffs(4,7)",0.1,0,4,0,FALSE,"diff_coffs","diff_coffs",4,7,NA,NA,0.1,0,TRUE,NA,49,49,0.115851607248501,"mean_preserving_scaled_beta","bounded_natural",0.01,0.1,1.58516072485013,0.1,1.36277028773849,FALSE,TRUE,FALSE,0.1
50,"diff_coffs(4,8)",0.1,0,4,0,FALSE,"diff_coffs","diff_coffs",4,8,NA,NA,0.1,0,TRUE,NA,50,50,0.0905244838140141,"mean_preserving_scaled_beta","bounded_natural",0.01,0.1,-0.947551618598589,0.1,1.36277028773849,FALSE,TRUE,FALSE,0.1
51,"diff_coffs(4,9)",0.1,0,4,0,FALSE,"diff_coffs","diff_coffs",4,9,NA,NA,0.1,0,TRUE,NA,51,51,0.0937320054185874,"mean_preserving_scaled_beta","bounded_natural",0.01,0.1,-0.62679945814126,0.1,1.36277028773849,FALSE,TRUE,FALSE,0.1
52,"diff_coffs(4,10)",0.1,0,4,0,FALSE,"diff_coffs","diff_coffs",4,10,NA,NA,0.1,0,TRUE,NA,52,52,0.10319581053001,"mean_preserving_scaled_beta","bounded_natural",0.01,0.1,0.319581053001001,0.1,1.36277028773849,FALSE,TRUE,FALSE,0.1
53,"diff_coffs(4,11)",0.1,0,4,0,FALSE,"diff_coffs","diff_coffs",4,11,NA,NA,0.1,0,TRUE,NA,53,53,0.112112928847903,"mean_preserving_scaled_beta","bounded_natural",0.01,0.1,1.21129288479029,0.1,1.36277028773849,FALSE,TRUE,FALSE,0.1
54,"diff_coffs(4,12)",0.1,0,4,0,FALSE,"diff_coffs","diff_coffs",4,12,NA,NA,0.1,0,TRUE,NA,54,54,0.111855756288023,"mean_preserving_scaled_beta","bounded_natural",0.01,0.1,1.18557562880227,0.1,1.36277028773849,FALSE,TRUE,FALSE,0.1
55,"diff_coffs(4,13)",0.1,0,4,0,FALSE,"diff_coffs","diff_coffs",4,13,NA,NA,0.1,0,TRUE,NA,55,55,0.0955756678103012,"mean_preserving_scaled_beta","bounded_natural",0.01,0.1,-0.442433218969884,0.1,1.36277028773849,FALSE,TRUE,FALSE,0.1
56,"diff_coffs(4,14)",0.1,0,4,0,FALSE,"diff_coffs","diff_coffs",4,14,NA,NA,0.1,0,TRUE,NA,56,56,0.0999751675485012,"mean_preserving_scaled_beta","bounded_natural",0.01,0.1,-0.00248324514988546,0.1,1.36277028773849,FALSE,TRUE,FALSE,0.1
57,"region_rec_diffs(1,1)",0,-3,3,0,FALSE,"regional_recruitment_variation","region_rec_var",1,NA,NA,NA,0,0,TRUE,NA,57,57,-0.0249985117918903,"mean_preserving_scaled_beta","bounded_natural",0.06,0,-0.416641863198171,0.1,3.53553390593274,FALSE,TRUE,FALSE,0.1
58,"region_rec_diffs(1,2)",0,-3,3,0,FALSE,"regional_recruitment_variation","region_rec_var",2,NA,NA,NA,0,0,TRUE,NA,58,58,0.00270174902282427,"mean_preserving_scaled_beta","bounded_natural",0.06,0,0.0450291503804046,0.1,3.53553390593274,FALSE,TRUE,FALSE,0.1
59,"region_rec_diffs(1,3)",0,-3,3,0,FALSE,"regional_recruitment_variation","region_rec_var",3,NA,NA,NA,0,0,TRUE,NA,59,59,0.142475721698354,"mean_preserving_scaled_beta","bounded_natural",0.06,0,2.37459536163923,0.1,3.53553390593274,FALSE,TRUE,FALSE,0.1
60,"region_rec_diffs(1,4)",0,-3,3,0,FALSE,"regional_recruitment_variation","region_rec_var",4,NA,NA,NA,0,0,TRUE,NA,60,60,-0.0789796197320731,"mean_preserving_scaled_beta","bounded_natural",0.06,0,-1.31632699553455,0.1,3.53553390593274,FALSE,TRUE,FALSE,0.1
61,"region_rec_diffs(1,5)",0,-3,3,0,FALSE,"regional_recruitment_variation","region_rec_var",5,NA,NA,NA,0,0,TRUE,NA,61,61,-0.0685179116628571,"mean_preserving_scaled_beta","bounded_natural",0.06,0,-1.14196519438095,0.1,3.53553390593274,FALSE,TRUE,FALSE,0.1
62,"region_rec_diffs(1,6)",0,-3,3,0,FALSE,"regional_recruitment_variation","region_rec_var",6,NA,NA,NA,0,0,TRUE,NA,62,62,-0.0975180017450121,"mean_preserving_scaled_beta","bounded_natural",0.06,0,-1.62530002908354,0.1,3.53553390593274,FALSE,TRUE,FALSE,0.1
63,"region_rec_diffs(1,7)",0,-3,3,0,FALSE,"regional_recruitment_variation","region_rec_var",7,NA,NA,NA,0,0,TRUE,NA,63,63,0.0518635238301952,"mean_preserving_scaled_beta","bounded_natural",0.06,0,0.864392063836587,0.1,3.53553390593274,FALSE,TRUE,FALSE,0.1
64,"region_rec_diffs(1,8)",0,-3,3,0,FALSE,"regional_recruitment_variation","region_rec_var",8,NA,NA,NA,0,0,TRUE,NA,64,64,-0.0876256061961587,"mean_preserving_scaled_beta","bounded_natural",0.06,0,-1.46042676993598,0.1,3.53553390593274,FALSE,TRUE,FALSE,0.1
65,"region_rec_diffs(1,9)",0,-3,3,0,FALSE,"regional_recruitment_variation","region_rec_var",9,NA,NA,NA,0,0,TRUE,NA,65,65,0.0503367969335917,"mean_preserving_scaled_beta","bounded_natural",0.06,0,0.838946615559862,0.1,3.53553390593274,FALSE,TRUE,FALSE,0.1
66,"region_rec_diffs(1,10)",0,-3,3,0,FALSE,"regional_recruitment_variation","region_rec_var",10,NA,NA,NA,0,0,TRUE,NA,66,66,-0.0293569724357052,"mean_preserving_scaled_beta","bounded_natural",0.06,0,-0.48928287392842,0.1,3.53553390593274,FALSE,TRUE,FALSE,0.1
67,"region_rec_diffs(1,11)",0,-3,3,0,FALSE,"regional_recruitment_variation","region_rec_var",11,NA,NA,NA,0,0,TRUE,NA,67,67,-0.00898469407107738,"mean_preserving_scaled_beta","bounded_natural",0.06,0,-0.149744901184623,0.1,3.53553390593274,FALSE,TRUE,FALSE,0.1
68,"region_rec_diffs(1,12)",0,-3,3,0,FALSE,"regional_recruitment_variation","region_rec_var",12,NA,NA,NA,0,0,TRUE,NA,68,68,0.0732101431054772,"mean_preserving_scaled_beta","bounded_natural",0.06,0,1.22016905175795,0.1,3.53553390593274,FALSE,TRUE,FALSE,0.1
69,"region_rec_diffs(1,13)",0,-3,3,0,FALSE,"regional_recruitment_variation","region_rec_var",13,NA,NA,NA,0,0,TRUE,NA,69,69,0.00047207786107295,"mean_preserving_scaled_beta","bounded_natural",0.06,0,0.00786796435121584,0.1,3.53553390593274,FALSE,TRUE,FALSE,0.1
70,"region_rec_diffs(1,14)",0,-3,3,0,FALSE,"regional_recruitment_variation","region_rec_var",14,NA,NA,NA,0,0,TRUE,NA,70,70,0.0295988938685756,"mean_preserving_scaled_beta","bounded_natural",0.06,0,0.493314897809593,0.1,3.53553390593274,FALSE,TRUE,FALSE,0.1
71,"region_rec_diffs(1,15)",0,-3,3,0,FALSE,"regional_recruitment_variation","region_rec_var",15,NA,NA,NA,0,0,TRUE,NA,71,71,-0.100836889628257,"mean_preserving_scaled_beta","bounded_natural",0.06,0,-1.68061482713761,0.1,3.53553390593274,FALSE,TRUE,FALSE,0.1
72,"region_rec_diffs(1,16)",0,-3,3,0,FALSE,"regional_recruitment_variation","region_rec_var",16,NA,NA,NA,0,0,TRUE,NA,72,72,-0.0328015441963969,"mean_preserving_scaled_beta","bounded_natural",0.06,0,-0.546692403273282,0.1,3.53553390593274,FALSE,TRUE,FALSE,0.1
73,"region_rec_diffs(1,17)",0,-3,3,0,FALSE,"regional_recruitment_variation","region_rec_var",17,NA,NA,NA,0,0,TRUE,NA,73,73,0.000745798601341718,"mean_preserving_scaled_beta","bounded_natural",0.06,0,0.0124299766890286,0.1,3.53553390593274,FALSE,TRUE,FALSE,0.1
74,"region_rec_diffs(1,18)",0,-3,3,0,FALSE,"regional_recruitment_variation","region_rec_var",18,NA,NA,NA,0,0,TRUE,NA,74,74,0.0433392209588517,"mean_preserving_scaled_beta","bounded_natural",0.06,0,0.722320349314194,0.1,3.53553390593274,FALSE,TRUE,FALSE,0.1
75,"region_rec_diffs(1,19)",0,-3,3,0,FALSE,"regional_recruitment_variation","region_rec_var",19,NA,NA,NA,0,0,TRUE,NA,75,75,0.0315569865348202,"mean_preserving_scaled_beta","bounded_natural",0.06,0,0.525949775580337,0.1,3.53553390593274,FALSE,TRUE,FALSE,0.1
76,"region_rec_diffs(1,20)",0,-3,3,0,FALSE,"regional_recruitment_variation","region_rec_var",20,NA,NA,NA,0,0,TRUE,NA,76,76,0.0360667821794038,"mean_preserving_scaled_beta","bounded_natural",0.06,0,0.601113036323397,0.1,3.53553390593274,FALSE,TRUE,FALSE,0.1
77,"region_rec_diffs(1,21)",0,-3,3,0,FALSE,"regional_recruitment_variation","region_rec_var",21,NA,NA,NA,0,0,TRUE,NA,77,77,-0.037813583493902,"mean_preserving_scaled_beta","bounded_natural",0.06,0,-0.630226391565033,0.1,3.53553390593274,FALSE,TRUE,FALSE,0.1
78,"region_rec_diffs(1,22)",0,-3,3,0,FALSE,"regional_recruitment_variation","region_rec_var",22,NA,NA,NA,0,0,TRUE,NA,78,78,-0.0398231457798972,"mean_preserving_scaled_beta","bounded_natural",0.06,0,-0.66371909633162,0.1,3.53553390593274,FALSE,TRUE,FALSE,0.1
79,"region_rec_diffs(1,23)",0,-3,3,0,FALSE,"regional_recruitment_variation","region_rec_var",23,NA,NA,NA,0,0,TRUE,NA,79,79,0.0362163153043937,"mean_preserving_scaled_beta","bounded_natural",0.06,0,0.603605255073229,0.1,3.53553390593274,FALSE,TRUE,FALSE,0.1
80,"region_rec_diffs(1,24)",0,-3,3,0,FALSE,"regional_recruitment_variation","region_rec_var",24,NA,NA,NA,0,0,TRUE,NA,80,80,-0.0094719892647146,"mean_preserving_scaled_beta","bounded_natural",0.06,0,-0.157866487745243,0.1,3.53553390593274,FALSE,TRUE,FALSE,0.1
81,"region_rec_diffs(1,25)",0,-3,3,0,FALSE,"regional_recruitment_variation","region_rec_var",25,NA,NA,NA,0,0,TRUE,NA,81,81,0.0441388698200926,"mean_preserving_scaled_beta","bounded_natural",0.06,0,0.735647830334877,0.1,3.53553390593274,FALSE,TRUE,FALSE,0.1
82,"region_rec_diffs(1,26)",0,-3,3,0,FALSE,"regional_recruitment_variation","region_rec_var",26,NA,NA,NA,0,0,TRUE,NA,82,82,-0.00328583484732015,"mean_preserving_scaled_beta","bounded_natural",0.06,0,-0.0547639141220024,0.1,3.53553390593274,FALSE,TRUE,FALSE,0.1
83,"region_rec_diffs(1,27)",0,-3,3,0,FALSE,"regional_recruitment_variation","region_rec_var",27,NA,NA,NA,0,0,TRUE,NA,83,83,-0.029663880682675,"mean_preserving_scaled_beta","bounded_natural",0.06,0,-0.494398011377917,0.1,3.53553390593274,FALSE,TRUE,FALSE,0.1
84,"region_rec_diffs(1,28)",0,-3,3,0,FALSE,"regional_recruitment_variation","region_rec_var",28,NA,NA,NA,0,0,TRUE,NA,84,84,-0.0191863181924341,"mean_preserving_scaled_beta","bounded_natural",0.06,0,-0.319771969873902,0.1,3.53553390593274,FALSE,TRUE,FALSE,0.1
85,"region_rec_diffs(1,29)",0,-3,3,0,FALSE,"regional_recruitment_variation","region_rec_var",29,NA,NA,NA,0,0,TRUE,NA,85,85,0.0980576584573045,"mean_preserving_scaled_beta","bounded_natural",0.06,0,1.63429430762174,0.1,3.53553390593274,FALSE,TRUE,FALSE,0.1
86,"region_rec_diffs(1,30)",0,-3,3,0,FALSE,"regional_recruitment_variation","region_rec_var",30,NA,NA,NA,0,0,TRUE,NA,86,86,0.0397327357092569,"mean_preserving_scaled_beta","bounded_natural",0.06,0,0.662212261820949,0.1,3.53553390593274,FALSE,TRUE,FALSE,0.1
87,"region_rec_diffs(1,31)",0,-3,3,0,FALSE,"regional_recruitment_variation","region_rec_var",31,NA,NA,NA,0,0,TRUE,NA,87,87,0.0249232579903342,"mean_preserving_scaled_beta","bounded_natural",0.06,0,0.415387633172237,0.1,3.53553390593274,FALSE,TRUE,FALSE,0.1
88,"region_rec_diffs(1,32)",0,-3,3,0,FALSE,"regional_recruitment_variation","region_rec_var",32,NA,NA,NA,0,0,TRUE,NA,88,88,0.0035209019172564,"mean_preserving_scaled_beta","bounded_natural",0.06,0,0.05868169862094,0.1,3.53553390593274,FALSE,TRUE,FALSE,0.1
89,"region_rec_diffs(1,33)",0,-3,3,0,FALSE,"regional_recruitment_variation","region_rec_var",33,NA,NA,NA,0,0,TRUE,NA,89,89,-0.0593306223540209,"mean_preserving_scaled_beta","bounded_natural",0.06,0,-0.988843705900348,0.1,3.53553390593274,FALSE,TRUE,FALSE,0.1
90,"region_rec_diffs(1,34)",0,-3,3,0,FALSE,"regional_recruitment_variation","region_rec_var",34,NA,NA,NA,0,0,TRUE,NA,90,90,-0.0250842179789008,"mean_preserving_scaled_beta","bounded_natural",0.06,0,-0.418070299648347,0.1,3.53553390593274,FALSE,TRUE,FALSE,0.1
91,"region_rec_diffs(1,35)",0,-3,3,0,FALSE,"regional_recruitment_variation","region_rec_var",35,NA,NA,NA,0,0,TRUE,NA,91,91,0.0430503281261978,"mean_preserving_scaled_beta","bounded_natural",0.06,0,0.717505468769963,0.1,3.53553390593274,FALSE,TRUE,FALSE,0.1
92,"region_rec_diffs(1,36)",0,-3,3,0,FALSE,"regional_recruitment_variation","region_rec_var",36,NA,NA,NA,0,0,TRUE,NA,92,92,0.0881844564819283,"mean_preserving_scaled_beta","bounded_natural",0.06,0,1.46974094136547,0.1,3.53553390593274,FALSE,TRUE,FALSE,0.1
93,"region_rec_diffs(1,37)",0,-3,3,0,FALSE,"regional_recruitment_variation","region_rec_var",37,NA,NA,NA,0,0,TRUE,NA,93,93,-0.0251192496409289,"mean_preserving_scaled_beta","bounded_natural",0.06,0,-0.418654160682149,0.1,3.53553390593274,FALSE,TRUE,FALSE,0.1
94,"region_rec_diffs(1,38)",0,-3,3,0,FALSE,"regional_recruitment_variation","region_rec_var",38,NA,NA,NA,0,0,TRUE,NA,94,94,-0.00589914793005653,"mean_preserving_scaled_beta","bounded_natural",0.06,0,-0.0983191321676087,0.1,3.53553390593274,FALSE,TRUE,FALSE,0.1
95,"region_rec_diffs(1,39)",0,-3,3,0,FALSE,"regional_recruitment_variation","region_rec_var",39,NA,NA,NA,0,0,TRUE,NA,95,95,0.0982460870583228,"mean_preserving_scaled_beta","bounded_natural",0.06,0,1.63743478430538,0.1,3.53553390593274,FALSE,TRUE,FALSE,0.1
96,"region_rec_diffs(1,40)",0,-3,3,0,FALSE,"regional_recruitment_variation","region_rec_var",40,NA,NA,NA,0,0,TRUE,NA,96,96,0.0448229081206017,"mean_preserving_scaled_beta","bounded_natural",0.06,0,0.747048468676696,0.1,3.53553390593274,FALSE,TRUE,FALSE,0.1
97,"region_rec_diffs(1,41)",0,-3,3,0,FALSE,"regional_recruitment_variation","region_rec_var",41,NA,NA,NA,0,0,TRUE,NA,97,97,0.0249473537783844,"mean_preserving_scaled_beta","bounded_natural",0.06,0,0.41578922963974,0.1,3.53553390593274,FALSE,TRUE,FALSE,0.1
98,"region_rec_diffs(1,42)",0,-3,3,0,FALSE,"regional_recruitment_variation","region_rec_var",42,NA,NA,NA,0,0,TRUE,NA,98,98,-0.0209717749590377,"mean_preserving_scaled_beta","bounded_natural",0.06,0,-0.349529582650628,0.1,3.53553390593274,FALSE,TRUE,FALSE,0.1
99,"region_rec_diffs(1,43)",0,-3,3,0,FALSE,"regional_recruitment_variation","region_rec_var",43,NA,NA,NA,0,0,TRUE,NA,99,99,0.0352629573570047,"mean_preserving_scaled_beta","bounded_natural",0.06,0,0.587715955950078,0.1,3.53553390593274,FALSE,TRUE,FALSE,0.1
100,"region_rec_diffs(1,44)",0,-3,3,0,FALSE,"regional_recruitment_variation","region_rec_var",44,NA,NA,NA,0,0,TRUE,NA,100,100,-0.0632637861161789,"mean_preserving_scaled_beta","bounded_natural",0.06,0,-1.05439643526965,0.1,3.53553390593274,FALSE,TRUE,FALSE,0.1
101,"region_rec_diffs(1,45)",0,-3,3,0,FALSE,"regional_recruitment_variation","region_rec_var",45,NA,NA,NA,0,0,TRUE,NA,101,101,0.0132723004819546,"mean_preserving_scaled_beta","bounded_natural",0.06,0,0.221205008032577,0.1,3.53553390593274,FALSE,TRUE,FALSE,0.1
102,"region_rec_diffs(1,46)",0,-3,3,0,FALSE,"regional_recruitment_variation","region_rec_var",46,NA,NA,NA,0,0,TRUE,NA,102,102,-0.010666404094307,"mean_preserving_scaled_beta","bounded_natural",0.06,0,-0.177773401571783,0.1,3.53553390593274,FALSE,TRUE,FALSE,0.1
103,"region_rec_diffs(1,47)",0,-3,3,0,FALSE,"regional_recruitment_variation","region_rec_var",47,NA,NA,NA,0,0,TRUE,NA,103,103,-0.0890495003731644,"mean_preserving_scaled_beta","bounded_natural",0.06,0,-1.48415833955274,0.1,3.53553390593274,FALSE,TRUE,FALSE,0.1
104,"region_rec_diffs(1,48)",0,-3,3,0,FALSE,"regional_recruitment_variation","region_rec_var",48,NA,NA,NA,0,0,TRUE,NA,104,104,0.0326852978087615,"mean_preserving_scaled_beta","bounded_natural",0.06,0,0.544754963479358,0.1,3.53553390593274,FALSE,TRUE,FALSE,0.1
105,"region_rec_diffs(1,49)",0,-3,3,0,FALSE,"regional_recruitment_variation","region_rec_var",49,NA,NA,NA,0,0,TRUE,NA,105,105,-0.00263986871610111,"mean_preserving_scaled_beta","bounded_natural",0.06,0,-0.0439978119350185,0.1,3.53553390593274,FALSE,TRUE,FALSE,0.1
106,"region_rec_diffs(1,50)",0,-3,3,0,FALSE,"regional_recruitment_variation","region_rec_var",50,NA,NA,NA,0,0,TRUE,NA,106,106,-0.0149969052686085,"mean_preserving_scaled_beta","bounded_natural",0.06,0,-0.249948421143475,0.1,3.53553390593274,FALSE,TRUE,FALSE,0.1
107,"region_rec_diffs(1,51)",0,-3,3,0,FALSE,"regional_recruitment_variation","region_rec_var",51,NA,NA,NA,0,0,TRUE,NA,107,107,-0.00473429729592301,"mean_preserving_scaled_beta","bounded_natural",0.06,0,-0.0789049549320501,0.1,3.53553390593274,FALSE,TRUE,FALSE,0.1
108,"region_rec_diffs(1,52)",0,-3,3,0,FALSE,"regional_recruitment_variation","region_rec_var",52,NA,NA,NA,0,0,TRUE,NA,108,108,-0.0810150031515544,"mean_preserving_scaled_beta","bounded_natural",0.06,0,-1.35025005252591,0.1,3.53553390593274,FALSE,TRUE,FALSE,0.1
109,"region_rec_diffs(1,53)",0,-3,3,0,FALSE,"regional_recruitment_variation","region_rec_var",53,NA,NA,NA,0,0,TRUE,NA,109,109,0.00192726030033974,"mean_preserving_scaled_beta","bounded_natural",0.06,0,0.0321210050056623,0.1,3.53553390593274,FALSE,TRUE,FALSE,0.1
110,"region_rec_diffs(1,54)",0,-3,3,0,FALSE,"regional_recruitment_variation","region_rec_var",54,NA,NA,NA,0,0,TRUE,NA,110,110,0.090828841474432,"mean_preserving_scaled_beta","bounded_natural",0.06,0,1.51381402457387,0.1,3.53553390593274,FALSE,TRUE,FALSE,0.1
111,"region_rec_diffs(1,55)",0,-3,3,0,FALSE,"regional_recruitment_variation","region_rec_var",55,NA,NA,NA,0,0,TRUE,NA,111,111,0.0174116598326322,"mean_preserving_scaled_beta","bounded_natural",0.06,0,0.290194330543869,0.1,3.53553390593274,FALSE,TRUE,FALSE,0.1
112,"region_rec_diffs(1,56)",0,-3,3,0,FALSE,"regional_recruitment_variation","region_rec_var",56,NA,NA,NA,0,0,TRUE,NA,112,112,-0.014064247963856,"mean_preserving_scaled_beta","bounded_natural",0.06,0,-0.234404132730933,0.1,3.53553390593274,FALSE,TRUE,FALSE,0.1
113,"region_rec_diffs(1,57)",0,-3,3,0,FALSE,"regional_recruitment_variation","region_rec_var",57,NA,NA,NA,0,0,TRUE,NA,113,113,0.0482754405921275,"mean_preserving_scaled_beta","bounded_natural",0.06,0,0.804590676535458,0.1,3.53553390593274,FALSE,TRUE,FALSE,0.1
114,"region_rec_diffs(1,58)",0,-3,3,0,FALSE,"regional_recruitment_variation","region_rec_var",58,NA,NA,NA,0,0,TRUE,NA,114,114,0.0487627754051827,"mean_preserving_scaled_beta","bounded_natural",0.06,0,0.812712923419712,0.1,3.53553390593274,FALSE,TRUE,FALSE,0.1
115,"region_rec_diffs(1,59)",0,-3,3,0,FALSE,"regional_recruitment_variation","region_rec_var",59,NA,NA,NA,0,0,TRUE,NA,115,115,-0.0670095242499409,"mean_preserving_scaled_beta","bounded_natural",0.06,0,-1.11682540416568,0.1,3.53553390593274,FALSE,TRUE,FALSE,0.1
116,"region_rec_diffs(1,60)",0,-3,3,0,FALSE,"regional_recruitment_variation","region_rec_var",60,NA,NA,NA,0,0,TRUE,NA,116,116,0.0130081421084176,"mean_preserving_scaled_beta","bounded_natural",0.06,0,0.216802368473627,0.1,3.53553390593274,FALSE,TRUE,FALSE,0.1
117,"region_rec_diffs(1,61)",0,-3,3,0,FALSE,"regional_recruitment_variation","region_rec_var",61,NA,NA,NA,0,0,TRUE,NA,117,117,0.114081837364045,"mean_preserving_scaled_beta","bounded_natural",0.06,0,1.90136395606742,0.1,3.53553390593274,FALSE,TRUE,FALSE,0.1
118,"region_rec_diffs(1,62)",0,-3,3,0,FALSE,"regional_recruitment_variation","region_rec_var",62,NA,NA,NA,0,0,TRUE,NA,118,118,0.060214401972237,"mean_preserving_scaled_beta","bounded_natural",0.06,0,1.00357336620395,0.1,3.53553390593274,FALSE,TRUE,FALSE,0.1
119,"region_rec_diffs(1,63)",0,-3,3,0,FALSE,"regional_recruitment_variation","region_rec_var",63,NA,NA,NA,0,0,TRUE,NA,119,119,0.0701402543838632,"mean_preserving_scaled_beta","bounded_natural",0.06,0,1.16900423973105,0.1,3.53553390593274,FALSE,TRUE,FALSE,0.1
120,"region_rec_diffs(1,64)",0,-3,3,0,FALSE,"regional_recruitment_variation","region_rec_var",64,NA,NA,NA,0,0,TRUE,NA,120,120,0.0253973047713787,"mean_preserving_scaled_beta","bounded_natural",0.06,0,0.423288412856311,0.1,3.53553390593274,FALSE,TRUE,FALSE,0.1
121,"region_rec_diffs(1,65)",0,-3,3,0,FALSE,"regional_recruitment_variation","region_rec_var",65,NA,NA,NA,0,0,TRUE,NA,121,121,0.0285124203387159,"mean_preserving_scaled_beta","bounded_natural",0.06,0,0.475207005645265,0.1,3.53553390593274,FALSE,TRUE,FALSE,0.1
122,"region_rec_diffs(1,66)",0,-3,3,0,FALSE,"regional_recruitment_variation","region_rec_var",66,NA,NA,NA,0,0,TRUE,NA,122,122,0.066012130962009,"mean_preserving_scaled_beta","bounded_natural",0.06,0,1.10020218270015,0.1,3.53553390593274,FALSE,TRUE,FALSE,0.1
123,"region_rec_diffs(1,67)",0,-3,3,0,FALSE,"regional_recruitment_variation","region_rec_var",67,NA,NA,NA,0,0,TRUE,NA,123,123,0.0175251251762929,"mean_preserving_scaled_beta","bounded_natural",0.06,0,0.292085419604882,0.1,3.53553390593274,FALSE,TRUE,FALSE,0.1
124,"region_rec_diffs(1,68)",0,-3,3,0,FALSE,"regional_recruitment_variation","region_rec_var",68,NA,NA,NA,0,0,TRUE,NA,124,124,0.0532419060626719,"mean_preserving_scaled_beta","bounded_natural",0.06,0,0.887365101044531,0.1,3.53553390593274,FALSE,TRUE,FALSE,0.1
125,"region_rec_diffs(1,69)",0,-3,3,0,FALSE,"regional_recruitment_variation","region_rec_var",69,NA,NA,NA,0,0,TRUE,NA,125,125,-0.0339319955207049,"mean_preserving_scaled_beta","bounded_natural",0.06,0,-0.565533258678415,0.1,3.53553390593274,FALSE,TRUE,FALSE,0.1
126,"region_rec_diffs(1,70)",0,-3,3,0,FALSE,"regional_recruitment_variation","region_rec_var",70,NA,NA,NA,0,0,TRUE,NA,126,126,0.0409197718055183,"mean_preserving_scaled_beta","bounded_natural",0.06,0,0.681996196758638,0.1,3.53553390593274,FALSE,TRUE,FALSE,0.1
127,"region_rec_diffs(1,71)",0,-3,3,0,FALSE,"regional_recruitment_variation","region_rec_var",71,NA,NA,NA,0,0,TRUE,NA,127,127,-0.0160726095018737,"mean_preserving_scaled_beta","bounded_natural",0.06,0,-0.267876825031229,0.1,3.53553390593274,FALSE,TRUE,FALSE,0.1
128,"region_rec_diffs(1,72)",0,-3,3,0,FALSE,"regional_recruitment_variation","region_rec_var",72,NA,NA,NA,0,0,TRUE,NA,128,128,-0.0222715864488801,"mean_preserving_scaled_beta","bounded_natural",0.06,0,-0.371193107481334,0.1,3.53553390593274,FALSE,TRUE,FALSE,0.1
129,"region_rec_diffs(1,73)",0,-3,3,0,FALSE,"regional_recruitment_variation","region_rec_var",73,NA,NA,NA,0,0,TRUE,NA,129,129,-0.0596764849016358,"mean_preserving_scaled_beta","bounded_natural",0.06,0,-0.99460808169393,0.1,3.53553390593274,FALSE,TRUE,FALSE,0.1
130,"region_rec_diffs(1,74)",0,-3,3,0,FALSE,"regional_recruitment_variation","region_rec_var",74,NA,NA,NA,0,0,TRUE,NA,130,130,-0.149604027666216,"mean_preserving_scaled_beta","bounded_natural",0.06,0,-2.49340046110359,0.1,3.53553390593274,FALSE,TRUE,FALSE,0.1
131,"region_rec_diffs(1,75)",0,-3,3,0,FALSE,"regional_recruitment_variation","region_rec_var",75,NA,NA,NA,0,0,TRUE,NA,131,131,-0.0570621442511561,"mean_preserving_scaled_beta","bounded_natural",0.06,0,-0.951035737519268,0.1,3.53553390593274,FALSE,TRUE,FALSE,0.1
132,"region_rec_diffs(1,76)",0,-3,3,0,FALSE,"regional_recruitment_variation","region_rec_var",76,NA,NA,NA,0,0,TRUE,NA,132,132,-0.0060003033891074,"mean_preserving_scaled_beta","bounded_natural",0.06,0,-0.100005056485123,0.1,3.53553390593274,FALSE,TRUE,FALSE,0.1
133,"region_rec_diffs(1,77)",0,-3,3,0,FALSE,"regional_recruitment_variation","region_rec_var",77,NA,NA,NA,0,0,TRUE,NA,133,133,0.101056031427886,"mean_preserving_scaled_beta","bounded_natural",0.06,0,1.68426719046476,0.1,3.53553390593274,FALSE,TRUE,FALSE,0.1
134,"region_rec_diffs(1,78)",0,-3,3,0,FALSE,"regional_recruitment_variation","region_rec_var",78,NA,NA,NA,0,0,TRUE,NA,134,134,-0.0029844573216895,"mean_preserving_scaled_beta","bounded_natural",0.06,0,-0.0497409553614917,0.1,3.53553390593274,FALSE,TRUE,FALSE,0.1
135,"region_rec_diffs(1,79)",0,-3,3,0,FALSE,"regional_recruitment_variation","region_rec_var",79,NA,NA,NA,0,0,TRUE,NA,135,135,-0.0659671615026323,"mean_preserving_scaled_beta","bounded_natural",0.06,0,-1.09945269171054,0.1,3.53553390593274,FALSE,TRUE,FALSE,0.1
136,"region_rec_diffs(1,80)",0,-3,3,0,FALSE,"regional_recruitment_variation","region_rec_var",80,NA,NA,NA,0,0,TRUE,NA,136,136,-0.055738177779411,"mean_preserving_scaled_beta","bounded_natural",0.06,0,-0.92896962965685,0.1,3.53553390593274,FALSE,TRUE,FALSE,0.1
137,"region_rec_diffs(1,81)",0,-3,3,0,FALSE,"regional_recruitment_variation","region_rec_var",81,NA,NA,NA,0,0,TRUE,NA,137,137,-0.0833759715788105,"mean_preserving_scaled_beta","bounded_natural",0.06,0,-1.38959952631351,0.1,3.53553390593274,FALSE,TRUE,FALSE,0.1
138,"region_rec_diffs(1,82)",0,-3,3,0,FALSE,"regional_recruitment_variation","region_rec_var",82,NA,NA,NA,0,0,TRUE,NA,138,138,-0.0478744663236359,"mean_preserving_scaled_beta","bounded_natural",0.06,0,-0.797907772060598,0.1,3.53553390593274,FALSE,TRUE,FALSE,0.1
139,"region_rec_diffs(1,83)",0,-3,3,0,FALSE,"regional_recruitment_variation","region_rec_var",83,NA,NA,NA,0,0,TRUE,NA,139,139,0.0147673517773939,"mean_preserving_scaled_beta","bounded_natural",0.06,0,0.246122529623231,0.1,3.53553390593274,FALSE,TRUE,FALSE,0.1
140,"region_rec_diffs(1,84)",0,-3,3,0,FALSE,"regional_recruitment_variation","region_rec_var",84,NA,NA,NA,0,0,TRUE,NA,140,140,-0.0787969483784128,"mean_preserving_scaled_beta","bounded_natural",0.06,0,-1.31328247297355,0.1,3.53553390593274,FALSE,TRUE,FALSE,0.1
141,"region_rec_diffs(1,85)",0,-3,3,0,FALSE,"regional_recruitment_variation","region_rec_var",85,NA,NA,NA,0,0,TRUE,NA,141,141,-0.0211300506482153,"mean_preserving_scaled_beta","bounded_natural",0.06,0,-0.352167510803588,0.1,3.53553390593274,FALSE,TRUE,FALSE,0.1
142,"region_rec_diffs(1,86)",0,-3,3,0,FALSE,"regional_recruitment_variation","region_rec_var",86,NA,NA,NA,0,0,TRUE,NA,142,142,0.0497299368917936,"mean_preserving_scaled_beta","bounded_natural",0.06,0,0.828832281529893,0.1,3.53553390593274,FALSE,TRUE,FALSE,0.1
143,"region_rec_diffs(1,87)",0,-3,3,0,FALSE,"regional_recruitment_variation","region_rec_var",87,NA,NA,NA,0,0,TRUE,NA,143,143,-0.0408786843381783,"mean_preserving_scaled_beta","bounded_natural",0.06,0,-0.681311405636305,0.1,3.53553390593274,FALSE,TRUE,FALSE,0.1
144,"region_rec_diffs(1,88)",0,-3,3,0,FALSE,"regional_recruitment_variation","region_rec_var",88,NA,NA,NA,0,0,TRUE,NA,144,144,0.025797133305705,"mean_preserving_scaled_beta","bounded_natural",0.06,0,0.42995222176175,0.1,3.53553390593274,FALSE,TRUE,FALSE,0.1
145,"region_rec_diffs(1,89)",0,-3,3,0,FALSE,"regional_recruitment_variation","region_rec_var",89,NA,NA,NA,0,0,TRUE,NA,145,145,-0.0473834012252983,"mean_preserving_scaled_beta","bounded_natural",0.06,0,-0.789723353754971,0.1,3.53553390593274,FALSE,TRUE,FALSE,0.1
146,"region_rec_diffs(1,90)",0,-3,3,0,FALSE,"regional_recruitment_variation","region_rec_var",90,NA,NA,NA,0,0,TRUE,NA,146,146,-0.0696346662217975,"mean_preserving_scaled_beta","bounded_natural",0.06,0,-1.16057777036329,0.1,3.53553390593274,FALSE,TRUE,FALSE,0.1
147,"region_rec_diffs(1,91)",0,-3,3,0,FALSE,"regional_recruitment_variation","region_rec_var",91,NA,NA,NA,0,0,TRUE,NA,147,147,-0.0273093872014223,"mean_preserving_scaled_beta","bounded_natural",0.06,0,-0.455156453357038,0.1,3.53553390593274,FALSE,TRUE,FALSE,0.1
148,"region_rec_diffs(1,92)",0,-3,3,0,FALSE,"regional_recruitment_variation","region_rec_var",92,NA,NA,NA,0,0,TRUE,NA,148,148,0.022148041490432,"mean_preserving_scaled_beta","bounded_natural",0.06,0,0.369134024840534,0.1,3.53553390593274,FALSE,TRUE,FALSE,0.1
149,"region_rec_diffs(1,93)",0,-3,3,0,FALSE,"regional_recruitment_variation","region_rec_var",93,NA,NA,NA,0,0,TRUE,NA,149,149,-0.0840005063629765,"mean_preserving_scaled_beta","bounded_natural",0.06,0,-1.40000843938294,0.1,3.53553390593274,FALSE,TRUE,FALSE,0.1
150,"region_rec_diffs(1,94)",0,-3,3,0,FALSE,"regional_recruitment_variation","region_rec_var",94,NA,NA,NA,0,0,TRUE,NA,150,150,0.0287584919981461,"mean_preserving_scaled_beta","bounded_natural",0.06,0,0.479308199969101,0.1,3.53553390593274,FALSE,TRUE,FALSE,0.1
151,"region_rec_diffs(1,95)",0,-3,3,0,FALSE,"regional_recruitment_variation","region_rec_var",95,NA,NA,NA,0,0,TRUE,NA,151,151,0.0237398264746691,"mean_preserving_scaled_beta","bounded_natural",0.06,0,0.395663774577818,0.1,3.53553390593274,FALSE,TRUE,FALSE,0.1
152,"region_rec_diffs(1,96)",0,-3,3,0,FALSE,"regional_recruitment_variation","region_rec_var",96,NA,NA,NA,0,0,TRUE,NA,152,152,0.0237870161816596,"mean_preserving_scaled_beta","bounded_natural",0.06,0,0.396450269694326,0.1,3.53553390593274,FALSE,TRUE,FALSE,0.1
153,"region_rec_diffs(1,97)",0,-3,3,0,FALSE,"regional_recruitment_variation","region_rec_var",97,NA,NA,NA,0,0,TRUE,NA,153,153,0.0770477572955257,"mean_preserving_scaled_beta","bounded_natural",0.06,0,1.28412928825876,0.1,3.53553390593274,FALSE,TRUE,FALSE,0.1
154,"region_rec_diffs(1,98)",0,-3,3,0,FALSE,"regional_recruitment_variation","region_rec_var",98,NA,NA,NA,0,0,TRUE,NA,154,154,0.00423539001022011,"mean_preserving_scaled_beta","bounded_natural",0.06,0,0.0705898335036685,0.1,3.53553390593274,FALSE,TRUE,FALSE,0.1
155,"region_rec_diffs(1,99)",0,-3,3,0,FALSE,"regional_recruitment_variation","region_rec_var",99,NA,NA,NA,0,0,TRUE,NA,155,155,-0.0525248722895189,"mean_preserving_scaled_beta","bounded_natural",0.06,0,-0.875414538158647,0.1,3.53553390593274,FALSE,TRUE,FALSE,0.1
156,"region_rec_diffs(1,100)",0,-3,3,0,FALSE,"regional_recruitment_variation","region_rec_var",100,NA,NA,NA,0,0,TRUE,NA,156,156,-0.0274307788730415,"mean_preserving_scaled_beta","bounded_natural",0.06,0,-0.457179647884024,0.1,3.53553390593274,FALSE,TRUE,FALSE,0.1
157,"region_rec_diffs(1,101)",0,-3,3,0,FALSE,"regional_recruitment_variation","region_rec_var",101,NA,NA,NA,0,0,TRUE,NA,157,157,-0.0303647666966729,"mean_preserving_scaled_beta","bounded_natural",0.06,0,-0.506079444944548,0.1,3.53553390593274,FALSE,TRUE,FALSE,0.1
158,"region_rec_diffs(1,102)",0,-3,3,0,FALSE,"regional_recruitment_variation","region_rec_var",102,NA,NA,NA,0,0,TRUE,NA,158,158,-0.0707265754038886,"mean_preserving_scaled_beta","bounded_natural",0.06,0,-1.17877625673148,0.1,3.53553390593274,FALSE,TRUE,FALSE,0.1
159,"region_rec_diffs(1,103)",0,-3,3,0,FALSE,"regional_recruitment_variation","region_rec_var",103,NA,NA,NA,0,0,TRUE,NA,159,159,0.0137076254364774,"mean_preserving_scaled_beta","bounded_natural",0.06,0,0.22846042394129,0.1,3.53553390593274,FALSE,TRUE,FALSE,0.1
160,"region_rec_diffs(1,104)",0,-3,3,0,FALSE,"regional_recruitment_variation","region_rec_var",104,NA,NA,NA,0,0,TRUE,NA,160,160,0.0154752999071315,"mean_preserving_scaled_beta","bounded_natural",0.06,0,0.257921665118858,0.1,3.53553390593274,FALSE,TRUE,FALSE,0.1
161,"region_rec_diffs(1,105)",0,-3,3,0,FALSE,"regional_recruitment_variation","region_rec_var",105,NA,NA,NA,0,0,TRUE,NA,161,161,0.0140846269631663,"mean_preserving_scaled_beta","bounded_natural",0.06,0,0.234743782719438,0.1,3.53553390593274,FALSE,TRUE,FALSE,0.1
162,"region_rec_diffs(1,106)",0,-3,3,0,FALSE,"regional_recruitment_variation","region_rec_var",106,NA,NA,NA,0,0,TRUE,NA,162,162,-0.0409616842111413,"mean_preserving_scaled_beta","bounded_natural",0.06,0,-0.682694736852355,0.1,3.53553390593274,FALSE,TRUE,FALSE,0.1
163,"region_rec_diffs(1,107)",0,-3,3,0,FALSE,"regional_recruitment_variation","region_rec_var",107,NA,NA,NA,0,0,TRUE,NA,163,163,0.035974220138419,"mean_preserving_scaled_beta","bounded_natural",0.06,0,0.599570335640317,0.1,3.53553390593274,FALSE,TRUE,FALSE,0.1
164,"region_rec_diffs(1,108)",0,-3,3,0,FALSE,"regional_recruitment_variation","region_rec_var",108,NA,NA,NA,0,0,TRUE,NA,164,164,0.00296544163104606,"mean_preserving_scaled_beta","bounded_natural",0.06,0,0.049424027184101,0.1,3.53553390593274,FALSE,TRUE,FALSE,0.1
165,"region_rec_diffs(1,109)",0,-3,3,0,FALSE,"regional_recruitment_variation","region_rec_var",109,NA,NA,NA,0,0,TRUE,NA,165,165,0.0424863718684749,"mean_preserving_scaled_beta","bounded_natural",0.06,0,0.708106197807915,0.1,3.53553390593274,FALSE,TRUE,FALSE,0.1
166,"region_rec_diffs(1,110)",0,-3,3,0,FALSE,"regional_recruitment_variation","region_rec_var",110,NA,NA,NA,0,0,TRUE,NA,166,166,0.0524967176910618,"mean_preserving_scaled_beta","bounded_natural",0.06,0,0.87494529485103,0.1,3.53553390593274,FALSE,TRUE,FALSE,0.1
167,"region_rec_diffs(1,111)",0,-3,3,0,FALSE,"regional_recruitment_variation","region_rec_var",111,NA,NA,NA,0,0,TRUE,NA,167,167,-0.104763421711624,"mean_preserving_scaled_beta","bounded_natural",0.06,0,-1.74605702852707,0.1,3.53553390593274,FALSE,TRUE,FALSE,0.1
168,"region_rec_diffs(1,112)",0,-3,3,0,FALSE,"regional_recruitment_variation","region_rec_var",112,NA,NA,NA,0,0,TRUE,NA,168,168,-0.0185531329684205,"mean_preserving_scaled_beta","bounded_natural",0.06,0,-0.309218882807009,0.1,3.53553390593274,FALSE,TRUE,FALSE,0.1
169,"region_rec_diffs(1,113)",0,-3,3,0,FALSE,"regional_recruitment_variation","region_rec_var",113,NA,NA,NA,0,0,TRUE,NA,169,169,0.0879697350828721,"mean_preserving_scaled_beta","bounded_natural",0.06,0,1.4661622513812,0.1,3.53553390593274,FALSE,TRUE,FALSE,0.1
170,"region_rec_diffs(1,114)",0,-3,3,0,FALSE,"regional_recruitment_variation","region_rec_var",114,NA,NA,NA,0,0,TRUE,NA,170,170,-0.0943867890746026,"mean_preserving_scaled_beta","bounded_natural",0.06,0,-1.57311315124338,0.1,3.53553390593274,FALSE,TRUE,FALSE,0.1
171,"region_rec_diffs(1,115)",0,-3,3,0,FALSE,"regional_recruitment_variation","region_rec_var",115,NA,NA,NA,0,0,TRUE,NA,171,171,0.0339077595969339,"mean_preserving_scaled_beta","bounded_natural",0.06,0,0.565129326615565,0.1,3.53553390593274,FALSE,TRUE,FALSE,0.1
172,"region_rec_diffs(1,116)",0,-3,3,0,FALSE,"regional_recruitment_variation","region_rec_var",116,NA,NA,NA,0,0,TRUE,NA,172,172,0.0238712078559349,"mean_preserving_scaled_beta","bounded_natural",0.06,0,0.397853464265581,0.1,3.53553390593274,FALSE,TRUE,FALSE,0.1
173,"region_rec_diffs(1,117)",0,-3,3,0,FALSE,"regional_recruitment_variation","region_rec_var",117,NA,NA,NA,0,0,TRUE,NA,173,173,0.0677694719283073,"mean_preserving_scaled_beta","bounded_natural",0.06,0,1.12949119880512,0.1,3.53553390593274,FALSE,TRUE,FALSE,0.1
174,"region_rec_diffs(1,118)",0,-3,3,0,FALSE,"regional_recruitment_variation","region_rec_var",118,NA,NA,NA,0,0,TRUE,NA,174,174,0.0221407640633591,"mean_preserving_scaled_beta","bounded_natural",0.06,0,0.369012734389318,0.1,3.53553390593274,FALSE,TRUE,FALSE,0.1
175,"region_rec_diffs(1,119)",0,-3,3,0,FALSE,"regional_recruitment_variation","region_rec_var",119,NA,NA,NA,0,0,TRUE,NA,175,175,-0.109005788212013,"mean_preserving_scaled_beta","bounded_natural",0.06,0,-1.81676313686688,0.1,3.53553390593274,FALSE,TRUE,FALSE,0.1
176,"region_rec_diffs(1,120)",0,-3,3,0,FALSE,"regional_recruitment_variation","region_rec_var",120,NA,NA,NA,0,0,TRUE,NA,176,176,0.0374935224621891,"mean_preserving_scaled_beta","bounded_natural",0.06,0,0.624892041036484,0.1,3.53553390593274,FALSE,TRUE,FALSE,0.1
177,"region_rec_diffs(1,121)",0,-3,3,0,FALSE,"regional_recruitment_variation","region_rec_var",121,NA,NA,NA,0,0,TRUE,NA,177,177,0.0195951342312588,"mean_preserving_scaled_beta","bounded_natural",0.06,0,0.32658557052098,0.1,3.53553390593274,FALSE,TRUE,FALSE,0.1
178,"region_rec_diffs(1,122)",0,-3,3,0,FALSE,"regional_recruitment_variation","region_rec_var",122,NA,NA,NA,0,0,TRUE,NA,178,178,0.0373203223958067,"mean_preserving_scaled_beta","bounded_natural",0.06,0,0.622005373263446,0.1,3.53553390593274,FALSE,TRUE,FALSE,0.1
179,"region_rec_diffs(1,123)",0,-3,3,0,FALSE,"regional_recruitment_variation","region_rec_var",123,NA,NA,NA,0,0,TRUE,NA,179,179,-0.0858945561194666,"mean_preserving_scaled_beta","bounded_natural",0.06,0,-1.43157593532444,0.1,3.53553390593274,FALSE,TRUE,FALSE,0.1
180,"region_rec_diffs(1,124)",0,-3,3,0,FALSE,"regional_recruitment_variation","region_rec_var",124,NA,NA,NA,0,0,TRUE,NA,180,180,-0.00119807406602268,"mean_preserving_scaled_beta","bounded_natural",0.06,0,-0.019967901100378,0.1,3.53553390593274,FALSE,TRUE,FALSE,0.1
181,"region_rec_diffs(1,125)",0,-3,3,0,FALSE,"regional_recruitment_variation","region_rec_var",125,NA,NA,NA,0,0,TRUE,NA,181,181,-0.0667283777775003,"mean_preserving_scaled_beta","bounded_natural",0.06,0,-1.112139629625,0.1,3.53553390593274,FALSE,TRUE,FALSE,0.1
182,"region_rec_diffs(1,126)",0,-3,3,0,FALSE,"regional_recruitment_variation","region_rec_var",126,NA,NA,NA,0,0,TRUE,NA,182,182,-0.0274361861297128,"mean_preserving_scaled_beta","bounded_natural",0.06,0,-0.457269768828546,0.1,3.53553390593274,FALSE,TRUE,FALSE,0.1
183,"region_rec_diffs(1,127)",0,-3,3,0,FALSE,"regional_recruitment_variation","region_rec_var",127,NA,NA,NA,0,0,TRUE,NA,183,183,0.00380079860683313,"mean_preserving_scaled_beta","bounded_natural",0.06,0,0.0633466434472189,0.1,3.53553390593274,FALSE,TRUE,FALSE,0.1
184,"region_rec_diffs(1,128)",0,-3,3,0,FALSE,"regional_recruitment_variation","region_rec_var",128,NA,NA,NA,0,0,TRUE,NA,184,184,-0.0105954342132883,"mean_preserving_scaled_beta","bounded_natural",0.06,0,-0.176590570221472,0.1,3.53553390593274,FALSE,TRUE,FALSE,0.1
185,"region_rec_diffs(1,129)",0,-3,3,0,FALSE,"regional_recruitment_variation","region_rec_var",129,NA,NA,NA,0,0,TRUE,NA,185,185,-0.08561398917145,"mean_preserving_scaled_beta","bounded_natural",0.06,0,-1.42689981952417,0.1,3.53553390593274,FALSE,TRUE,FALSE,0.1
186,"region_rec_diffs(1,130)",0,-3,3,0,FALSE,"regional_recruitment_variation","region_rec_var",130,NA,NA,NA,0,0,TRUE,NA,186,186,0.0932682420076065,"mean_preserving_scaled_beta","bounded_natural",0.06,0,1.55447070012678,0.1,3.53553390593274,FALSE,TRUE,FALSE,0.1
187,"region_rec_diffs(1,131)",0,-3,3,0,FALSE,"regional_recruitment_variation","region_rec_var",131,NA,NA,NA,0,0,TRUE,NA,187,187,-0.0290911248950994,"mean_preserving_scaled_beta","bounded_natural",0.06,0,-0.484852081584989,0.1,3.53553390593274,FALSE,TRUE,FALSE,0.1
188,"region_rec_diffs(1,132)",0,-3,3,0,FALSE,"regional_recruitment_variation","region_rec_var",132,NA,NA,NA,0,0,TRUE,NA,188,188,-0.0298586376415866,"mean_preserving_scaled_beta","bounded_natural",0.06,0,-0.49764396069311,0.1,3.53553390593274,FALSE,TRUE,FALSE,0.1
189,"region_rec_diffs(1,133)",0,-3,3,0,FALSE,"regional_recruitment_variation","region_rec_var",133,NA,NA,NA,0,0,TRUE,NA,189,189,-0.0400609284108229,"mean_preserving_scaled_beta","bounded_natural",0.06,0,-0.667682140180381,0.1,3.53553390593274,FALSE,TRUE,FALSE,0.1
190,"region_rec_diffs(1,134)",0,-3,3,0,FALSE,"regional_recruitment_variation","region_rec_var",134,NA,NA,NA,0,0,TRUE,NA,190,190,0.198755102515747,"mean_preserving_scaled_beta","bounded_natural",0.06,0,3.31258504192912,0.1,3.53553390593274,FALSE,TRUE,FALSE,0.1
191,"region_rec_diffs(1,135)",0,-3,3,0,FALSE,"regional_recruitment_variation","region_rec_var",135,NA,NA,NA,0,0,TRUE,NA,191,191,-0.0693779430059029,"mean_preserving_scaled_beta","bounded_natural",0.06,0,-1.15629905009838,0.1,3.53553390593274,FALSE,TRUE,FALSE,0.1
192,"region_rec_diffs(1,136)",0,-3,3,0,FALSE,"regional_recruitment_variation","region_rec_var",136,NA,NA,NA,0,0,TRUE,NA,192,192,-0.0220540577744659,"mean_preserving_scaled_beta","bounded_natural",0.06,0,-0.367567629574432,0.1,3.53553390593274,FALSE,TRUE,FALSE,0.1
193,"region_rec_diffs(1,137)",0,-3,3,0,FALSE,"regional_recruitment_variation","region_rec_var",137,NA,NA,NA,0,0,TRUE,NA,193,193,0.0379792948612137,"mean_preserving_scaled_beta","bounded_natural",0.06,0,0.632988247686894,0.1,3.53553390593274,FALSE,TRUE,FALSE,0.1
194,"region_rec_diffs(1,138)",0,-3,3,0,FALSE,"regional_recruitment_variation","region_rec_var",138,NA,NA,NA,0,0,TRUE,NA,194,194,-0.0182025399432599,"mean_preserving_scaled_beta","bounded_natural",0.06,0,-0.303375665720999,0.1,3.53553390593274,FALSE,TRUE,FALSE,0.1
195,"region_rec_diffs(1,139)",0,-3,3,0,FALSE,"regional_recruitment_variation","region_rec_var",139,NA,NA,NA,0,0,TRUE,NA,195,195,-0.0782147690745179,"mean_preserving_scaled_beta","bounded_natural",0.06,0,-1.3035794845753,0.1,3.53553390593274,FALSE,TRUE,FALSE,0.1
196,"region_rec_diffs(1,140)",0,-3,3,0,FALSE,"regional_recruitment_variation","region_rec_var",140,NA,NA,NA,0,0,TRUE,NA,196,196,-0.149107651221753,"mean_preserving_scaled_beta","bounded_natural",0.06,0,-2.48512752036255,0.1,3.53553390593274,FALSE,TRUE,FALSE,0.1
197,"region_rec_diffs(1,141)",0,-3,3,0,FALSE,"regional_recruitment_variation","region_rec_var",141,NA,NA,NA,0,0,TRUE,NA,197,197,0.10838822198759,"mean_preserving_scaled_beta","bounded_natural",0.06,0,1.80647036645983,0.1,3.53553390593274,FALSE,TRUE,FALSE,0.1
198,"region_rec_diffs(1,142)",0,-3,3,0,FALSE,"regional_recruitment_variation","region_rec_var",142,NA,NA,NA,0,0,TRUE,NA,198,198,-0.112791754987811,"mean_preserving_scaled_beta","bounded_natural",0.06,0,-1.87986258313019,0.1,3.53553390593274,FALSE,TRUE,FALSE,0.1
199,"region_rec_diffs(1,143)",0,-3,3,0,FALSE,"regional_recruitment_variation","region_rec_var",143,NA,NA,NA,0,0,TRUE,NA,199,199,-0.0356664819029717,"mean_preserving_scaled_beta","bounded_natural",0.06,0,-0.594441365049529,0.1,3.53553390593274,FALSE,TRUE,FALSE,0.1
200,"region_rec_diffs(1,144)",0,-3,3,0,FALSE,"regional_recruitment_variation","region_rec_var",144,NA,NA,NA,0,0,TRUE,NA,200,200,-0.0847147293778345,"mean_preserving_scaled_beta","bounded_natural",0.06,0,-1.41191215629724,0.1,3.53553390593274,FALSE,TRUE,FALSE,0.1
201,"region_rec_diffs(1,145)",0,-3,3,0,FALSE,"regional_recruitment_variation","region_rec_var",145,NA,NA,NA,0,0,TRUE,NA,201,201,0.0889184137737047,"mean_preserving_scaled_beta","bounded_natural",0.06,0,1.48197356289508,0.1,3.53553390593274,FALSE,TRUE,FALSE,0.1
202,"region_rec_diffs(1,146)",0,-3,3,0,FALSE,"regional_recruitment_variation","region_rec_var",146,NA,NA,NA,0,0,TRUE,NA,202,202,0.0801431824507883,"mean_preserving_scaled_beta","bounded_natural",0.06,0,1.33571970751314,0.1,3.53553390593274,FALSE,TRUE,FALSE,0.1
203,"region_rec_diffs(1,147)",0,-3,3,0,FALSE,"regional_recruitment_variation","region_rec_var",147,NA,NA,NA,0,0,TRUE,NA,203,203,-0.00510539060670823,"mean_preserving_scaled_beta","bounded_natural",0.06,0,-0.0850898434451371,0.1,3.53553390593274,FALSE,TRUE,FALSE,0.1
204,"region_rec_diffs(1,148)",0,-3,3,0,FALSE,"regional_recruitment_variation","region_rec_var",148,NA,NA,NA,0,0,TRUE,NA,204,204,0.019937816511542,"mean_preserving_scaled_beta","bounded_natural",0.06,0,0.332296941859034,0.1,3.53553390593274,FALSE,TRUE,FALSE,0.1
205,"region_rec_diffs(1,149)",0,-3,3,0,FALSE,"regional_recruitment_variation","region_rec_var",149,NA,NA,NA,0,0,TRUE,NA,205,205,-0.0019567836604466,"mean_preserving_scaled_beta","bounded_natural",0.06,0,-0.0326130610074434,0.1,3.53553390593274,FALSE,TRUE,FALSE,0.1
206,"region_rec_diffs(1,150)",0,-3,3,0,FALSE,"regional_recruitment_variation","region_rec_var",150,NA,NA,NA,0,0,TRUE,NA,206,206,-0.0271320217990838,"mean_preserving_scaled_beta","bounded_natural",0.06,0,-0.452200363318063,0.1,3.53553390593274,FALSE,TRUE,FALSE,0.1
207,"region_rec_diffs(1,151)",0,-3,3,0,FALSE,"regional_recruitment_variation","region_rec_var",151,NA,NA,NA,0,0,TRUE,NA,207,207,0.0452512320954206,"mean_preserving_scaled_beta","bounded_natural",0.06,0,0.754187201590343,0.1,3.53553390593274,FALSE,TRUE,FALSE,0.1
208,"region_rec_diffs(1,152)",0,-3,3,0,FALSE,"regional_recruitment_variation","region_rec_var",152,NA,NA,NA,0,0,TRUE,NA,208,208,0.0336391080919198,"mean_preserving_scaled_beta","bounded_natural",0.06,0,0.560651801531997,0.1,3.53553390593274,FALSE,TRUE,FALSE,0.1
209,"region_rec_diffs(1,153)",0,-3,3,0,FALSE,"regional_recruitment_variation","region_rec_var",153,NA,NA,NA,0,0,TRUE,NA,209,209,0.0223599467759521,"mean_preserving_scaled_beta","bounded_natural",0.06,0,0.372665779599202,0.1,3.53553390593274,FALSE,TRUE,FALSE,0.1
210,"region_rec_diffs(1,154)",0,-3,3,0,FALSE,"regional_recruitment_variation","region_rec_var",154,NA,NA,NA,0,0,TRUE,NA,210,210,0.108461153470687,"mean_preserving_scaled_beta","bounded_natural",0.06,0,1.80768589117812,0.1,3.53553390593274,FALSE,TRUE,FALSE,0.1
211,"region_rec_diffs(1,155)",0,-3,3,0,FALSE,"regional_recruitment_variation","region_rec_var",155,NA,NA,NA,0,0,TRUE,NA,211,211,-0.027150224969704,"mean_preserving_scaled_beta","bounded_natural",0.06,0,-0.452503749495066,0.1,3.53553390593274,FALSE,TRUE,FALSE,0.1
212,"region_rec_diffs(1,156)",0,-3,3,0,FALSE,"regional_recruitment_variation","region_rec_var",156,NA,NA,NA,0,0,TRUE,NA,212,212,-0.0242177876119891,"mean_preserving_scaled_beta","bounded_natural",0.06,0,-0.403629793533152,0.1,3.53553390593274,FALSE,TRUE,FALSE,0.1
213,"region_rec_diffs(1,157)",0,-3,3,0,FALSE,"regional_recruitment_variation","region_rec_var",157,NA,NA,NA,0,0,TRUE,NA,213,213,0.0344914415421567,"mean_preserving_scaled_beta","bounded_natural",0.06,0,0.574857359035944,0.1,3.53553390593274,FALSE,TRUE,FALSE,0.1
214,"region_rec_diffs(1,158)",0,-3,3,0,FALSE,"regional_recruitment_variation","region_rec_var",158,NA,NA,NA,0,0,TRUE,NA,214,214,0.0273408435367619,"mean_preserving_scaled_beta","bounded_natural",0.06,0,0.455680725612699,0.1,3.53553390593274,FALSE,TRUE,FALSE,0.1
215,"region_rec_diffs(1,159)",0,-3,3,0,FALSE,"regional_recruitment_variation","region_rec_var",159,NA,NA,NA,0,0,TRUE,NA,215,215,-0.0784289381040253,"mean_preserving_scaled_beta","bounded_natural",0.06,0,-1.30714896840042,0.1,3.53553390593274,FALSE,TRUE,FALSE,0.1
216,"region_rec_diffs(1,160)",0,-3,3,0,FALSE,"regional_recruitment_variation","region_rec_var",160,NA,NA,NA,0,0,TRUE,NA,216,216,0.00884918199546325,"mean_preserving_scaled_beta","bounded_natural",0.06,0,0.147486366591054,0.1,3.53553390593274,FALSE,TRUE,FALSE,0.1
217,"region_rec_diffs(1,161)",0,-3,3,0,FALSE,"regional_recruitment_variation","region_rec_var",161,NA,NA,NA,0,0,TRUE,NA,217,217,0.0531515798942945,"mean_preserving_scaled_beta","bounded_natural",0.06,0,0.885859664904909,0.1,3.53553390593274,FALSE,TRUE,FALSE,0.1
218,"region_rec_diffs(1,162)",0,-3,3,0,FALSE,"regional_recruitment_variation","region_rec_var",162,NA,NA,NA,0,0,TRUE,NA,218,218,-0.0178678844645312,"mean_preserving_scaled_beta","bounded_natural",0.06,0,-0.297798074408854,0.1,3.53553390593274,FALSE,TRUE,FALSE,0.1
219,"region_rec_diffs(1,163)",0,-3,3,0,FALSE,"regional_recruitment_variation","region_rec_var",163,NA,NA,NA,0,0,TRUE,NA,219,219,-0.0141043453212508,"mean_preserving_scaled_beta","bounded_natural",0.06,0,-0.235072422020847,0.1,3.53553390593274,FALSE,TRUE,FALSE,0.1
220,"region_rec_diffs(1,164)",0,-3,3,0,FALSE,"regional_recruitment_variation","region_rec_var",164,NA,NA,NA,0,0,TRUE,NA,220,220,-0.0740152697308165,"mean_preserving_scaled_beta","bounded_natural",0.06,0,-1.23358782884694,0.1,3.53553390593274,FALSE,TRUE,FALSE,0.1
221,"region_rec_diffs(1,165)",0,-3,3,0,FALSE,"regional_recruitment_variation","region_rec_var",165,NA,NA,NA,0,0,TRUE,NA,221,221,0.0522841877915043,"mean_preserving_scaled_beta","bounded_natural",0.06,0,0.871403129858406,0.1,3.53553390593274,FALSE,TRUE,FALSE,0.1
222,"region_rec_diffs(1,166)",0,-3,3,0,FALSE,"regional_recruitment_variation","region_rec_var",166,NA,NA,NA,0,0,TRUE,NA,222,222,-0.0180272737676086,"mean_preserving_scaled_beta","bounded_natural",0.06,0,-0.300454562793477,0.1,3.53553390593274,FALSE,TRUE,FALSE,0.1
223,"region_rec_diffs(1,167)",0,-3,3,0,FALSE,"regional_recruitment_variation","region_rec_var",167,NA,NA,NA,0,0,TRUE,NA,223,223,0.087076526968827,"mean_preserving_scaled_beta","bounded_natural",0.06,0,1.45127544948045,0.1,3.53553390593274,FALSE,TRUE,FALSE,0.1
224,"region_rec_diffs(1,168)",0,-3,3,0,FALSE,"regional_recruitment_variation","region_rec_var",168,NA,NA,NA,0,0,TRUE,NA,224,224,-0.055594121416807,"mean_preserving_scaled_beta","bounded_natural",0.06,0,-0.926568690280116,0.1,3.53553390593274,FALSE,TRUE,FALSE,0.1
225,"region_rec_diffs(1,169)",0,-3,3,0,FALSE,"regional_recruitment_variation","region_rec_var",169,NA,NA,NA,0,0,TRUE,NA,225,225,0.00649461839016352,"mean_preserving_scaled_beta","bounded_natural",0.06,0,0.108243639836059,0.1,3.53553390593274,FALSE,TRUE,FALSE,0.1
226,"region_rec_diffs(1,170)",0,-3,3,0,FALSE,"regional_recruitment_variation","region_rec_var",170,NA,NA,NA,0,0,TRUE,NA,226,226,-0.00884407539332654,"mean_preserving_scaled_beta","bounded_natural",0.06,0,-0.147401256555442,0.1,3.53553390593274,FALSE,TRUE,FALSE,0.1
227,"region_rec_diffs(1,171)",0,-3,3,0,FALSE,"regional_recruitment_variation","region_rec_var",171,NA,NA,NA,0,0,TRUE,NA,227,227,0.102178238004786,"mean_preserving_scaled_beta","bounded_natural",0.06,0,1.70297063341309,0.1,3.53553390593274,FALSE,TRUE,FALSE,0.1
228,"region_rec_diffs(1,172)",0,-3,3,0,FALSE,"regional_recruitment_variation","region_rec_var",172,NA,NA,NA,0,0,TRUE,NA,228,228,-0.0169783916093449,"mean_preserving_scaled_beta","bounded_natural",0.06,0,-0.282973193489081,0.1,3.53553390593274,FALSE,TRUE,FALSE,0.1
229,"region_rec_diffs(1,173)",0,-3,3,0,FALSE,"regional_recruitment_variation","region_rec_var",173,NA,NA,NA,0,0,TRUE,NA,229,229,-0.100111055236892,"mean_preserving_scaled_beta","bounded_natural",0.06,0,-1.66851758728154,0.1,3.53553390593274,FALSE,TRUE,FALSE,0.1
230,"region_rec_diffs(1,174)",0,-3,3,0,FALSE,"regional_recruitment_variation","region_rec_var",174,NA,NA,NA,0,0,TRUE,NA,230,230,-0.0565221610217339,"mean_preserving_scaled_beta","bounded_natural",0.06,0,-0.942036017028898,0.1,3.53553390593274,FALSE,TRUE,FALSE,0.1
231,"region_rec_diffs(1,175)",0,-3,3,0,FALSE,"regional_recruitment_variation","region_rec_var",175,NA,NA,NA,0,0,TRUE,NA,231,231,0.0771808683476718,"mean_preserving_scaled_beta","bounded_natural",0.06,0,1.28634780579453,0.1,3.53553390593274,FALSE,TRUE,FALSE,0.1
232,"region_rec_diffs(1,176)",0,-3,3,0,FALSE,"regional_recruitment_variation","region_rec_var",176,NA,NA,NA,0,0,TRUE,NA,232,232,0.0942948947566662,"mean_preserving_scaled_beta","bounded_natural",0.06,0,1.57158157927777,0.1,3.53553390593274,FALSE,TRUE,FALSE,0.1
233,"region_rec_diffs(1,177)",0,-3,3,0,FALSE,"regional_recruitment_variation","region_rec_var",177,NA,NA,NA,0,0,TRUE,NA,233,233,-0.0569718874204783,"mean_preserving_scaled_beta","bounded_natural",0.06,0,-0.949531457007972,0.1,3.53553390593274,FALSE,TRUE,FALSE,0.1
234,"region_rec_diffs(1,178)",0,-3,3,0,FALSE,"regional_recruitment_variation","region_rec_var",178,NA,NA,NA,0,0,TRUE,NA,234,234,0.0325641168663209,"mean_preserving_scaled_beta","bounded_natural",0.06,0,0.542735281105348,0.1,3.53553390593274,FALSE,TRUE,FALSE,0.1
235,"region_rec_diffs(1,179)",0,-3,3,0,FALSE,"regional_recruitment_variation","region_rec_var",179,NA,NA,NA,0,0,TRUE,NA,235,235,0.0254288419983615,"mean_preserving_scaled_beta","bounded_natural",0.06,0,0.423814033306025,0.1,3.53553390593274,FALSE,TRUE,FALSE,0.1
236,"region_rec_diffs(1,180)",0,-3,3,0,FALSE,"regional_recruitment_variation","region_rec_var",180,NA,NA,NA,0,0,TRUE,NA,236,236,-0.0722900395558028,"mean_preserving_scaled_beta","bounded_natural",0.06,0,-1.20483399259671,0.1,3.53553390593274,FALSE,TRUE,FALSE,0.1
237,"region_rec_diffs(1,181)",0,-3,3,0,FALSE,"regional_recruitment_variation","region_rec_var",181,NA,NA,NA,0,0,TRUE,NA,237,237,0.016213352819483,"mean_preserving_scaled_beta","bounded_natural",0.06,0,0.270222546991383,0.1,3.53553390593274,FALSE,TRUE,FALSE,0.1
238,"region_rec_diffs(1,182)",0,-3,3,0,FALSE,"regional_recruitment_variation","region_rec_var",182,NA,NA,NA,0,0,TRUE,NA,238,238,-0.146757994746211,"mean_preserving_scaled_beta","bounded_natural",0.06,0,-2.44596657910352,0.1,3.53553390593274,FALSE,TRUE,FALSE,0.1
239,"region_rec_diffs(1,183)",0,-3,3,0,FALSE,"regional_recruitment_variation","region_rec_var",183,NA,NA,NA,0,0,TRUE,NA,239,239,0.0693368106304235,"mean_preserving_scaled_beta","bounded_natural",0.06,0,1.15561351050706,0.1,3.53553390593274,FALSE,TRUE,FALSE,0.1
240,"region_rec_diffs(1,184)",0,-3,3,0,FALSE,"regional_recruitment_variation","region_rec_var",184,NA,NA,NA,0,0,TRUE,NA,240,240,-0.0478661824848632,"mean_preserving_scaled_beta","bounded_natural",0.06,0,-0.797769708081053,0.1,3.53553390593274,FALSE,TRUE,FALSE,0.1
241,"region_rec_diffs(1,185)",0,-3,3,0,FALSE,"regional_recruitment_variation","region_rec_var",185,NA,NA,NA,0,0,TRUE,NA,241,241,0.0276562388974213,"mean_preserving_scaled_beta","bounded_natural",0.06,0,0.460937314957022,0.1,3.53553390593274,FALSE,TRUE,FALSE,0.1
242,"region_rec_diffs(1,186)",0,-3,3,0,FALSE,"regional_recruitment_variation","region_rec_var",186,NA,NA,NA,0,0,TRUE,NA,242,242,-0.0754128441688033,"mean_preserving_scaled_beta","bounded_natural",0.06,0,-1.25688073614672,0.1,3.53553390593274,FALSE,TRUE,FALSE,0.1
243,"region_rec_diffs(1,187)",0,-3,3,0,FALSE,"regional_recruitment_variation","region_rec_var",187,NA,NA,NA,0,0,TRUE,NA,243,243,-0.0287869302528567,"mean_preserving_scaled_beta","bounded_natural",0.06,0,-0.479782170880945,0.1,3.53553390593274,FALSE,TRUE,FALSE,0.1
244,"region_rec_diffs(1,188)",0,-3,3,0,FALSE,"regional_recruitment_variation","region_rec_var",188,NA,NA,NA,0,0,TRUE,NA,244,244,-0.103607992368046,"mean_preserving_scaled_beta","bounded_natural",0.06,0,-1.72679987280076,0.1,3.53553390593274,FALSE,TRUE,FALSE,0.1
245,"region_rec_diffs(1,189)",0,-3,3,0,FALSE,"regional_recruitment_variation","region_rec_var",189,NA,NA,NA,0,0,TRUE,NA,245,245,0.0212747535364608,"mean_preserving_scaled_beta","bounded_natural",0.06,0,0.35457922560768,0.1,3.53553390593274,FALSE,TRUE,FALSE,0.1
246,"region_rec_diffs(1,190)",0,-3,3,0,FALSE,"regional_recruitment_variation","region_rec_var",190,NA,NA,NA,0,0,TRUE,NA,246,246,-0.0519749649342147,"mean_preserving_scaled_beta","bounded_natural",0.06,0,-0.866249415570245,0.1,3.53553390593274,FALSE,TRUE,FALSE,0.1
247,"region_rec_diffs(1,191)",0,-3,3,0,FALSE,"regional_recruitment_variation","region_rec_var",191,NA,NA,NA,0,0,TRUE,NA,247,247,0.126717230373447,"mean_preserving_scaled_beta","bounded_natural",0.06,0,2.11195383955745,0.1,3.53553390593274,FALSE,TRUE,FALSE,0.1
248,"region_rec_diffs(1,192)",0,-3,3,0,FALSE,"regional_recruitment_variation","region_rec_var",192,NA,NA,NA,0,0,TRUE,NA,248,248,-0.0621926736363099,"mean_preserving_scaled_beta","bounded_natural",0.06,0,-1.03654456060516,0.1,3.53553390593274,FALSE,TRUE,FALSE,0.1
249,"region_rec_diffs(1,193)",0,-3,3,0,FALSE,"regional_recruitment_variation","region_rec_var",193,NA,NA,NA,0,0,TRUE,NA,249,249,-0.0459086860900411,"mean_preserving_scaled_beta","bounded_natural",0.06,0,-0.765144768167351,0.1,3.53553390593274,FALSE,TRUE,FALSE,0.1
250,"region_rec_diffs(1,194)",0,-3,3,0,FALSE,"regional_recruitment_variation","region_rec_var",194,NA,NA,NA,0,0,TRUE,NA,250,250,0.0488797025620755,"mean_preserving_scaled_beta","bounded_natural",0.06,0,0.814661709367925,0.1,3.53553390593274,FALSE,TRUE,FALSE,0.1
251,"region_rec_diffs(1,195)",0,-3,3,0,FALSE,"regional_recruitment_variation","region_rec_var",195,NA,NA,NA,0,0,TRUE,NA,251,251,-0.0665714473218046,"mean_preserving_scaled_beta","bounded_natural",0.06,0,-1.10952412203008,0.1,3.53553390593274,FALSE,TRUE,FALSE,0.1
252,"region_rec_diffs(1,196)",0,-3,3,0,FALSE,"regional_recruitment_variation","region_rec_var",196,NA,NA,NA,0,0,TRUE,NA,252,252,0.0294694049271009,"mean_preserving_scaled_beta","bounded_natural",0.06,0,0.491156748785015,0.1,3.53553390593274,FALSE,TRUE,FALSE,0.1
253,"region_rec_diffs(1,197)",0,-3,3,0,FALSE,"regional_recruitment_variation","region_rec_var",197,NA,NA,NA,0,0,TRUE,NA,253,253,0.0527430489364318,"mean_preserving_scaled_beta","bounded_natural",0.06,0,0.879050815607196,0.1,3.53553390593274,FALSE,TRUE,FALSE,0.1
254,"region_rec_diffs(1,198)",0,-3,3,0,FALSE,"regional_recruitment_variation","region_rec_var",198,NA,NA,NA,0,0,TRUE,NA,254,254,-0.00697511872777445,"mean_preserving_scaled_beta","bounded_natural",0.06,0,-0.116251978796241,0.1,3.53553390593274,FALSE,TRUE,FALSE,0.1
255,"region_rec_diffs(1,199)",0,-3,3,0,FALSE,"regional_recruitment_variation","region_rec_var",199,NA,NA,NA,0,0,TRUE,NA,255,255,0.00434264835364573,"mean_preserving_scaled_beta","bounded_natural",0.06,0,0.0723774725607621,0.1,3.53553390593274,FALSE,TRUE,FALSE,0.1
256,"region_rec_diffs(1,200)",0,-3,3,0,FALSE,"regional_recruitment_variation","region_rec_var",200,NA,NA,NA,0,0,TRUE,NA,256,256,0.0370865183624334,"mean_preserving_scaled_beta","bounded_natural",0.06,0,0.618108639373889,0.1,3.53553390593274,FALSE,TRUE,FALSE,0.1
257,"region_rec_diffs(1,201)",0,-3,3,0,FALSE,"regional_recruitment_variation","region_rec_var",201,NA,NA,NA,0,0,TRUE,NA,257,257,0.000210914868103096,"mean_preserving_scaled_beta","bounded_natural",0.06,0,0.00351524780171826,0.1,3.53553390593274,FALSE,TRUE,FALSE,0.1
258,"region_rec_diffs(1,202)",0,-3,3,0,FALSE,"regional_recruitment_variation","region_rec_var",202,NA,NA,NA,0,0,TRUE,NA,258,258,-0.00844616634444817,"mean_preserving_scaled_beta","bounded_natural",0.06,0,-0.140769439074136,0.1,3.53553390593274,FALSE,TRUE,FALSE,0.1
259,"region_rec_diffs(1,203)",0,-3,3,0,FALSE,"regional_recruitment_variation","region_rec_var",203,NA,NA,NA,0,0,TRUE,NA,259,259,-0.0107745918040294,"mean_preserving_scaled_beta","bounded_natural",0.06,0,-0.179576530067157,0.1,3.53553390593274,FALSE,TRUE,FALSE,0.1
260,"region_rec_diffs(1,204)",0,-3,3,0,FALSE,"regional_recruitment_variation","region_rec_var",204,NA,NA,NA,0,0,TRUE,NA,260,260,0.0474889441508148,"mean_preserving_scaled_beta","bounded_natural",0.06,0,0.79148240251358,0.1,3.53553390593274,FALSE,TRUE,FALSE,0.1
261,"region_rec_diffs(1,205)",0,-3,3,0,FALSE,"regional_recruitment_variation","region_rec_var",205,NA,NA,NA,0,0,TRUE,NA,261,261,-0.130944807817827,"mean_preserving_scaled_beta","bounded_natural",0.06,0,-2.18241346363045,0.1,3.53553390593274,FALSE,TRUE,FALSE,0.1
262,"region_rec_diffs(1,206)",0,-3,3,0,FALSE,"regional_recruitment_variation","region_rec_var",206,NA,NA,NA,0,0,TRUE,NA,262,262,0.127726039341137,"mean_preserving_scaled_beta","bounded_natural",0.06,0,2.12876732235229,0.1,3.53553390593274,FALSE,TRUE,FALSE,0.1
263,"region_rec_diffs(1,207)",0,-3,3,0,FALSE,"regional_recruitment_variation","region_rec_var",207,NA,NA,NA,0,0,TRUE,NA,263,263,0.0057411340525686,"mean_preserving_scaled_beta","bounded_natural",0.06,0,0.0956855675428099,0.1,3.53553390593274,FALSE,TRUE,FALSE,0.1
264,"region_rec_diffs(1,208)",0,-3,3,0,FALSE,"regional_recruitment_variation","region_rec_var",208,NA,NA,NA,0,0,TRUE,NA,264,264,-0.0763466901517811,"mean_preserving_scaled_beta","bounded_natural",0.06,0,-1.27244483586302,0.1,3.53553390593274,FALSE,TRUE,FALSE,0.1
265,"region_rec_diffs(1,209)",0,-3,3,0,FALSE,"regional_recruitment_variation","region_rec_var",209,NA,NA,NA,0,0,TRUE,NA,265,265,-0.0738862840514396,"mean_preserving_scaled_beta","bounded_natural",0.06,0,-1.23143806752399,0.1,3.53553390593274,FALSE,TRUE,FALSE,0.1
266,"region_rec_diffs(1,210)",0,-3,3,0,FALSE,"regional_recruitment_variation","region_rec_var",210,NA,NA,NA,0,0,TRUE,NA,266,266,0.0314760701375443,"mean_preserving_scaled_beta","bounded_natural",0.06,0,0.524601168959071,0.1,3.53553390593274,FALSE,TRUE,FALSE,0.1
267,"region_rec_diffs(1,211)",0,-3,3,0,FALSE,"regional_recruitment_variation","region_rec_var",211,NA,NA,NA,0,0,TRUE,NA,267,267,-0.0625550032982485,"mean_preserving_scaled_beta","bounded_natural",0.06,0,-1.04258338830414,0.1,3.53553390593274,FALSE,TRUE,FALSE,0.1
268,"region_rec_diffs(1,212)",0,-3,3,0,FALSE,"regional_recruitment_variation","region_rec_var",212,NA,NA,NA,0,0,TRUE,NA,268,268,0.0293106467844737,"mean_preserving_scaled_beta","bounded_natural",0.06,0,0.488510779741228,0.1,3.53553390593274,FALSE,TRUE,FALSE,0.1
269,"region_rec_diffs(1,213)",0,-3,3,0,FALSE,"regional_recruitment_variation","region_rec_var",213,NA,NA,NA,0,0,TRUE,NA,269,269,-0.0431684370573562,"mean_preserving_scaled_beta","bounded_natural",0.06,0,-0.719473950955936,0.1,3.53553390593274,FALSE,TRUE,FALSE,0.1
270,"region_rec_diffs(1,214)",0,-3,3,0,FALSE,"regional_recruitment_variation","region_rec_var",214,NA,NA,NA,0,0,TRUE,NA,270,270,0.0954899060917995,"mean_preserving_scaled_beta","bounded_natural",0.06,0,1.59149843486333,0.1,3.53553390593274,FALSE,TRUE,FALSE,0.1
271,"region_rec_diffs(1,215)",0,-3,3,0,FALSE,"regional_recruitment_variation","region_rec_var",215,NA,NA,NA,0,0,TRUE,NA,271,271,-0.00901192428640929,"mean_preserving_scaled_beta","bounded_natural",0.06,0,-0.150198738106821,0.1,3.53553390593274,FALSE,TRUE,FALSE,0.1
272,"region_rec_diffs(1,216)",0,-3,3,0,FALSE,"regional_recruitment_variation","region_rec_var",216,NA,NA,NA,0,0,TRUE,NA,272,272,-0.121477177789901,"mean_preserving_scaled_beta","bounded_natural",0.06,0,-2.02461962983168,0.1,3.53553390593274,FALSE,TRUE,FALSE,0.1
273,"region_rec_diffs(1,217)",0,-3,3,0,FALSE,"regional_recruitment_variation","region_rec_var",217,NA,NA,NA,0,0,TRUE,NA,273,273,-0.0953736160497272,"mean_preserving_scaled_beta","bounded_natural",0.06,0,-1.58956026749545,0.1,3.53553390593274,FALSE,TRUE,FALSE,0.1
274,"region_rec_diffs(1,218)",0,-3,3,0,FALSE,"regional_recruitment_variation","region_rec_var",218,NA,NA,NA,0,0,TRUE,NA,274,274,-0.00305758436826586,"mean_preserving_scaled_beta","bounded_natural",0.06,0,-0.0509597394710977,0.1,3.53553390593274,FALSE,TRUE,FALSE,0.1
275,"region_rec_diffs(1,219)",0,-3,3,0,FALSE,"regional_recruitment_variation","region_rec_var",219,NA,NA,NA,0,0,TRUE,NA,275,275,0.0549268631274327,"mean_preserving_scaled_beta","bounded_natural",0.06,0,0.915447718790544,0.1,3.53553390593274,FALSE,TRUE,FALSE,0.1
276,"region_rec_diffs(1,220)",0,-3,3,0,FALSE,"regional_recruitment_variation","region_rec_var",220,NA,NA,NA,0,0,TRUE,NA,276,276,-0.0334962801358856,"mean_preserving_scaled_beta","bounded_natural",0.06,0,-0.558271335598093,0.1,3.53553390593274,FALSE,TRUE,FALSE,0.1
277,"region_rec_diffs(1,221)",0,-3,3,0,FALSE,"regional_recruitment_variation","region_rec_var",221,NA,NA,NA,0,0,TRUE,NA,277,277,0.0609442888055582,"mean_preserving_scaled_beta","bounded_natural",0.06,0,1.0157381467593,0.1,3.53553390593274,FALSE,TRUE,FALSE,0.1
278,"region_rec_diffs(1,222)",0,-3,3,0,FALSE,"regional_recruitment_variation","region_rec_var",222,NA,NA,NA,0,0,TRUE,NA,278,278,0.115848584784114,"mean_preserving_scaled_beta","bounded_natural",0.06,0,1.9308097464019,0.1,3.53553390593274,FALSE,TRUE,FALSE,0.1
279,"region_rec_diffs(1,223)",0,-3,3,0,FALSE,"regional_recruitment_variation","region_rec_var",223,NA,NA,NA,0,0,TRUE,NA,279,279,-0.0217535327512008,"mean_preserving_scaled_beta","bounded_natural",0.06,0,-0.362558879186681,0.1,3.53553390593274,FALSE,TRUE,FALSE,0.1
280,"region_rec_diffs(1,224)",0,-3,3,0,FALSE,"regional_recruitment_variation","region_rec_var",224,NA,NA,NA,0,0,TRUE,NA,280,280,0.0368867496968077,"mean_preserving_scaled_beta","bounded_natural",0.06,0,0.614779161613462,0.1,3.53553390593274,FALSE,TRUE,FALSE,0.1
281,"region_rec_diffs(1,225)",0,-3,3,0,FALSE,"regional_recruitment_variation","region_rec_var",225,NA,NA,NA,0,0,TRUE,NA,281,281,0.073624114048398,"mean_preserving_scaled_beta","bounded_natural",0.06,0,1.2270685674733,0.1,3.53553390593274,FALSE,TRUE,FALSE,0.1
282,"region_rec_diffs(1,226)",0,-3,3,0,FALSE,"regional_recruitment_variation","region_rec_var",226,NA,NA,NA,0,0,TRUE,NA,282,282,0.0389490724040824,"mean_preserving_scaled_beta","bounded_natural",0.06,0,0.649151206734707,0.1,3.53553390593274,FALSE,TRUE,FALSE,0.1
283,"region_rec_diffs(1,227)",0,-3,3,0,FALSE,"regional_recruitment_variation","region_rec_var",227,NA,NA,NA,0,0,TRUE,NA,283,283,-0.00372027543381526,"mean_preserving_scaled_beta","bounded_natural",0.06,0,-0.0620045905635876,0.1,3.53553390593274,FALSE,TRUE,FALSE,0.1
284,"region_rec_diffs(1,228)",0,-3,3,0,FALSE,"regional_recruitment_variation","region_rec_var",228,NA,NA,NA,0,0,TRUE,NA,284,284,0.0612024386069212,"mean_preserving_scaled_beta","bounded_natural",0.06,0,1.02004064344869,0.1,3.53553390593274,FALSE,TRUE,FALSE,0.1
285,"region_rec_diffs(1,229)",0,-3,3,0,FALSE,"regional_recruitment_variation","region_rec_var",229,NA,NA,NA,0,0,TRUE,NA,285,285,0.0178200495297673,"mean_preserving_scaled_beta","bounded_natural",0.06,0,0.297000825496122,0.1,3.53553390593274,FALSE,TRUE,FALSE,0.1
286,"region_rec_diffs(1,230)",0,-3,3,0,FALSE,"regional_recruitment_variation","region_rec_var",230,NA,NA,NA,0,0,TRUE,NA,286,286,0.00120870395575867,"mean_preserving_scaled_beta","bounded_natural",0.06,0,0.0201450659293112,0.1,3.53553390593274,FALSE,TRUE,FALSE,0.1
287,"region_rec_diffs(1,231)",0,-3,3,0,FALSE,"regional_recruitment_variation","region_rec_var",231,NA,NA,NA,0,0,TRUE,NA,287,287,0.0520155551776833,"mean_preserving_scaled_beta","bounded_natural",0.06,0,0.866925919628055,0.1,3.53553390593274,FALSE,TRUE,FALSE,0.1
288,"region_rec_diffs(1,232)",0,-3,3,0,FALSE,"regional_recruitment_variation","region_rec_var",232,NA,NA,NA,0,0,TRUE,NA,288,288,-0.00374896103087163,"mean_preserving_scaled_beta","bounded_natural",0.06,0,-0.0624826838478605,0.1,3.53553390593274,FALSE,TRUE,FALSE,0.1
289,"region_rec_diffs(1,233)",0,-3,3,0,FALSE,"regional_recruitment_variation","region_rec_var",233,NA,NA,NA,0,0,TRUE,NA,289,289,-0.0257760945448862,"mean_preserving_scaled_beta","bounded_natural",0.06,0,-0.429601575748103,0.1,3.53553390593274,FALSE,TRUE,FALSE,0.1
290,"region_rec_diffs(1,234)",0,-3,3,0,FALSE,"regional_recruitment_variation","region_rec_var",234,NA,NA,NA,0,0,TRUE,NA,290,290,0.0284946590024031,"mean_preserving_scaled_beta","bounded_natural",0.06,0,0.474910983373385,0.1,3.53553390593274,FALSE,TRUE,FALSE,0.1
291,"region_rec_diffs(1,235)",0,-3,3,0,FALSE,"regional_recruitment_variation","region_rec_var",235,NA,NA,NA,0,0,TRUE,NA,291,291,0.0633090953947351,"mean_preserving_scaled_beta","bounded_natural",0.06,0,1.05515158991225,0.1,3.53553390593274,FALSE,TRUE,FALSE,0.1
292,"region_rec_diffs(1,236)",0,-3,3,0,FALSE,"regional_recruitment_variation","region_rec_var",236,NA,NA,NA,0,0,TRUE,NA,292,292,-0.00532416602470231,"mean_preserving_scaled_beta","bounded_natural",0.06,0,-0.0887361004117052,0.1,3.53553390593274,FALSE,TRUE,FALSE,0.1
293,"region_rec_diffs(1,237)",0,-3,3,0,FALSE,"regional_recruitment_variation","region_rec_var",237,NA,NA,NA,0,0,TRUE,NA,293,293,-0.0218073652442898,"mean_preserving_scaled_beta","bounded_natural",0.06,0,-0.36345608740483,0.1,3.53553390593274,FALSE,TRUE,FALSE,0.1
294,"region_rec_diffs(1,238)",0,-3,3,0,FALSE,"regional_recruitment_variation","region_rec_var",238,NA,NA,NA,0,0,TRUE,NA,294,294,0.0917722535335166,"mean_preserving_scaled_beta","bounded_natural",0.06,0,1.52953755889194,0.1,3.53553390593274,FALSE,TRUE,FALSE,0.1
295,"region_rec_diffs(1,239)",0,-3,3,0,FALSE,"regional_recruitment_variation","region_rec_var",239,NA,NA,NA,0,0,TRUE,NA,295,295,-0.0232234212848899,"mean_preserving_scaled_beta","bounded_natural",0.06,0,-0.387057021414831,0.1,3.53553390593274,FALSE,TRUE,FALSE,0.1
296,"region_rec_diffs(1,240)",0,-3,3,0,FALSE,"regional_recruitment_variation","region_rec_var",240,NA,NA,NA,0,0,TRUE,NA,296,296,-0.0282013103117364,"mean_preserving_scaled_beta","bounded_natural",0.06,0,-0.470021838528941,0.1,3.53553390593274,FALSE,TRUE,FALSE,0.1
297,"region_rec_diffs(1,241)",0,-3,3,0,FALSE,"regional_recruitment_variation","region_rec_var",241,NA,NA,NA,0,0,TRUE,NA,297,297,-0.0425811771104585,"mean_preserving_scaled_beta","bounded_natural",0.06,0,-0.709686285174308,0.1,3.53553390593274,FALSE,TRUE,FALSE,0.1
298,"region_rec_diffs(1,242)",0,-3,3,0,FALSE,"regional_recruitment_variation","region_rec_var",242,NA,NA,NA,0,0,TRUE,NA,298,298,-0.000793793291461231,"mean_preserving_scaled_beta","bounded_natural",0.06,0,-0.0132298881910205,0.1,3.53553390593274,FALSE,TRUE,FALSE,0.1
299,"region_rec_diffs(1,243)",0,-3,3,0,FALSE,"regional_recruitment_variation","region_rec_var",243,NA,NA,NA,0,0,TRUE,NA,299,299,0.030363960839987,"mean_preserving_scaled_beta","bounded_natural",0.06,0,0.506066013999784,0.1,3.53553390593274,FALSE,TRUE,FALSE,0.1
300,"region_rec_diffs(1,244)",0,-3,3,0,FALSE,"regional_recruitment_variation","region_rec_var",244,NA,NA,NA,0,0,TRUE,NA,300,300,0.0159755525707874,"mean_preserving_scaled_beta","bounded_natural",0.06,0,0.266259209513124,0.1,3.53553390593274,FALSE,TRUE,FALSE,0.1
301,"region_rec_diffs(1,245)",0,-3,3,0,FALSE,"regional_recruitment_variation","region_rec_var",245,NA,NA,NA,0,0,TRUE,NA,301,301,0.00158106158841154,"mean_preserving_scaled_beta","bounded_natural",0.06,0,0.0263510264735256,0.1,3.53553390593274,FALSE,TRUE,FALSE,0.1
302,"region_rec_diffs(1,246)",0,-3,3,0,FALSE,"regional_recruitment_variation","region_rec_var",246,NA,NA,NA,0,0,TRUE,NA,302,302,0.0931897661967218,"mean_preserving_scaled_beta","bounded_natural",0.06,0,1.55316276994536,0.1,3.53553390593274,FALSE,TRUE,FALSE,0.1
303,"region_rec_diffs(1,247)",0,-3,3,0,FALSE,"regional_recruitment_variation","region_rec_var",247,NA,NA,NA,0,0,TRUE,NA,303,303,0.102039486371889,"mean_preserving_scaled_beta","bounded_natural",0.06,0,1.70065810619815,0.1,3.53553390593274,FALSE,TRUE,FALSE,0.1
304,"region_rec_diffs(1,248)",0,-3,3,0,FALSE,"regional_recruitment_variation","region_rec_var",248,NA,NA,NA,0,0,TRUE,NA,304,304,-0.00272369129671679,"mean_preserving_scaled_beta","bounded_natural",0.06,0,-0.0453948549452798,0.1,3.53553390593274,FALSE,TRUE,FALSE,0.1
305,"region_rec_diffs(1,249)",0,-3,3,0,FALSE,"regional_recruitment_variation","region_rec_var",249,NA,NA,NA,0,0,TRUE,NA,305,305,0.106663979738455,"mean_preserving_scaled_beta","bounded_natural",0.06,0,1.77773299564092,0.1,3.53553390593274,FALSE,TRUE,FALSE,0.1
306,"region_rec_diffs(1,250)",0,-3,3,0,FALSE,"regional_recruitment_variation","region_rec_var",250,NA,NA,NA,0,0,TRUE,NA,306,306,0.00813751015228137,"mean_preserving_scaled_beta","bounded_natural",0.06,0,0.135625169204689,0.1,3.53553390593274,FALSE,TRUE,FALSE,0.1
307,"region_rec_diffs(1,251)",0,-3,3,0,FALSE,"regional_recruitment_variation","region_rec_var",251,NA,NA,NA,0,0,TRUE,NA,307,307,0.0233121735389092,"mean_preserving_scaled_beta","bounded_natural",0.06,0,0.388536225648487,0.1,3.53553390593274,FALSE,TRUE,FALSE,0.1
308,"region_rec_diffs(1,252)",0,-3,3,0,FALSE,"regional_recruitment_variation","region_rec_var",252,NA,NA,NA,0,0,TRUE,NA,308,308,0.0870480010329011,"mean_preserving_scaled_beta","bounded_natural",0.06,0,1.45080001721502,0.1,3.53553390593274,FALSE,TRUE,FALSE,0.1
309,"region_rec_diffs(1,253)",0,-3,3,0,FALSE,"regional_recruitment_variation","region_rec_var",253,NA,NA,NA,0,0,TRUE,NA,309,309,0.0152889481857397,"mean_preserving_scaled_beta","bounded_natural",0.06,0,0.254815803095661,0.1,3.53553390593274,FALSE,TRUE,FALSE,0.1
310,"region_rec_diffs(1,254)",0,-3,3,0,FALSE,"regional_recruitment_variation","region_rec_var",254,NA,NA,NA,0,0,TRUE,NA,310,310,-0.0897734980206004,"mean_preserving_scaled_beta","bounded_natural",0.06,0,-1.49622496701001,0.1,3.53553390593274,FALSE,TRUE,FALSE,0.1
311,"region_rec_diffs(1,255)",0,-3,3,0,FALSE,"regional_recruitment_variation","region_rec_var",255,NA,NA,NA,0,0,TRUE,NA,311,311,-0.0557373781695931,"mean_preserving_scaled_beta","bounded_natural",0.06,0,-0.928956302826552,0.1,3.53553390593274,FALSE,TRUE,FALSE,0.1
312,"region_rec_diffs(1,256)",0,-3,3,0,FALSE,"regional_recruitment_variation","region_rec_var",256,NA,NA,NA,0,0,TRUE,NA,312,312,-0.0191269378630974,"mean_preserving_scaled_beta","bounded_natural",0.06,0,-0.31878229771829,0.1,3.53553390593274,FALSE,TRUE,FALSE,0.1
313,"region_rec_diffs(1,257)",0,-3,3,0,FALSE,"regional_recruitment_variation","region_rec_var",257,NA,NA,NA,0,0,TRUE,NA,313,313,-0.00102744165030177,"mean_preserving_scaled_beta","bounded_natural",0.06,0,-0.0171240275050296,0.1,3.53553390593274,FALSE,TRUE,FALSE,0.1
314,"region_rec_diffs(1,258)",0,-3,3,0,FALSE,"regional_recruitment_variation","region_rec_var",258,NA,NA,NA,0,0,TRUE,NA,314,314,-0.00169503994195308,"mean_preserving_scaled_beta","bounded_natural",0.06,0,-0.028250665699218,0.1,3.53553390593274,FALSE,TRUE,FALSE,0.1
315,"region_rec_diffs(1,259)",0,-3,3,0,FALSE,"regional_recruitment_variation","region_rec_var",259,NA,NA,NA,0,0,TRUE,NA,315,315,0.0596235399085527,"mean_preserving_scaled_beta","bounded_natural",0.06,0,0.993725665142545,0.1,3.53553390593274,FALSE,TRUE,FALSE,0.1
316,"region_rec_diffs(1,260)",0,-3,3,0,FALSE,"regional_recruitment_variation","region_rec_var",260,NA,NA,NA,0,0,TRUE,NA,316,316,0.0252267578167773,"mean_preserving_scaled_beta","bounded_natural",0.06,0,0.420445963612955,0.1,3.53553390593274,FALSE,TRUE,FALSE,0.1
317,"region_rec_diffs(1,261)",0,-3,3,0,FALSE,"regional_recruitment_variation","region_rec_var",261,NA,NA,NA,0,0,TRUE,NA,317,317,0.114686914843712,"mean_preserving_scaled_beta","bounded_natural",0.06,0,1.91144858072854,0.1,3.53553390593274,FALSE,TRUE,FALSE,0.1
318,"region_rec_diffs(1,262)",0,-3,3,0,FALSE,"regional_recruitment_variation","region_rec_var",262,NA,NA,NA,0,0,TRUE,NA,318,318,0.0303365170494621,"mean_preserving_scaled_beta","bounded_natural",0.06,0,0.505608617491034,0.1,3.53553390593274,FALSE,TRUE,FALSE,0.1
319,"region_rec_diffs(1,263)",0,-3,3,0,FALSE,"regional_recruitment_variation","region_rec_var",263,NA,NA,NA,0,0,TRUE,NA,319,319,-0.0337620096626416,"mean_preserving_scaled_beta","bounded_natural",0.06,0,-0.562700161044027,0.1,3.53553390593274,FALSE,TRUE,FALSE,0.1
320,"region_rec_diffs(1,264)",0,-3,3,0,FALSE,"regional_recruitment_variation","region_rec_var",264,NA,NA,NA,0,0,TRUE,NA,320,320,-0.0256565192068448,"mean_preserving_scaled_beta","bounded_natural",0.06,0,-0.427608653447412,0.1,3.53553390593274,FALSE,TRUE,FALSE,0.1
321,"region_rec_diffs(1,265)",0,-3,3,0,FALSE,"regional_recruitment_variation","region_rec_var",265,NA,NA,NA,0,0,TRUE,NA,321,321,-0.0571359344830737,"mean_preserving_scaled_beta","bounded_natural",0.06,0,-0.952265574717896,0.1,3.53553390593274,FALSE,TRUE,FALSE,0.1
322,"region_rec_diffs(1,266)",0,-3,3,0,FALSE,"regional_recruitment_variation","region_rec_var",266,NA,NA,NA,0,0,TRUE,NA,322,322,0.0263355190802477,"mean_preserving_scaled_beta","bounded_natural",0.06,0,0.438925318004128,0.1,3.53553390593274,FALSE,TRUE,FALSE,0.1
323,"region_rec_diffs(1,267)",0,-3,3,0,FALSE,"regional_recruitment_variation","region_rec_var",267,NA,NA,NA,0,0,TRUE,NA,323,323,-0.00194237650794093,"mean_preserving_scaled_beta","bounded_natural",0.06,0,-0.0323729417990156,0.1,3.53553390593274,FALSE,TRUE,FALSE,0.1
324,"region_rec_diffs(1,268)",0,-3,3,0,FALSE,"regional_recruitment_variation","region_rec_var",268,NA,NA,NA,0,0,TRUE,NA,324,324,0.0283610192167494,"mean_preserving_scaled_beta","bounded_natural",0.06,0,0.47268365361249,0.1,3.53553390593274,FALSE,TRUE,FALSE,0.1
325,"region_rec_diffs(1,269)",0,-3,3,0,FALSE,"regional_recruitment_variation","region_rec_var",269,NA,NA,NA,0,0,TRUE,NA,325,325,0.0281451570753233,"mean_preserving_scaled_beta","bounded_natural",0.06,0,0.469085951255388,0.1,3.53553390593274,FALSE,TRUE,FALSE,0.1
326,"region_rec_diffs(1,270)",0,-3,3,0,FALSE,"regional_recruitment_variation","region_rec_var",270,NA,NA,NA,0,0,TRUE,NA,326,326,-0.0840072472632234,"mean_preserving_scaled_beta","bounded_natural",0.06,0,-1.40012078772039,0.1,3.53553390593274,FALSE,TRUE,FALSE,0.1
327,"region_rec_diffs(1,271)",0,-3,3,0,FALSE,"regional_recruitment_variation","region_rec_var",271,NA,NA,NA,0,0,TRUE,NA,327,327,-0.0182986233130666,"mean_preserving_scaled_beta","bounded_natural",0.06,0,-0.304977055217777,0.1,3.53553390593274,FALSE,TRUE,FALSE,0.1
328,"region_rec_diffs(1,272)",0,-3,3,0,FALSE,"regional_recruitment_variation","region_rec_var",272,NA,NA,NA,0,0,TRUE,NA,328,328,-0.0236897782456209,"mean_preserving_scaled_beta","bounded_natural",0.06,0,-0.394829637427015,0.1,3.53553390593274,FALSE,TRUE,FALSE,0.1
329,"region_rec_diffs(1,273)",0,-3,3,0,FALSE,"regional_recruitment_variation","region_rec_var",273,NA,NA,NA,0,0,TRUE,NA,329,329,0.0278954975371724,"mean_preserving_scaled_beta","bounded_natural",0.06,0,0.464924958952872,0.1,3.53553390593274,FALSE,TRUE,FALSE,0.1
330,"region_rec_diffs(1,274)",0,-3,3,0,FALSE,"regional_recruitment_variation","region_rec_var",274,NA,NA,NA,0,0,TRUE,NA,330,330,-0.0228727590224214,"mean_preserving_scaled_beta","bounded_natural",0.06,0,-0.381212650373689,0.1,3.53553390593274,FALSE,TRUE,FALSE,0.1
331,"region_rec_diffs(1,275)",0,-3,3,0,FALSE,"regional_recruitment_variation","region_rec_var",275,NA,NA,NA,0,0,TRUE,NA,331,331,0.0603159514357516,"mean_preserving_scaled_beta","bounded_natural",0.06,0,1.00526585726253,0.1,3.53553390593274,FALSE,TRUE,FALSE,0.1
332,"region_rec_diffs(1,276)",0,-3,3,0,FALSE,"regional_recruitment_variation","region_rec_var",276,NA,NA,NA,0,0,TRUE,NA,332,332,0.0543464176162041,"mean_preserving_scaled_beta","bounded_natural",0.06,0,0.905773626936734,0.1,3.53553390593274,FALSE,TRUE,FALSE,0.1
333,"region_rec_diffs(1,277)",0,-3,3,0,FALSE,"regional_recruitment_variation","region_rec_var",277,NA,NA,NA,0,0,TRUE,NA,333,333,-0.129297805134277,"mean_preserving_scaled_beta","bounded_natural",0.06,0,-2.15496341890461,0.1,3.53553390593274,FALSE,TRUE,FALSE,0.1
334,"region_rec_diffs(1,278)",0,-3,3,0,FALSE,"regional_recruitment_variation","region_rec_var",278,NA,NA,NA,0,0,TRUE,NA,334,334,0.116595432750477,"mean_preserving_scaled_beta","bounded_natural",0.06,0,1.94325721250796,0.1,3.53553390593274,FALSE,TRUE,FALSE,0.1
335,"region_rec_diffs(1,279)",0,-3,3,0,FALSE,"regional_recruitment_variation","region_rec_var",279,NA,NA,NA,0,0,TRUE,NA,335,335,0.0463632221543819,"mean_preserving_scaled_beta","bounded_natural",0.06,0,0.772720369239699,0.1,3.53553390593274,FALSE,TRUE,FALSE,0.1
336,"region_rec_diffs(1,280)",0,-3,3,0,FALSE,"regional_recruitment_variation","region_rec_var",280,NA,NA,NA,0,0,TRUE,NA,336,336,0.0822536786191792,"mean_preserving_scaled_beta","bounded_natural",0.06,0,1.37089464365299,0.1,3.53553390593274,FALSE,TRUE,FALSE,0.1
337,"region_rec_diffs(1,281)",0,-3,3,0,FALSE,"regional_recruitment_variation","region_rec_var",281,NA,NA,NA,0,0,TRUE,NA,337,337,-0.0408577965714136,"mean_preserving_scaled_beta","bounded_natural",0.06,0,-0.680963276190227,0.1,3.53553390593274,FALSE,TRUE,FALSE,0.1
338,"region_rec_diffs(1,282)",0,-3,3,0,FALSE,"regional_recruitment_variation","region_rec_var",282,NA,NA,NA,0,0,TRUE,NA,338,338,-0.035794067136687,"mean_preserving_scaled_beta","bounded_natural",0.06,0,-0.59656778561145,0.1,3.53553390593274,FALSE,TRUE,FALSE,0.1
339,"region_rec_diffs(1,283)",0,-3,3,0,FALSE,"regional_recruitment_variation","region_rec_var",283,NA,NA,NA,0,0,TRUE,NA,339,339,0.0267339223326024,"mean_preserving_scaled_beta","bounded_natural",0.06,0,0.44556537221004,0.1,3.53553390593274,FALSE,TRUE,FALSE,0.1
340,"region_rec_diffs(1,284)",0,-3,3,0,FALSE,"regional_recruitment_variation","region_rec_var",284,NA,NA,NA,0,0,TRUE,NA,340,340,0.0140337017850558,"mean_preserving_scaled_beta","bounded_natural",0.06,0,0.23389502975093,0.1,3.53553390593274,FALSE,TRUE,FALSE,0.1
341,"region_rec_diffs(1,285)",0,-3,3,0,FALSE,"regional_recruitment_variation","region_rec_var",285,NA,NA,NA,0,0,TRUE,NA,341,341,-0.0236887666507681,"mean_preserving_scaled_beta","bounded_natural",0.06,0,-0.394812777512802,0.1,3.53553390593274,FALSE,TRUE,FALSE,0.1
342,"region_rec_diffs(1,286)",0,-3,3,0,FALSE,"regional_recruitment_variation","region_rec_var",286,NA,NA,NA,0,0,TRUE,NA,342,342,0.0545332821815263,"mean_preserving_scaled_beta","bounded_natural",0.06,0,0.908888036358772,0.1,3.53553390593274,FALSE,TRUE,FALSE,0.1
343,"region_rec_diffs(1,287)",0,-3,3,0,FALSE,"regional_recruitment_variation","region_rec_var",287,NA,NA,NA,0,0,TRUE,NA,343,343,0.0899047150942982,"mean_preserving_scaled_beta","bounded_natural",0.06,0,1.4984119182383,0.1,3.53553390593274,FALSE,TRUE,FALSE,0.1
344,"region_rec_diffs(1,288)",0,-3,3,0,FALSE,"regional_recruitment_variation","region_rec_var",288,NA,NA,NA,0,0,TRUE,NA,344,344,0.0259153793737297,"mean_preserving_scaled_beta","bounded_natural",0.06,0,0.431922989562161,0.1,3.53553390593274,FALSE,TRUE,FALSE,0.1
345,"region_rec_diffs(1,289)",0,-3,3,0,FALSE,"regional_recruitment_variation","region_rec_var",289,NA,NA,NA,0,0,TRUE,NA,345,345,-0.0114614910214215,"mean_preserving_scaled_beta","bounded_natural",0.06,0,-0.191024850357024,0.1,3.53553390593274,FALSE,TRUE,FALSE,0.1
346,"region_rec_diffs(1,290)",0,-3,3,0,FALSE,"regional_recruitment_variation","region_rec_var",290,NA,NA,NA,0,0,TRUE,NA,346,346,-0.0380047682210196,"mean_preserving_scaled_beta","bounded_natural",0.06,0,-0.63341280368366,0.1,3.53553390593274,FALSE,TRUE,FALSE,0.1
347,"region_rec_diffs(1,291)",0,-3,3,0,FALSE,"regional_recruitment_variation","region_rec_var",291,NA,NA,NA,0,0,TRUE,NA,347,347,0.020327790860998,"mean_preserving_scaled_beta","bounded_natural",0.06,0,0.338796514349967,0.1,3.53553390593274,FALSE,TRUE,FALSE,0.1
348,"region_rec_diffs(2,1)",0,-3,3,0,FALSE,"regional_recruitment_variation","region_rec_var",293,NA,NA,NA,0,0,TRUE,NA,348,348,-0.0880051687200814,"mean_preserving_scaled_beta","bounded_natural",0.06,0,-1.46675281200136,0.1,3.53553390593274,FALSE,TRUE,FALSE,0.1
349,"region_rec_diffs(2,2)",0,-3,3,0,FALSE,"regional_recruitment_variation","region_rec_var",294,NA,NA,NA,0,0,TRUE,NA,349,349,0.0427761565947451,"mean_preserving_scaled_beta","bounded_natural",0.06,0,0.712935943245751,0.1,3.53553390593274,FALSE,TRUE,FALSE,0.1
350,"region_rec_diffs(2,3)",0,-3,3,0,FALSE,"regional_recruitment_variation","region_rec_var",295,NA,NA,NA,0,0,TRUE,NA,350,350,0.0531771799424225,"mean_preserving_scaled_beta","bounded_natural",0.06,0,0.886286332373709,0.1,3.53553390593274,FALSE,TRUE,FALSE,0.1
351,"region_rec_diffs(2,4)",0,-3,3,0,FALSE,"regional_recruitment_variation","region_rec_var",296,NA,NA,NA,0,0,TRUE,NA,351,351,-0.0521100214426733,"mean_preserving_scaled_beta","bounded_natural",0.06,0,-0.868500357377888,0.1,3.53553390593274,FALSE,TRUE,FALSE,0.1
352,"region_rec_diffs(2,5)",0,-3,3,0,FALSE,"regional_recruitment_variation","region_rec_var",297,NA,NA,NA,0,0,TRUE,NA,352,352,0.101371256837732,"mean_preserving_scaled_beta","bounded_natural",0.06,0,1.68952094729553,0.1,3.53553390593274,FALSE,TRUE,FALSE,0.1
353,"region_rec_diffs(2,6)",0,-3,3,0,FALSE,"regional_recruitment_variation","region_rec_var",298,NA,NA,NA,0,0,TRUE,NA,353,353,-0.0465558862424298,"mean_preserving_scaled_beta","bounded_natural",0.06,0,-0.77593143737383,0.1,3.53553390593274,FALSE,TRUE,FALSE,0.1
354,"region_rec_diffs(2,7)",0,-3,3,0,FALSE,"regional_recruitment_variation","region_rec_var",299,NA,NA,NA,0,0,TRUE,NA,354,354,-0.00846936419143685,"mean_preserving_scaled_beta","bounded_natural",0.06,0,-0.141156069857281,0.1,3.53553390593274,FALSE,TRUE,FALSE,0.1
355,"region_rec_diffs(2,8)",0,-3,3,0,FALSE,"regional_recruitment_variation","region_rec_var",300,NA,NA,NA,0,0,TRUE,NA,355,355,0.0768428372412604,"mean_preserving_scaled_beta","bounded_natural",0.06,0,1.28071395402101,0.1,3.53553390593274,FALSE,TRUE,FALSE,0.1
356,"region_rec_diffs(2,9)",0,-3,3,0,FALSE,"regional_recruitment_variation","region_rec_var",301,NA,NA,NA,0,0,TRUE,NA,356,356,-0.0915236004611764,"mean_preserving_scaled_beta","bounded_natural",0.06,0,-1.52539334101961,0.1,3.53553390593274,FALSE,TRUE,FALSE,0.1
357,"region_rec_diffs(2,10)",0,-3,3,0,FALSE,"regional_recruitment_variation","region_rec_var",302,NA,NA,NA,0,0,TRUE,NA,357,357,-0.030901531328241,"mean_preserving_scaled_beta","bounded_natural",0.06,0,-0.51502552213735,0.1,3.53553390593274,FALSE,TRUE,FALSE,0.1
358,"region_rec_diffs(2,11)",0,-3,3,0,FALSE,"regional_recruitment_variation","region_rec_var",303,NA,NA,NA,0,0,TRUE,NA,358,358,-0.0728936519905643,"mean_preserving_scaled_beta","bounded_natural",0.06,0,-1.21489419984274,0.1,3.53553390593274,FALSE,TRUE,FALSE,0.1
359,"region_rec_diffs(2,12)",0,-3,3,0,FALSE,"regional_recruitment_variation","region_rec_var",304,NA,NA,NA,0,0,TRUE,NA,359,359,0.004623211641686,"mean_preserving_scaled_beta","bounded_natural",0.06,0,0.0770535273614333,0.1,3.53553390593274,FALSE,TRUE,FALSE,0.1
360,"region_rec_diffs(2,13)",0,-3,3,0,FALSE,"regional_recruitment_variation","region_rec_var",305,NA,NA,NA,0,0,TRUE,NA,360,360,-0.0155010214660081,"mean_preserving_scaled_beta","bounded_natural",0.06,0,-0.258350357766801,0.1,3.53553390593274,FALSE,TRUE,FALSE,0.1
361,"region_rec_diffs(2,14)",0,-3,3,0,FALSE,"regional_recruitment_variation","region_rec_var",306,NA,NA,NA,0,0,TRUE,NA,361,361,-0.0663845455004646,"mean_preserving_scaled_beta","bounded_natural",0.06,0,-1.10640909167441,0.1,3.53553390593274,FALSE,TRUE,FALSE,0.1
362,"region_rec_diffs(2,15)",0,-3,3,0,FALSE,"regional_recruitment_variation","region_rec_var",307,NA,NA,NA,0,0,TRUE,NA,362,362,0.158807931253865,"mean_preserving_scaled_beta","bounded_natural",0.06,0,2.64679885423108,0.1,3.53553390593274,FALSE,TRUE,FALSE,0.1
363,"region_rec_diffs(2,16)",0,-3,3,0,FALSE,"regional_recruitment_variation","region_rec_var",308,NA,NA,NA,0,0,TRUE,NA,363,363,-0.0131337130490792,"mean_preserving_scaled_beta","bounded_natural",0.06,0,-0.218895217484653,0.1,3.53553390593274,FALSE,TRUE,FALSE,0.1
364,"region_rec_diffs(2,17)",0,-3,3,0,FALSE,"regional_recruitment_variation","region_rec_var",309,NA,NA,NA,0,0,TRUE,NA,364,364,0.161628421028992,"mean_preserving_scaled_beta","bounded_natural",0.06,0,2.69380701714986,0.1,3.53553390593274,FALSE,TRUE,FALSE,0.1
365,"region_rec_diffs(2,18)",0,-3,3,0,FALSE,"regional_recruitment_variation","region_rec_var",310,NA,NA,NA,0,0,TRUE,NA,365,365,0.0605208609004109,"mean_preserving_scaled_beta","bounded_natural",0.06,0,1.00868101500685,0.1,3.53553390593274,FALSE,TRUE,FALSE,0.1
366,"region_rec_diffs(2,19)",0,-3,3,0,FALSE,"regional_recruitment_variation","region_rec_var",311,NA,NA,NA,0,0,TRUE,NA,366,366,0.0510580888154299,"mean_preserving_scaled_beta","bounded_natural",0.06,0,0.850968146923832,0.1,3.53553390593274,FALSE,TRUE,FALSE,0.1
367,"region_rec_diffs(2,20)",0,-3,3,0,FALSE,"regional_recruitment_variation","region_rec_var",312,NA,NA,NA,0,0,TRUE,NA,367,367,-0.0697958853983103,"mean_preserving_scaled_beta","bounded_natural",0.06,0,-1.1632647566385,0.1,3.53553390593274,FALSE,TRUE,FALSE,0.1
368,"region_rec_diffs(2,21)",0,-3,3,0,FALSE,"regional_recruitment_variation","region_rec_var",313,NA,NA,NA,0,0,TRUE,NA,368,368,0.0446966693416906,"mean_preserving_scaled_beta","bounded_natural",0.06,0,0.744944489028176,0.1,3.53553390593274,FALSE,TRUE,FALSE,0.1
369,"region_rec_diffs(2,22)",0,-3,3,0,FALSE,"regional_recruitment_variation","region_rec_var",314,NA,NA,NA,0,0,TRUE,NA,369,369,0.0178503431592691,"mean_preserving_scaled_beta","bounded_natural",0.06,0,0.297505719321152,0.1,3.53553390593274,FALSE,TRUE,FALSE,0.1
370,"region_rec_diffs(2,23)",0,-3,3,0,FALSE,"regional_recruitment_variation","region_rec_var",315,NA,NA,NA,0,0,TRUE,NA,370,370,0.0317464661286579,"mean_preserving_scaled_beta","bounded_natural",0.06,0,0.529107768810966,0.1,3.53553390593274,FALSE,TRUE,FALSE,0.1
371,"region_rec_diffs(2,24)",0,-3,3,0,FALSE,"regional_recruitment_variation","region_rec_var",316,NA,NA,NA,0,0,TRUE,NA,371,371,0.00432976282945319,"mean_preserving_scaled_beta","bounded_natural",0.06,0,0.0721627138242198,0.1,3.53553390593274,FALSE,TRUE,FALSE,0.1
372,"region_rec_diffs(2,25)",0,-3,3,0,FALSE,"regional_recruitment_variation","region_rec_var",317,NA,NA,NA,0,0,TRUE,NA,372,372,-0.0730953234666583,"mean_preserving_scaled_beta","bounded_natural",0.06,0,-1.21825539111097,0.1,3.53553390593274,FALSE,TRUE,FALSE,0.1
373,"region_rec_diffs(2,26)",0,-3,3,0,FALSE,"regional_recruitment_variation","region_rec_var",318,NA,NA,NA,0,0,TRUE,NA,373,373,0.0926696224109702,"mean_preserving_scaled_beta","bounded_natural",0.06,0,1.5444937068495,0.1,3.53553390593274,FALSE,TRUE,FALSE,0.1
374,"region_rec_diffs(2,27)",0,-3,3,0,FALSE,"regional_recruitment_variation","region_rec_var",319,NA,NA,NA,0,0,TRUE,NA,374,374,0.0629774214746801,"mean_preserving_scaled_beta","bounded_natural",0.06,0,1.04962369124467,0.1,3.53553390593274,FALSE,TRUE,FALSE,0.1
375,"region_rec_diffs(2,28)",0,-3,3,0,FALSE,"regional_recruitment_variation","region_rec_var",320,NA,NA,NA,0,0,TRUE,NA,375,375,-0.159709662235495,"mean_preserving_scaled_beta","bounded_natural",0.06,0,-2.66182770392491,0.1,3.53553390593274,FALSE,TRUE,FALSE,0.1
376,"region_rec_diffs(2,29)",0,-3,3,0,FALSE,"regional_recruitment_variation","region_rec_var",321,NA,NA,NA,0,0,TRUE,NA,376,376,-0.119284747803786,"mean_preserving_scaled_beta","bounded_natural",0.06,0,-1.98807913006311,0.1,3.53553390593274,FALSE,TRUE,FALSE,0.1
377,"region_rec_diffs(2,30)",0,-3,3,0,FALSE,"regional_recruitment_variation","region_rec_var",322,NA,NA,NA,0,0,TRUE,NA,377,377,-0.0319016900341267,"mean_preserving_scaled_beta","bounded_natural",0.06,0,-0.531694833902111,0.1,3.53553390593274,FALSE,TRUE,FALSE,0.1
378,"region_rec_diffs(2,31)",0,-3,3,0,FALSE,"regional_recruitment_variation","region_rec_var",323,NA,NA,NA,0,0,TRUE,NA,378,378,0.05052619399717,"mean_preserving_scaled_beta","bounded_natural",0.06,0,0.842103233286166,0.1,3.53553390593274,FALSE,TRUE,FALSE,0.1
379,"region_rec_diffs(2,32)",0,-3,3,0,FALSE,"regional_recruitment_variation","region_rec_var",324,NA,NA,NA,0,0,TRUE,NA,379,379,-0.00856451035877948,"mean_preserving_scaled_beta","bounded_natural",0.06,0,-0.142741839312991,0.1,3.53553390593274,FALSE,TRUE,FALSE,0.1
380,"region_rec_diffs(2,33)",0,-3,3,0,FALSE,"regional_recruitment_variation","region_rec_var",325,NA,NA,NA,0,0,TRUE,NA,380,380,0.0231693433294824,"mean_preserving_scaled_beta","bounded_natural",0.06,0,0.38615572215804,0.1,3.53553390593274,FALSE,TRUE,FALSE,0.1
381,"region_rec_diffs(2,34)",0,-3,3,0,FALSE,"regional_recruitment_variation","region_rec_var",326,NA,NA,NA,0,0,TRUE,NA,381,381,0.0802106902388235,"mean_preserving_scaled_beta","bounded_natural",0.06,0,1.33684483731373,0.1,3.53553390593274,FALSE,TRUE,FALSE,0.1
382,"region_rec_diffs(2,35)",0,-3,3,0,FALSE,"regional_recruitment_variation","region_rec_var",327,NA,NA,NA,0,0,TRUE,NA,382,382,-0.0763341097877746,"mean_preserving_scaled_beta","bounded_natural",0.06,0,-1.27223516312958,0.1,3.53553390593274,FALSE,TRUE,FALSE,0.1
383,"region_rec_diffs(2,36)",0,-3,3,0,FALSE,"regional_recruitment_variation","region_rec_var",328,NA,NA,NA,0,0,TRUE,NA,383,383,-0.0633323043323362,"mean_preserving_scaled_beta","bounded_natural",0.06,0,-1.05553840553894,0.1,3.53553390593274,FALSE,TRUE,FALSE,0.1
384,"region_rec_diffs(2,37)",0,-3,3,0,FALSE,"regional_recruitment_variation","region_rec_var",329,NA,NA,NA,0,0,TRUE,NA,384,384,-0.0315056791696149,"mean_preserving_scaled_beta","bounded_natural",0.06,0,-0.525094652826915,0.1,3.53553390593274,FALSE,TRUE,FALSE,0.1
385,"region_rec_diffs(2,38)",0,-3,3,0,FALSE,"regional_recruitment_variation","region_rec_var",330,NA,NA,NA,0,0,TRUE,NA,385,385,0.046919484967745,"mean_preserving_scaled_beta","bounded_natural",0.06,0,0.781991416129083,0.1,3.53553390593274,FALSE,TRUE,FALSE,0.1
386,"region_rec_diffs(2,39)",0,-3,3,0,FALSE,"regional_recruitment_variation","region_rec_var",331,NA,NA,NA,0,0,TRUE,NA,386,386,-0.0354490589771563,"mean_preserving_scaled_beta","bounded_natural",0.06,0,-0.590817649619272,0.1,3.53553390593274,FALSE,TRUE,FALSE,0.1
387,"region_rec_diffs(2,40)",0,-3,3,0,FALSE,"regional_recruitment_variation","region_rec_var",332,NA,NA,NA,0,0,TRUE,NA,387,387,-0.046299814208326,"mean_preserving_scaled_beta","bounded_natural",0.06,0,-0.771663570138766,0.1,3.53553390593274,FALSE,TRUE,FALSE,0.1
388,"region_rec_diffs(2,41)",0,-3,3,0,FALSE,"regional_recruitment_variation","region_rec_var",333,NA,NA,NA,0,0,TRUE,NA,388,388,-0.0698280420125292,"mean_preserving_scaled_beta","bounded_natural",0.06,0,-1.16380070020882,0.1,3.53553390593274,FALSE,TRUE,FALSE,0.1
389,"region_rec_diffs(2,42)",0,-3,3,0,FALSE,"regional_recruitment_variation","region_rec_var",334,NA,NA,NA,0,0,TRUE,NA,389,389,-0.0660957287451391,"mean_preserving_scaled_beta","bounded_natural",0.06,0,-1.10159547908565,0.1,3.53553390593274,FALSE,TRUE,FALSE,0.1
390,"region_rec_diffs(2,43)",0,-3,3,0,FALSE,"regional_recruitment_variation","region_rec_var",335,NA,NA,NA,0,0,TRUE,NA,390,390,0.182856415040749,"mean_preserving_scaled_beta","bounded_natural",0.06,0,3.04760691734582,0.1,3.53553390593274,FALSE,TRUE,FALSE,0.1
391,"region_rec_diffs(2,44)",0,-3,3,0,FALSE,"regional_recruitment_variation","region_rec_var",336,NA,NA,NA,0,0,TRUE,NA,391,391,-0.0503964159012291,"mean_preserving_scaled_beta","bounded_natural",0.06,0,-0.839940265020485,0.1,3.53553390593274,FALSE,TRUE,FALSE,0.1
392,"region_rec_diffs(2,45)",0,-3,3,0,FALSE,"regional_recruitment_variation","region_rec_var",337,NA,NA,NA,0,0,TRUE,NA,392,392,0.103948496565532,"mean_preserving_scaled_beta","bounded_natural",0.06,0,1.73247494275886,0.1,3.53553390593274,FALSE,TRUE,FALSE,0.1
393,"region_rec_diffs(2,46)",0,-3,3,0,FALSE,"regional_recruitment_variation","region_rec_var",338,NA,NA,NA,0,0,TRUE,NA,393,393,0.019764919352272,"mean_preserving_scaled_beta","bounded_natural",0.06,0,0.329415322537866,0.1,3.53553390593274,FALSE,TRUE,FALSE,0.1
394,"region_rec_diffs(2,47)",0,-3,3,0,FALSE,"regional_recruitment_variation","region_rec_var",339,NA,NA,NA,0,0,TRUE,NA,394,394,-0.041068128570708,"mean_preserving_scaled_beta","bounded_natural",0.06,0,-0.684468809511799,0.1,3.53553390593274,FALSE,TRUE,FALSE,0.1
395,"region_rec_diffs(2,48)",0,-3,3,0,FALSE,"regional_recruitment_variation","region_rec_var",340,NA,NA,NA,0,0,TRUE,NA,395,395,-0.0723885677563789,"mean_preserving_scaled_beta","bounded_natural",0.06,0,-1.20647612927298,0.1,3.53553390593274,FALSE,TRUE,FALSE,0.1
396,"region_rec_diffs(2,49)",0,-3,3,0,FALSE,"regional_recruitment_variation","region_rec_var",341,NA,NA,NA,0,0,TRUE,NA,396,396,0.121382870122846,"mean_preserving_scaled_beta","bounded_natural",0.06,0,2.02304783538076,0.1,3.53553390593274,FALSE,TRUE,FALSE,0.1
397,"region_rec_diffs(2,50)",0,-3,3,0,FALSE,"regional_recruitment_variation","region_rec_var",342,NA,NA,NA,0,0,TRUE,NA,397,397,-0.119402312814799,"mean_preserving_scaled_beta","bounded_natural",0.06,0,-1.99003854691332,0.1,3.53553390593274,FALSE,TRUE,FALSE,0.1
398,"region_rec_diffs(2,51)",0,-3,3,0,FALSE,"regional_recruitment_variation","region_rec_var",343,NA,NA,NA,0,0,TRUE,NA,398,398,0.0714899749927493,"mean_preserving_scaled_beta","bounded_natural",0.06,0,1.19149958321249,0.1,3.53553390593274,FALSE,TRUE,FALSE,0.1
399,"region_rec_diffs(2,52)",0,-3,3,0,FALSE,"regional_recruitment_variation","region_rec_var",344,NA,NA,NA,0,0,TRUE,NA,399,399,-0.00206216086347411,"mean_preserving_scaled_beta","bounded_natural",0.06,0,-0.0343693477245684,0.1,3.53553390593274,FALSE,TRUE,FALSE,0.1
400,"region_rec_diffs(2,53)",0,-3,3,0,FALSE,"regional_recruitment_variation","region_rec_var",345,NA,NA,NA,0,0,TRUE,NA,400,400,0.0801928995670522,"mean_preserving_scaled_beta","bounded_natural",0.06,0,1.33654832611754,0.1,3.53553390593274,FALSE,TRUE,FALSE,0.1
401,"region_rec_diffs(2,54)",0,-3,3,0,FALSE,"regional_recruitment_variation","region_rec_var",346,NA,NA,NA,0,0,TRUE,NA,401,401,-0.0800384268528291,"mean_preserving_scaled_beta","bounded_natural",0.06,0,-1.33397378088049,0.1,3.53553390593274,FALSE,TRUE,FALSE,0.1
402,"region_rec_diffs(2,55)",0,-3,3,0,FALSE,"regional_recruitment_variation","region_rec_var",347,NA,NA,NA,0,0,TRUE,NA,402,402,0.121177287906941,"mean_preserving_scaled_beta","bounded_natural",0.06,0,2.01962146511569,0.1,3.53553390593274,FALSE,TRUE,FALSE,0.1
403,"region_rec_diffs(2,56)",0,-3,3,0,FALSE,"regional_recruitment_variation","region_rec_var",348,NA,NA,NA,0,0,TRUE,NA,403,403,0.137616688394156,"mean_preserving_scaled_beta","bounded_natural",0.06,0,2.29361147323594,0.1,3.53553390593274,FALSE,TRUE,FALSE,0.1
404,"region_rec_diffs(2,57)",0,-3,3,0,FALSE,"regional_recruitment_variation","region_rec_var",349,NA,NA,NA,0,0,TRUE,NA,404,404,-0.0198096116602287,"mean_preserving_scaled_beta","bounded_natural",0.06,0,-0.330160194337144,0.1,3.53553390593274,FALSE,TRUE,FALSE,0.1
405,"region_rec_diffs(2,58)",0,-3,3,0,FALSE,"regional_recruitment_variation","region_rec_var",350,NA,NA,NA,0,0,TRUE,NA,405,405,-0.00366031332461025,"mean_preserving_scaled_beta","bounded_natural",0.06,0,-0.0610052220768375,0.1,3.53553390593274,FALSE,TRUE,FALSE,0.1
406,"region_rec_diffs(2,59)",0,-3,3,0,FALSE,"regional_recruitment_variation","region_rec_var",351,NA,NA,NA,0,0,TRUE,NA,406,406,0.00930299132094436,"mean_preserving_scaled_beta","bounded_natural",0.06,0,0.155049855349073,0.1,3.53553390593274,FALSE,TRUE,FALSE,0.1
407,"region_rec_diffs(2,60)",0,-3,3,0,FALSE,"regional_recruitment_variation","region_rec_var",352,NA,NA,NA,0,0,TRUE,NA,407,407,0.0175593611643121,"mean_preserving_scaled_beta","bounded_natural",0.06,0,0.292656019405202,0.1,3.53553390593274,FALSE,TRUE,FALSE,0.1
408,"region_rec_diffs(2,61)",0,-3,3,0,FALSE,"regional_recruitment_variation","region_rec_var",353,NA,NA,NA,0,0,TRUE,NA,408,408,0.220567597840298,"mean_preserving_scaled_beta","bounded_natural",0.06,0,3.67612663067163,0.1,3.53553390593274,FALSE,TRUE,FALSE,0.1
409,"region_rec_diffs(2,62)",0,-3,3,0,FALSE,"regional_recruitment_variation","region_rec_var",354,NA,NA,NA,0,0,TRUE,NA,409,409,0.0162812904393994,"mean_preserving_scaled_beta","bounded_natural",0.06,0,0.271354840656657,0.1,3.53553390593274,FALSE,TRUE,FALSE,0.1
410,"region_rec_diffs(2,63)",0,-3,3,0,FALSE,"regional_recruitment_variation","region_rec_var",355,NA,NA,NA,0,0,TRUE,NA,410,410,0.0487105436873314,"mean_preserving_scaled_beta","bounded_natural",0.06,0,0.811842394788857,0.1,3.53553390593274,FALSE,TRUE,FALSE,0.1
411,"region_rec_diffs(2,64)",0,-3,3,0,FALSE,"regional_recruitment_variation","region_rec_var",356,NA,NA,NA,0,0,TRUE,NA,411,411,0.0213080843982092,"mean_preserving_scaled_beta","bounded_natural",0.06,0,0.355134739970153,0.1,3.53553390593274,FALSE,TRUE,FALSE,0.1
412,"region_rec_diffs(2,65)",0,-3,3,0,FALSE,"regional_recruitment_variation","region_rec_var",357,NA,NA,NA,0,0,TRUE,NA,412,412,-0.011151918680214,"mean_preserving_scaled_beta","bounded_natural",0.06,0,-0.185865311336901,0.1,3.53553390593274,FALSE,TRUE,FALSE,0.1
413,"region_rec_diffs(2,66)",0,-3,3,0,FALSE,"regional_recruitment_variation","region_rec_var",358,NA,NA,NA,0,0,TRUE,NA,413,413,-0.065398876891134,"mean_preserving_scaled_beta","bounded_natural",0.06,0,-1.0899812815189,0.1,3.53553390593274,FALSE,TRUE,FALSE,0.1
414,"region_rec_diffs(2,67)",0,-3,3,0,FALSE,"regional_recruitment_variation","region_rec_var",359,NA,NA,NA,0,0,TRUE,NA,414,414,0.0669151931670871,"mean_preserving_scaled_beta","bounded_natural",0.06,0,1.11525321945145,0.1,3.53553390593274,FALSE,TRUE,FALSE,0.1
415,"region_rec_diffs(2,68)",0,-3,3,0,FALSE,"regional_recruitment_variation","region_rec_var",360,NA,NA,NA,0,0,TRUE,NA,415,415,0.00100083975694343,"mean_preserving_scaled_beta","bounded_natural",0.06,0,0.0166806626157238,0.1,3.53553390593274,FALSE,TRUE,FALSE,0.1
416,"region_rec_diffs(2,69)",0,-3,3,0,FALSE,"regional_recruitment_variation","region_rec_var",361,NA,NA,NA,0,0,TRUE,NA,416,416,0.0227204096921847,"mean_preserving_scaled_beta","bounded_natural",0.06,0,0.378673494869745,0.1,3.53553390593274,FALSE,TRUE,FALSE,0.1
417,"region_rec_diffs(2,70)",0,-3,3,0,FALSE,"regional_recruitment_variation","region_rec_var",362,NA,NA,NA,0,0,TRUE,NA,417,417,-0.00867833015202146,"mean_preserving_scaled_beta","bounded_natural",0.06,0,-0.144638835867024,0.1,3.53553390593274,FALSE,TRUE,FALSE,0.1
418,"region_rec_diffs(2,71)",0,-3,3,0,FALSE,"regional_recruitment_variation","region_rec_var",363,NA,NA,NA,0,0,TRUE,NA,418,418,-0.00383844124885391,"mean_preserving_scaled_beta","bounded_natural",0.06,0,-0.0639740208142318,0.1,3.53553390593274,FALSE,TRUE,FALSE,0.1
419,"region_rec_diffs(2,72)",0,-3,3,0,FALSE,"regional_recruitment_variation","region_rec_var",364,NA,NA,NA,0,0,TRUE,NA,419,419,0.000259413034124911,"mean_preserving_scaled_beta","bounded_natural",0.06,0,0.00432355056874852,0.1,3.53553390593274,FALSE,TRUE,FALSE,0.1
420,"region_rec_diffs(2,73)",0,-3,3,0,FALSE,"regional_recruitment_variation","region_rec_var",365,NA,NA,NA,0,0,TRUE,NA,420,420,0.0921635735563235,"mean_preserving_scaled_beta","bounded_natural",0.06,0,1.53605955927206,0.1,3.53553390593274,FALSE,TRUE,FALSE,0.1
421,"region_rec_diffs(2,74)",0,-3,3,0,FALSE,"regional_recruitment_variation","region_rec_var",366,NA,NA,NA,0,0,TRUE,NA,421,421,-0.058514921857852,"mean_preserving_scaled_beta","bounded_natural",0.06,0,-0.975248697630867,0.1,3.53553390593274,FALSE,TRUE,FALSE,0.1
422,"region_rec_diffs(2,75)",0,-3,3,0,FALSE,"regional_recruitment_variation","region_rec_var",367,NA,NA,NA,0,0,TRUE,NA,422,422,-0.00469863444416063,"mean_preserving_scaled_beta","bounded_natural",0.06,0,-0.0783105740693439,0.1,3.53553390593274,FALSE,TRUE,FALSE,0.1
423,"region_rec_diffs(2,76)",0,-3,3,0,FALSE,"regional_recruitment_variation","region_rec_var",368,NA,NA,NA,0,0,TRUE,NA,423,423,0.00407454191135326,"mean_preserving_scaled_beta","bounded_natural",0.06,0,0.0679090318558876,0.1,3.53553390593274,FALSE,TRUE,FALSE,0.1
424,"region_rec_diffs(2,77)",0,-3,3,0,FALSE,"regional_recruitment_variation","region_rec_var",369,NA,NA,NA,0,0,TRUE,NA,424,424,-0.0198754544495081,"mean_preserving_scaled_beta","bounded_natural",0.06,0,-0.331257574158468,0.1,3.53553390593274,FALSE,TRUE,FALSE,0.1
425,"region_rec_diffs(2,78)",0,-3,3,0,FALSE,"regional_recruitment_variation","region_rec_var",370,NA,NA,NA,0,0,TRUE,NA,425,425,0.0802014299802587,"mean_preserving_scaled_beta","bounded_natural",0.06,0,1.33669049967098,0.1,3.53553390593274,FALSE,TRUE,FALSE,0.1
426,"region_rec_diffs(2,79)",0,-3,3,0,FALSE,"regional_recruitment_variation","region_rec_var",371,NA,NA,NA,0,0,TRUE,NA,426,426,-0.0207021523456343,"mean_preserving_scaled_beta","bounded_natural",0.06,0,-0.345035872427239,0.1,3.53553390593274,FALSE,TRUE,FALSE,0.1
427,"region_rec_diffs(2,80)",0,-3,3,0,FALSE,"regional_recruitment_variation","region_rec_var",372,NA,NA,NA,0,0,TRUE,NA,427,427,0.0057865086546327,"mean_preserving_scaled_beta","bounded_natural",0.06,0,0.0964418109105451,0.1,3.53553390593274,FALSE,TRUE,FALSE,0.1
428,"region_rec_diffs(2,81)",0,-3,3,0,FALSE,"regional_recruitment_variation","region_rec_var",373,NA,NA,NA,0,0,TRUE,NA,428,428,0.0477552887782675,"mean_preserving_scaled_beta","bounded_natural",0.06,0,0.795921479637792,0.1,3.53553390593274,FALSE,TRUE,FALSE,0.1
429,"region_rec_diffs(2,82)",0,-3,3,0,FALSE,"regional_recruitment_variation","region_rec_var",374,NA,NA,NA,0,0,TRUE,NA,429,429,-0.084557962472751,"mean_preserving_scaled_beta","bounded_natural",0.06,0,-1.40929937454585,0.1,3.53553390593274,FALSE,TRUE,FALSE,0.1
430,"region_rec_diffs(2,83)",0,-3,3,0,FALSE,"regional_recruitment_variation","region_rec_var",375,NA,NA,NA,0,0,TRUE,NA,430,430,-0.0494804188030322,"mean_preserving_scaled_beta","bounded_natural",0.06,0,-0.824673646717204,0.1,3.53553390593274,FALSE,TRUE,FALSE,0.1
431,"region_rec_diffs(2,84)",0,-3,3,0,FALSE,"regional_recruitment_variation","region_rec_var",376,NA,NA,NA,0,0,TRUE,NA,431,431,-0.018195239509482,"mean_preserving_scaled_beta","bounded_natural",0.06,0,-0.3032539918247,0.1,3.53553390593274,FALSE,TRUE,FALSE,0.1
432,"region_rec_diffs(2,85)",0,-3,3,0,FALSE,"regional_recruitment_variation","region_rec_var",377,NA,NA,NA,0,0,TRUE,NA,432,432,0.0671163454131722,"mean_preserving_scaled_beta","bounded_natural",0.06,0,1.1186057568862,0.1,3.53553390593274,FALSE,TRUE,FALSE,0.1
433,"region_rec_diffs(2,86)",0,-3,3,0,FALSE,"regional_recruitment_variation","region_rec_var",378,NA,NA,NA,0,0,TRUE,NA,433,433,-0.0219470500899588,"mean_preserving_scaled_beta","bounded_natural",0.06,0,-0.36578416816598,0.1,3.53553390593274,FALSE,TRUE,FALSE,0.1
434,"region_rec_diffs(2,87)",0,-3,3,0,FALSE,"regional_recruitment_variation","region_rec_var",379,NA,NA,NA,0,0,TRUE,NA,434,434,0.0140819517828716,"mean_preserving_scaled_beta","bounded_natural",0.06,0,0.234699196381194,0.1,3.53553390593274,FALSE,TRUE,FALSE,0.1
435,"region_rec_diffs(2,88)",0,-3,3,0,FALSE,"regional_recruitment_variation","region_rec_var",380,NA,NA,NA,0,0,TRUE,NA,435,435,-0.0340695959859332,"mean_preserving_scaled_beta","bounded_natural",0.06,0,-0.567826599765553,0.1,3.53553390593274,FALSE,TRUE,FALSE,0.1
436,"region_rec_diffs(2,89)",0,-3,3,0,FALSE,"regional_recruitment_variation","region_rec_var",381,NA,NA,NA,0,0,TRUE,NA,436,436,0.0295702349119558,"mean_preserving_scaled_beta","bounded_natural",0.06,0,0.492837248532596,0.1,3.53553390593274,FALSE,TRUE,FALSE,0.1
437,"region_rec_diffs(2,90)",0,-3,3,0,FALSE,"regional_recruitment_variation","region_rec_var",382,NA,NA,NA,0,0,TRUE,NA,437,437,-0.0493547018431357,"mean_preserving_scaled_beta","bounded_natural",0.06,0,-0.822578364052262,0.1,3.53553390593274,FALSE,TRUE,FALSE,0.1
438,"region_rec_diffs(2,91)",0,-3,3,0,FALSE,"regional_recruitment_variation","region_rec_var",383,NA,NA,NA,0,0,TRUE,NA,438,438,0.114393785090261,"mean_preserving_scaled_beta","bounded_natural",0.06,0,1.90656308483768,0.1,3.53553390593274,FALSE,TRUE,FALSE,0.1
439,"region_rec_diffs(2,92)",0,-3,3,0,FALSE,"regional_recruitment_variation","region_rec_var",384,NA,NA,NA,0,0,TRUE,NA,439,439,-0.0516232415547782,"mean_preserving_scaled_beta","bounded_natural",0.06,0,-0.860387359246302,0.1,3.53553390593274,FALSE,TRUE,FALSE,0.1
440,"region_rec_diffs(2,93)",0,-3,3,0,FALSE,"regional_recruitment_variation","region_rec_var",385,NA,NA,NA,0,0,TRUE,NA,440,440,-0.085459769761659,"mean_preserving_scaled_beta","bounded_natural",0.06,0,-1.42432949602765,0.1,3.53553390593274,FALSE,TRUE,FALSE,0.1
441,"region_rec_diffs(2,94)",0,-3,3,0,FALSE,"regional_recruitment_variation","region_rec_var",386,NA,NA,NA,0,0,TRUE,NA,441,441,0.0436082491365486,"mean_preserving_scaled_beta","bounded_natural",0.06,0,0.72680415227581,0.1,3.53553390593274,FALSE,TRUE,FALSE,0.1
442,"region_rec_diffs(2,95)",0,-3,3,0,FALSE,"regional_recruitment_variation","region_rec_var",387,NA,NA,NA,0,0,TRUE,NA,442,442,0.112214089693805,"mean_preserving_scaled_beta","bounded_natural",0.06,0,1.87023482823008,0.1,3.53553390593274,FALSE,TRUE,FALSE,0.1
443,"region_rec_diffs(2,96)",0,-3,3,0,FALSE,"regional_recruitment_variation","region_rec_var",388,NA,NA,NA,0,0,TRUE,NA,443,443,-0.0353696446558809,"mean_preserving_scaled_beta","bounded_natural",0.06,0,-0.589494077598015,0.1,3.53553390593274,FALSE,TRUE,FALSE,0.1
444,"region_rec_diffs(2,97)",0,-3,3,0,FALSE,"regional_recruitment_variation","region_rec_var",389,NA,NA,NA,0,0,TRUE,NA,444,444,-0.0523444075053954,"mean_preserving_scaled_beta","bounded_natural",0.06,0,-0.872406791756589,0.1,3.53553390593274,FALSE,TRUE,FALSE,0.1
445,"region_rec_diffs(2,98)",0,-3,3,0,FALSE,"regional_recruitment_variation","region_rec_var",390,NA,NA,NA,0,0,TRUE,NA,445,445,0.0437343233527807,"mean_preserving_scaled_beta","bounded_natural",0.06,0,0.728905389213012,0.1,3.53553390593274,FALSE,TRUE,FALSE,0.1
446,"region_rec_diffs(2,99)",0,-3,3,0,FALSE,"regional_recruitment_variation","region_rec_var",391,NA,NA,NA,0,0,TRUE,NA,446,446,-0.133872904305237,"mean_preserving_scaled_beta","bounded_natural",0.06,0,-2.23121507175394,0.1,3.53553390593274,FALSE,TRUE,FALSE,0.1
447,"region_rec_diffs(2,100)",0,-3,3,0,FALSE,"regional_recruitment_variation","region_rec_var",392,NA,NA,NA,0,0,TRUE,NA,447,447,-0.021635778301023,"mean_preserving_scaled_beta","bounded_natural",0.06,0,-0.36059630501705,0.1,3.53553390593274,FALSE,TRUE,FALSE,0.1
448,"region_rec_diffs(2,101)",0,-3,3,0,FALSE,"regional_recruitment_variation","region_rec_var",393,NA,NA,NA,0,0,TRUE,NA,448,448,0.105972887439805,"mean_preserving_scaled_beta","bounded_natural",0.06,0,1.76621479066341,0.1,3.53553390593274,FALSE,TRUE,FALSE,0.1
449,"region_rec_diffs(2,102)",0,-3,3,0,FALSE,"regional_recruitment_variation","region_rec_var",394,NA,NA,NA,0,0,TRUE,NA,449,449,-0.0966007227605972,"mean_preserving_scaled_beta","bounded_natural",0.06,0,-1.61001204600995,0.1,3.53553390593274,FALSE,TRUE,FALSE,0.1
450,"region_rec_diffs(2,103)",0,-3,3,0,FALSE,"regional_recruitment_variation","region_rec_var",395,NA,NA,NA,0,0,TRUE,NA,450,450,-0.0150271986587658,"mean_preserving_scaled_beta","bounded_natural",0.06,0,-0.25045331097943,0.1,3.53553390593274,FALSE,TRUE,FALSE,0.1
451,"region_rec_diffs(2,104)",0,-3,3,0,FALSE,"regional_recruitment_variation","region_rec_var",396,NA,NA,NA,0,0,TRUE,NA,451,451,-0.0457456032303902,"mean_preserving_scaled_beta","bounded_natural",0.06,0,-0.762426720506504,0.1,3.53553390593274,FALSE,TRUE,FALSE,0.1
452,"region_rec_diffs(2,105)",0,-3,3,0,FALSE,"regional_recruitment_variation","region_rec_var",397,NA,NA,NA,0,0,TRUE,NA,452,452,0.0230864206488262,"mean_preserving_scaled_beta","bounded_natural",0.06,0,0.384773677480436,0.1,3.53553390593274,FALSE,TRUE,FALSE,0.1
453,"region_rec_diffs(2,106)",0,-3,3,0,FALSE,"regional_recruitment_variation","region_rec_var",398,NA,NA,NA,0,0,TRUE,NA,453,453,-0.0799113028268827,"mean_preserving_scaled_beta","bounded_natural",0.06,0,-1.33185504711471,0.1,3.53553390593274,FALSE,TRUE,FALSE,0.1
454,"region_rec_diffs(2,107)",0,-3,3,0,FALSE,"regional_recruitment_variation","region_rec_var",399,NA,NA,NA,0,0,TRUE,NA,454,454,0.00233357121421962,"mean_preserving_scaled_beta","bounded_natural",0.06,0,0.038892853570327,0.1,3.53553390593274,FALSE,TRUE,FALSE,0.1
455,"region_rec_diffs(2,108)",0,-3,3,0,FALSE,"regional_recruitment_variation","region_rec_var",400,NA,NA,NA,0,0,TRUE,NA,455,455,0.0137540578674602,"mean_preserving_scaled_beta","bounded_natural",0.06,0,0.229234297791003,0.1,3.53553390593274,FALSE,TRUE,FALSE,0.1
456,"region_rec_diffs(2,109)",0,-3,3,0,FALSE,"regional_recruitment_variation","region_rec_var",401,NA,NA,NA,0,0,TRUE,NA,456,456,0.0956161161281841,"mean_preserving_scaled_beta","bounded_natural",0.06,0,1.59360193546973,0.1,3.53553390593274,FALSE,TRUE,FALSE,0.1
457,"region_rec_diffs(2,110)",0,-3,3,0,FALSE,"regional_recruitment_variation","region_rec_var",402,NA,NA,NA,0,0,TRUE,NA,457,457,0.134924475733223,"mean_preserving_scaled_beta","bounded_natural",0.06,0,2.24874126222039,0.1,3.53553390593274,FALSE,TRUE,FALSE,0.1
458,"region_rec_diffs(2,111)",0,-3,3,0,FALSE,"regional_recruitment_variation","region_rec_var",403,NA,NA,NA,0,0,TRUE,NA,458,458,-0.0177686714366025,"mean_preserving_scaled_beta","bounded_natural",0.06,0,-0.296144523943376,0.1,3.53553390593274,FALSE,TRUE,FALSE,0.1
459,"region_rec_diffs(2,112)",0,-3,3,0,FALSE,"regional_recruitment_variation","region_rec_var",404,NA,NA,NA,0,0,TRUE,NA,459,459,0.0929292073508456,"mean_preserving_scaled_beta","bounded_natural",0.06,0,1.54882012251409,0.1,3.53553390593274,FALSE,TRUE,FALSE,0.1
460,"region_rec_diffs(2,113)",0,-3,3,0,FALSE,"regional_recruitment_variation","region_rec_var",405,NA,NA,NA,0,0,TRUE,NA,460,460,0.0337193997042418,"mean_preserving_scaled_beta","bounded_natural",0.06,0,0.561989995070696,0.1,3.53553390593274,FALSE,TRUE,FALSE,0.1
461,"region_rec_diffs(2,114)",0,-3,3,0,FALSE,"regional_recruitment_variation","region_rec_var",406,NA,NA,NA,0,0,TRUE,NA,461,461,-0.0239587005388446,"mean_preserving_scaled_beta","bounded_natural",0.06,0,-0.39931167564741,0.1,3.53553390593274,FALSE,TRUE,FALSE,0.1
462,"region_rec_diffs(2,115)",0,-3,3,0,FALSE,"regional_recruitment_variation","region_rec_var",407,NA,NA,NA,0,0,TRUE,NA,462,462,0.057170532993533,"mean_preserving_scaled_beta","bounded_natural",0.06,0,0.952842216558884,0.1,3.53553390593274,FALSE,TRUE,FALSE,0.1
463,"region_rec_diffs(2,116)",0,-3,3,0,FALSE,"regional_recruitment_variation","region_rec_var",408,NA,NA,NA,0,0,TRUE,NA,463,463,0.0409850238482061,"mean_preserving_scaled_beta","bounded_natural",0.06,0,0.683083730803435,0.1,3.53553390593274,FALSE,TRUE,FALSE,0.1
464,"region_rec_diffs(2,117)",0,-3,3,0,FALSE,"regional_recruitment_variation","region_rec_var",409,NA,NA,NA,0,0,TRUE,NA,464,464,0.0406334158209667,"mean_preserving_scaled_beta","bounded_natural",0.06,0,0.677223597016111,0.1,3.53553390593274,FALSE,TRUE,FALSE,0.1
465,"region_rec_diffs(2,118)",0,-3,3,0,FALSE,"regional_recruitment_variation","region_rec_var",410,NA,NA,NA,0,0,TRUE,NA,465,465,0.0499007245821597,"mean_preserving_scaled_beta","bounded_natural",0.06,0,0.831678743035994,0.1,3.53553390593274,FALSE,TRUE,FALSE,0.1
466,"region_rec_diffs(2,119)",0,-3,3,0,FALSE,"regional_recruitment_variation","region_rec_var",411,NA,NA,NA,0,0,TRUE,NA,466,466,0.0472538495177215,"mean_preserving_scaled_beta","bounded_natural",0.06,0,0.787564158628691,0.1,3.53553390593274,FALSE,TRUE,FALSE,0.1
467,"region_rec_diffs(2,120)",0,-3,3,0,FALSE,"regional_recruitment_variation","region_rec_var",412,NA,NA,NA,0,0,TRUE,NA,467,467,-0.00402161509525634,"mean_preserving_scaled_beta","bounded_natural",0.06,0,-0.0670269182542723,0.1,3.53553390593274,FALSE,TRUE,FALSE,0.1
468,"region_rec_diffs(2,121)",0,-3,3,0,FALSE,"regional_recruitment_variation","region_rec_var",413,NA,NA,NA,0,0,TRUE,NA,468,468,-0.0461235902743335,"mean_preserving_scaled_beta","bounded_natural",0.06,0,-0.768726504572226,0.1,3.53553390593274,FALSE,TRUE,FALSE,0.1
469,"region_rec_diffs(2,122)",0,-3,3,0,FALSE,"regional_recruitment_variation","region_rec_var",414,NA,NA,NA,0,0,TRUE,NA,469,469,0.038443079901334,"mean_preserving_scaled_beta","bounded_natural",0.06,0,0.640717998355567,0.1,3.53553390593274,FALSE,TRUE,FALSE,0.1
470,"region_rec_diffs(2,123)",0,-3,3,0,FALSE,"regional_recruitment_variation","region_rec_var",415,NA,NA,NA,0,0,TRUE,NA,470,470,0.00817569715485611,"mean_preserving_scaled_beta","bounded_natural",0.06,0,0.136261619247602,0.1,3.53553390593274,FALSE,TRUE,FALSE,0.1
471,"region_rec_diffs(2,124)",0,-3,3,0,FALSE,"regional_recruitment_variation","region_rec_var",416,NA,NA,NA,0,0,TRUE,NA,471,471,0.0115842193863021,"mean_preserving_scaled_beta","bounded_natural",0.06,0,0.193070323105034,0.1,3.53553390593274,FALSE,TRUE,FALSE,0.1
472,"region_rec_diffs(2,125)",0,-3,3,0,FALSE,"regional_recruitment_variation","region_rec_var",417,NA,NA,NA,0,0,TRUE,NA,472,472,-0.00567427311020152,"mean_preserving_scaled_beta","bounded_natural",0.06,0,-0.0945712185033587,0.1,3.53553390593274,FALSE,TRUE,FALSE,0.1
473,"region_rec_diffs(2,126)",0,-3,3,0,FALSE,"regional_recruitment_variation","region_rec_var",418,NA,NA,NA,0,0,TRUE,NA,473,473,0.0204447203085332,"mean_preserving_scaled_beta","bounded_natural",0.06,0,0.340745338475553,0.1,3.53553390593274,FALSE,TRUE,FALSE,0.1
474,"region_rec_diffs(2,127)",0,-3,3,0,FALSE,"regional_recruitment_variation","region_rec_var",419,NA,NA,NA,0,0,TRUE,NA,474,474,0.0612936026801854,"mean_preserving_scaled_beta","bounded_natural",0.06,0,1.02156004466976,0.1,3.53553390593274,FALSE,TRUE,FALSE,0.1
475,"region_rec_diffs(2,128)",0,-3,3,0,FALSE,"regional_recruitment_variation","region_rec_var",420,NA,NA,NA,0,0,TRUE,NA,475,475,-0.0821642742481989,"mean_preserving_scaled_beta","bounded_natural",0.06,0,-1.36940457080332,0.1,3.53553390593274,FALSE,TRUE,FALSE,0.1
476,"region_rec_diffs(2,129)",0,-3,3,0,FALSE,"regional_recruitment_variation","region_rec_var",421,NA,NA,NA,0,0,TRUE,NA,476,476,-0.0256095840419848,"mean_preserving_scaled_beta","bounded_natural",0.06,0,-0.426826400699746,0.1,3.53553390593274,FALSE,TRUE,FALSE,0.1
477,"region_rec_diffs(2,130)",0,-3,3,0,FALSE,"regional_recruitment_variation","region_rec_var",422,NA,NA,NA,0,0,TRUE,NA,477,477,-0.0204766656297046,"mean_preserving_scaled_beta","bounded_natural",0.06,0,-0.341277760495077,0.1,3.53553390593274,FALSE,TRUE,FALSE,0.1
478,"region_rec_diffs(2,131)",0,-3,3,0,FALSE,"regional_recruitment_variation","region_rec_var",423,NA,NA,NA,0,0,TRUE,NA,478,478,-0.0178002494016178,"mean_preserving_scaled_beta","bounded_natural",0.06,0,-0.296670823360297,0.1,3.53553390593274,FALSE,TRUE,FALSE,0.1
479,"region_rec_diffs(2,132)",0,-3,3,0,FALSE,"regional_recruitment_variation","region_rec_var",424,NA,NA,NA,0,0,TRUE,NA,479,479,0.0662770305326621,"mean_preserving_scaled_beta","bounded_natural",0.06,0,1.10461717554437,0.1,3.53553390593274,FALSE,TRUE,FALSE,0.1
480,"region_rec_diffs(2,133)",0,-3,3,0,FALSE,"regional_recruitment_variation","region_rec_var",425,NA,NA,NA,0,0,TRUE,NA,480,480,-0.0119442229615623,"mean_preserving_scaled_beta","bounded_natural",0.06,0,-0.199070382692705,0.1,3.53553390593274,FALSE,TRUE,FALSE,0.1
481,"region_rec_diffs(2,134)",0,-3,3,0,FALSE,"regional_recruitment_variation","region_rec_var",426,NA,NA,NA,0,0,TRUE,NA,481,481,-0.0160420338227123,"mean_preserving_scaled_beta","bounded_natural",0.06,0,-0.267367230378538,0.1,3.53553390593274,FALSE,TRUE,FALSE,0.1
482,"region_rec_diffs(2,135)",0,-3,3,0,FALSE,"regional_recruitment_variation","region_rec_var",427,NA,NA,NA,0,0,TRUE,NA,482,482,0.0281543697161331,"mean_preserving_scaled_beta","bounded_natural",0.06,0,0.469239495268884,0.1,3.53553390593274,FALSE,TRUE,FALSE,0.1
483,"region_rec_diffs(2,136)",0,-3,3,0,FALSE,"regional_recruitment_variation","region_rec_var",428,NA,NA,NA,0,0,TRUE,NA,483,483,0.0361519458225938,"mean_preserving_scaled_beta","bounded_natural",0.06,0,0.602532430376564,0.1,3.53553390593274,FALSE,TRUE,FALSE,0.1
484,"region_rec_diffs(2,137)",0,-3,3,0,FALSE,"regional_recruitment_variation","region_rec_var",429,NA,NA,NA,0,0,TRUE,NA,484,484,0.0242311885000346,"mean_preserving_scaled_beta","bounded_natural",0.06,0,0.403853141667243,0.1,3.53553390593274,FALSE,TRUE,FALSE,0.1
485,"region_rec_diffs(2,138)",0,-3,3,0,FALSE,"regional_recruitment_variation","region_rec_var",430,NA,NA,NA,0,0,TRUE,NA,485,485,-0.0409343411981533,"mean_preserving_scaled_beta","bounded_natural",0.06,0,-0.682239019969222,0.1,3.53553390593274,FALSE,TRUE,FALSE,0.1
486,"region_rec_diffs(2,139)",0,-3,3,0,FALSE,"regional_recruitment_variation","region_rec_var",431,NA,NA,NA,0,0,TRUE,NA,486,486,0.0596190986082297,"mean_preserving_scaled_beta","bounded_natural",0.06,0,0.993651643470494,0.1,3.53553390593274,FALSE,TRUE,FALSE,0.1
487,"region_rec_diffs(2,140)",0,-3,3,0,FALSE,"regional_recruitment_variation","region_rec_var",432,NA,NA,NA,0,0,TRUE,NA,487,487,0.0126070286965887,"mean_preserving_scaled_beta","bounded_natural",0.06,0,0.210117144943145,0.1,3.53553390593274,FALSE,TRUE,FALSE,0.1
488,"region_rec_diffs(2,141)",0,-3,3,0,FALSE,"regional_recruitment_variation","region_rec_var",433,NA,NA,NA,0,0,TRUE,NA,488,488,0.0214359806308186,"mean_preserving_scaled_beta","bounded_natural",0.06,0,0.357266343846977,0.1,3.53553390593274,FALSE,TRUE,FALSE,0.1
489,"region_rec_diffs(2,142)",0,-3,3,0,FALSE,"regional_recruitment_variation","region_rec_var",434,NA,NA,NA,0,0,TRUE,NA,489,489,-0.0195038549688809,"mean_preserving_scaled_beta","bounded_natural",0.06,0,-0.325064249481347,0.1,3.53553390593274,FALSE,TRUE,FALSE,0.1
490,"region_rec_diffs(2,143)",0,-3,3,0,FALSE,"regional_recruitment_variation","region_rec_var",435,NA,NA,NA,0,0,TRUE,NA,490,490,-0.0151783391324032,"mean_preserving_scaled_beta","bounded_natural",0.06,0,-0.252972318873386,0.1,3.53553390593274,FALSE,TRUE,FALSE,0.1
491,"region_rec_diffs(2,144)",0,-3,3,0,FALSE,"regional_recruitment_variation","region_rec_var",436,NA,NA,NA,0,0,TRUE,NA,491,491,-0.13302641006922,"mean_preserving_scaled_beta","bounded_natural",0.06,0,-2.21710683448701,0.1,3.53553390593274,FALSE,TRUE,FALSE,0.1
492,"region_rec_diffs(2,145)",0,-3,3,0,FALSE,"regional_recruitment_variation","region_rec_var",437,NA,NA,NA,0,0,TRUE,NA,492,492,-0.0262401151781013,"mean_preserving_scaled_beta","bounded_natural",0.06,0,-0.437335252968355,0.1,3.53553390593274,FALSE,TRUE,FALSE,0.1
493,"region_rec_diffs(2,146)",0,-3,3,0,FALSE,"regional_recruitment_variation","region_rec_var",438,NA,NA,NA,0,0,TRUE,NA,493,493,0.0363523571762645,"mean_preserving_scaled_beta","bounded_natural",0.06,0,0.605872619604408,0.1,3.53553390593274,FALSE,TRUE,FALSE,0.1
494,"region_rec_diffs(2,147)",0,-3,3,0,FALSE,"regional_recruitment_variation","region_rec_var",439,NA,NA,NA,0,0,TRUE,NA,494,494,-0.0289199126557822,"mean_preserving_scaled_beta","bounded_natural",0.06,0,-0.481998544263037,0.1,3.53553390593274,FALSE,TRUE,FALSE,0.1
495,"region_rec_diffs(2,148)",0,-3,3,0,FALSE,"regional_recruitment_variation","region_rec_var",440,NA,NA,NA,0,0,TRUE,NA,495,495,0.00447202373885069,"mean_preserving_scaled_beta","bounded_natural",0.06,0,0.0745337289808449,0.1,3.53553390593274,FALSE,TRUE,FALSE,0.1
496,"region_rec_diffs(2,149)",0,-3,3,0,FALSE,"regional_recruitment_variation","region_rec_var",441,NA,NA,NA,0,0,TRUE,NA,496,496,0.0346731098893427,"mean_preserving_scaled_beta","bounded_natural",0.06,0,0.577885164822378,0.1,3.53553390593274,FALSE,TRUE,FALSE,0.1
497,"region_rec_diffs(2,150)",0,-3,3,0,FALSE,"regional_recruitment_variation","region_rec_var",442,NA,NA,NA,0,0,TRUE,NA,497,497,0.0808614168740922,"mean_preserving_scaled_beta","bounded_natural",0.06,0,1.34769028123487,0.1,3.53553390593274,FALSE,TRUE,FALSE,0.1
498,"region_rec_diffs(2,151)",0,-3,3,0,FALSE,"regional_recruitment_variation","region_rec_var",443,NA,NA,NA,0,0,TRUE,NA,498,498,-0.0213094118540873,"mean_preserving_scaled_beta","bounded_natural",0.06,0,-0.355156864234788,0.1,3.53553390593274,FALSE,TRUE,FALSE,0.1
499,"region_rec_diffs(2,152)",0,-3,3,0,FALSE,"regional_recruitment_variation","region_rec_var",444,NA,NA,NA,0,0,TRUE,NA,499,499,0.139498323374165,"mean_preserving_scaled_beta","bounded_natural",0.06,0,2.32497205623609,0.1,3.53553390593274,FALSE,TRUE,FALSE,0.1
500,"region_rec_diffs(2,153)",0,-3,3,0,FALSE,"regional_recruitment_variation","region_rec_var",445,NA,NA,NA,0,0,TRUE,NA,500,500,0.0262968427309413,"mean_preserving_scaled_beta","bounded_natural",0.06,0,0.438280712182356,0.1,3.53553390593274,FALSE,TRUE,FALSE,0.1
501,"region_rec_diffs(2,154)",0,-3,3,0,FALSE,"regional_recruitment_variation","region_rec_var",446,NA,NA,NA,0,0,TRUE,NA,501,501,-0.0490212183170153,"mean_preserving_scaled_beta","bounded_natural",0.06,0,-0.817020305283589,0.1,3.53553390593274,FALSE,TRUE,FALSE,0.1
502,"region_rec_diffs(2,155)",0,-3,3,0,FALSE,"regional_recruitment_variation","region_rec_var",447,NA,NA,NA,0,0,TRUE,NA,502,502,-0.0467086674949009,"mean_preserving_scaled_beta","bounded_natural",0.06,0,-0.778477791581681,0.1,3.53553390593274,FALSE,TRUE,FALSE,0.1
503,"region_rec_diffs(2,156)",0,-3,3,0,FALSE,"regional_recruitment_variation","region_rec_var",448,NA,NA,NA,0,0,TRUE,NA,503,503,-0.0594716893393037,"mean_preserving_scaled_beta","bounded_natural",0.06,0,-0.991194822321728,0.1,3.53553390593274,FALSE,TRUE,FALSE,0.1
504,"region_rec_diffs(2,157)",0,-3,3,0,FALSE,"regional_recruitment_variation","region_rec_var",449,NA,NA,NA,0,0,TRUE,NA,504,504,-0.0693709971166818,"mean_preserving_scaled_beta","bounded_natural",0.06,0,-1.15618328527803,0.1,3.53553390593274,FALSE,TRUE,FALSE,0.1
505,"region_rec_diffs(2,158)",0,-3,3,0,FALSE,"regional_recruitment_variation","region_rec_var",450,NA,NA,NA,0,0,TRUE,NA,505,505,0.0057661279883785,"mean_preserving_scaled_beta","bounded_natural",0.06,0,0.0961021331396417,0.1,3.53553390593274,FALSE,TRUE,FALSE,0.1
506,"region_rec_diffs(2,159)",0,-3,3,0,FALSE,"regional_recruitment_variation","region_rec_var",451,NA,NA,NA,0,0,TRUE,NA,506,506,0.0768092775181319,"mean_preserving_scaled_beta","bounded_natural",0.06,0,1.2801546253022,0.1,3.53553390593274,FALSE,TRUE,FALSE,0.1
507,"region_rec_diffs(2,160)",0,-3,3,0,FALSE,"regional_recruitment_variation","region_rec_var",452,NA,NA,NA,0,0,TRUE,NA,507,507,-0.0835507670638087,"mean_preserving_scaled_beta","bounded_natural",0.06,0,-1.39251278439681,0.1,3.53553390593274,FALSE,TRUE,FALSE,0.1
508,"region_rec_diffs(2,161)",0,-3,3,0,FALSE,"regional_recruitment_variation","region_rec_var",453,NA,NA,NA,0,0,TRUE,NA,508,508,0.0677763290427742,"mean_preserving_scaled_beta","bounded_natural",0.06,0,1.12960548404624,0.1,3.53553390593274,FALSE,TRUE,FALSE,0.1
509,"region_rec_diffs(2,162)",0,-3,3,0,FALSE,"regional_recruitment_variation","region_rec_var",454,NA,NA,NA,0,0,TRUE,NA,509,509,0.0221846949936486,"mean_preserving_scaled_beta","bounded_natural",0.06,0,0.36974491656081,0.1,3.53553390593274,FALSE,TRUE,FALSE,0.1
510,"region_rec_diffs(2,163)",0,-3,3,0,FALSE,"regional_recruitment_variation","region_rec_var",455,NA,NA,NA,0,0,TRUE,NA,510,510,-0.0197803377481747,"mean_preserving_scaled_beta","bounded_natural",0.06,0,-0.329672295802911,0.1,3.53553390593274,FALSE,TRUE,FALSE,0.1
511,"region_rec_diffs(2,164)",0,-3,3,0,FALSE,"regional_recruitment_variation","region_rec_var",456,NA,NA,NA,0,0,TRUE,NA,511,511,0.0611177116431874,"mean_preserving_scaled_beta","bounded_natural",0.06,0,1.01862852738646,0.1,3.53553390593274,FALSE,TRUE,FALSE,0.1
512,"region_rec_diffs(2,165)",0,-3,3,0,FALSE,"regional_recruitment_variation","region_rec_var",457,NA,NA,NA,0,0,TRUE,NA,512,512,-0.0228354223309042,"mean_preserving_scaled_beta","bounded_natural",0.06,0,-0.380590372181736,0.1,3.53553390593274,FALSE,TRUE,FALSE,0.1
513,"region_rec_diffs(2,166)",0,-3,3,0,FALSE,"regional_recruitment_variation","region_rec_var",458,NA,NA,NA,0,0,TRUE,NA,513,513,-0.0862427507271595,"mean_preserving_scaled_beta","bounded_natural",0.06,0,-1.43737917878599,0.1,3.53553390593274,FALSE,TRUE,FALSE,0.1
514,"region_rec_diffs(2,167)",0,-3,3,0,FALSE,"regional_recruitment_variation","region_rec_var",459,NA,NA,NA,0,0,TRUE,NA,514,514,0.0477853210907728,"mean_preserving_scaled_beta","bounded_natural",0.06,0,0.796422018179547,0.1,3.53553390593274,FALSE,TRUE,FALSE,0.1
515,"region_rec_diffs(2,168)",0,-3,3,0,FALSE,"regional_recruitment_variation","region_rec_var",460,NA,NA,NA,0,0,TRUE,NA,515,515,0.0964342072125364,"mean_preserving_scaled_beta","bounded_natural",0.06,0,1.60723678687561,0.1,3.53553390593274,FALSE,TRUE,FALSE,0.1
516,"region_rec_diffs(2,169)",0,-3,3,0,FALSE,"regional_recruitment_variation","region_rec_var",461,NA,NA,NA,0,0,TRUE,NA,516,516,0.021079181939784,"mean_preserving_scaled_beta","bounded_natural",0.06,0,0.3513196989964,0.1,3.53553390593274,FALSE,TRUE,FALSE,0.1
517,"region_rec_diffs(2,170)",0,-3,3,0,FALSE,"regional_recruitment_variation","region_rec_var",462,NA,NA,NA,0,0,TRUE,NA,517,517,0.0831771720543264,"mean_preserving_scaled_beta","bounded_natural",0.06,0,1.38628620090544,0.1,3.53553390593274,FALSE,TRUE,FALSE,0.1
518,"region_rec_diffs(2,171)",0,-3,3,0,FALSE,"regional_recruitment_variation","region_rec_var",463,NA,NA,NA,0,0,TRUE,NA,518,518,-0.000799774822583199,"mean_preserving_scaled_beta","bounded_natural",0.06,0,-0.0133295803763866,0.1,3.53553390593274,FALSE,TRUE,FALSE,0.1
519,"region_rec_diffs(2,172)",0,-3,3,0,FALSE,"regional_recruitment_variation","region_rec_var",464,NA,NA,NA,0,0,TRUE,NA,519,519,-0.0430415368295654,"mean_preserving_scaled_beta","bounded_natural",0.06,0,-0.717358947159422,0.1,3.53553390593274,FALSE,TRUE,FALSE,0.1
520,"region_rec_diffs(2,173)",0,-3,3,0,FALSE,"regional_recruitment_variation","region_rec_var",465,NA,NA,NA,0,0,TRUE,NA,520,520,0.0765243265623026,"mean_preserving_scaled_beta","bounded_natural",0.06,0,1.27540544270504,0.1,3.53553390593274,FALSE,TRUE,FALSE,0.1
521,"region_rec_diffs(2,174)",0,-3,3,0,FALSE,"regional_recruitment_variation","region_rec_var",466,NA,NA,NA,0,0,TRUE,NA,521,521,-0.0830282765322377,"mean_preserving_scaled_beta","bounded_natural",0.06,0,-1.38380460887063,0.1,3.53553390593274,FALSE,TRUE,FALSE,0.1
522,"region_rec_diffs(2,175)",0,-3,3,0,FALSE,"regional_recruitment_variation","region_rec_var",467,NA,NA,NA,0,0,TRUE,NA,522,522,0.0565944901278383,"mean_preserving_scaled_beta","bounded_natural",0.06,0,0.943241502130639,0.1,3.53553390593274,FALSE,TRUE,FALSE,0.1
523,"region_rec_diffs(2,176)",0,-3,3,0,FALSE,"regional_recruitment_variation","region_rec_var",468,NA,NA,NA,0,0,TRUE,NA,523,523,-0.0601517258278581,"mean_preserving_scaled_beta","bounded_natural",0.06,0,-1.00252876379763,0.1,3.53553390593274,FALSE,TRUE,FALSE,0.1
524,"region_rec_diffs(2,177)",0,-3,3,0,FALSE,"regional_recruitment_variation","region_rec_var",469,NA,NA,NA,0,0,TRUE,NA,524,524,0.0990729881275367,"mean_preserving_scaled_beta","bounded_natural",0.06,0,1.65121646879228,0.1,3.53553390593274,FALSE,TRUE,FALSE,0.1
525,"region_rec_diffs(2,178)",0,-3,3,0,FALSE,"regional_recruitment_variation","region_rec_var",470,NA,NA,NA,0,0,TRUE,NA,525,525,-0.0312826922093499,"mean_preserving_scaled_beta","bounded_natural",0.06,0,-0.521378203489164,0.1,3.53553390593274,FALSE,TRUE,FALSE,0.1
526,"region_rec_diffs(2,179)",0,-3,3,0,FALSE,"regional_recruitment_variation","region_rec_var",471,NA,NA,NA,0,0,TRUE,NA,526,526,-0.0623736051581307,"mean_preserving_scaled_beta","bounded_natural",0.06,0,-1.03956008596885,0.1,3.53553390593274,FALSE,TRUE,FALSE,0.1
527,"region_rec_diffs(2,180)",0,-3,3,0,FALSE,"regional_recruitment_variation","region_rec_var",472,NA,NA,NA,0,0,TRUE,NA,527,527,0.101787150118667,"mean_preserving_scaled_beta","bounded_natural",0.06,0,1.69645250197778,0.1,3.53553390593274,FALSE,TRUE,FALSE,0.1
528,"region_rec_diffs(2,181)",0,-3,3,0,FALSE,"regional_recruitment_variation","region_rec_var",473,NA,NA,NA,0,0,TRUE,NA,528,528,-0.049470760774796,"mean_preserving_scaled_beta","bounded_natural",0.06,0,-0.824512679579932,0.1,3.53553390593274,FALSE,TRUE,FALSE,0.1
529,"region_rec_diffs(2,182)",0,-3,3,0,FALSE,"regional_recruitment_variation","region_rec_var",474,NA,NA,NA,0,0,TRUE,NA,529,529,-0.14051470733134,"mean_preserving_scaled_beta","bounded_natural",0.06,0,-2.34191178885566,0.1,3.53553390593274,FALSE,TRUE,FALSE,0.1
530,"region_rec_diffs(2,183)",0,-3,3,0,FALSE,"regional_recruitment_variation","region_rec_var",475,NA,NA,NA,0,0,TRUE,NA,530,530,-0.0844633569872455,"mean_preserving_scaled_beta","bounded_natural",0.06,0,-1.40772261645409,0.1,3.53553390593274,FALSE,TRUE,FALSE,0.1
531,"region_rec_diffs(2,184)",0,-3,3,0,FALSE,"regional_recruitment_variation","region_rec_var",476,NA,NA,NA,0,0,TRUE,NA,531,531,-0.00119107125432993,"mean_preserving_scaled_beta","bounded_natural",0.06,0,-0.0198511875721656,0.1,3.53553390593274,FALSE,TRUE,FALSE,0.1
532,"region_rec_diffs(2,185)",0,-3,3,0,FALSE,"regional_recruitment_variation","region_rec_var",477,NA,NA,NA,0,0,TRUE,NA,532,532,-0.0183657476812815,"mean_preserving_scaled_beta","bounded_natural",0.06,0,-0.306095794688025,0.1,3.53553390593274,FALSE,TRUE,FALSE,0.1
533,"region_rec_diffs(2,186)",0,-3,3,0,FALSE,"regional_recruitment_variation","region_rec_var",478,NA,NA,NA,0,0,TRUE,NA,533,533,0.0527173377337729,"mean_preserving_scaled_beta","bounded_natural",0.06,0,0.878622295562881,0.1,3.53553390593274,FALSE,TRUE,FALSE,0.1
534,"region_rec_diffs(2,187)",0,-3,3,0,FALSE,"regional_recruitment_variation","region_rec_var",479,NA,NA,NA,0,0,TRUE,NA,534,534,0.0386003118507361,"mean_preserving_scaled_beta","bounded_natural",0.06,0,0.643338530845601,0.1,3.53553390593274,FALSE,TRUE,FALSE,0.1
535,"region_rec_diffs(2,188)",0,-3,3,0,FALSE,"regional_recruitment_variation","region_rec_var",480,NA,NA,NA,0,0,TRUE,NA,535,535,-0.037513739828043,"mean_preserving_scaled_beta","bounded_natural",0.06,0,-0.625228997134049,0.1,3.53553390593274,FALSE,TRUE,FALSE,0.1
536,"region_rec_diffs(2,189)",0,-3,3,0,FALSE,"regional_recruitment_variation","region_rec_var",481,NA,NA,NA,0,0,TRUE,NA,536,536,0.0385066260364288,"mean_preserving_scaled_beta","bounded_natural",0.06,0,0.641777100607147,0.1,3.53553390593274,FALSE,TRUE,FALSE,0.1
537,"region_rec_diffs(2,190)",0,-3,3,0,FALSE,"regional_recruitment_variation","region_rec_var",482,NA,NA,NA,0,0,TRUE,NA,537,537,-0.00700548734145823,"mean_preserving_scaled_beta","bounded_natural",0.06,0,-0.116758122357637,0.1,3.53553390593274,FALSE,TRUE,FALSE,0.1
538,"region_rec_diffs(2,191)",0,-3,3,0,FALSE,"regional_recruitment_variation","region_rec_var",483,NA,NA,NA,0,0,TRUE,NA,538,538,-0.0868474934796386,"mean_preserving_scaled_beta","bounded_natural",0.06,0,-1.44745822466064,0.1,3.53553390593274,FALSE,TRUE,FALSE,0.1
539,"region_rec_diffs(2,192)",0,-3,3,0,FALSE,"regional_recruitment_variation","region_rec_var",484,NA,NA,NA,0,0,TRUE,NA,539,539,-0.00822301790337399,"mean_preserving_scaled_beta","bounded_natural",0.06,0,-0.137050298389566,0.1,3.53553390593274,FALSE,TRUE,FALSE,0.1
540,"region_rec_diffs(2,193)",0,-3,3,0,FALSE,"regional_recruitment_variation","region_rec_var",485,NA,NA,NA,0,0,TRUE,NA,540,540,-1.0227490232495e-05,"mean_preserving_scaled_beta","bounded_natural",0.06,0,-0.000170458170541584,0.1,3.53553390593274,FALSE,TRUE,FALSE,0.1
541,"region_rec_diffs(2,194)",0,-3,3,0,FALSE,"regional_recruitment_variation","region_rec_var",486,NA,NA,NA,0,0,TRUE,NA,541,541,-0.0988945089260884,"mean_preserving_scaled_beta","bounded_natural",0.06,0,-1.64824181543481,0.1,3.53553390593274,FALSE,TRUE,FALSE,0.1
542,"region_rec_diffs(2,195)",0,-3,3,0,FALSE,"regional_recruitment_variation","region_rec_var",487,NA,NA,NA,0,0,TRUE,NA,542,542,-0.0677747340927488,"mean_preserving_scaled_beta","bounded_natural",0.06,0,-1.12957890154581,0.1,3.53553390593274,FALSE,TRUE,FALSE,0.1
543,"region_rec_diffs(2,196)",0,-3,3,0,FALSE,"regional_recruitment_variation","region_rec_var",488,NA,NA,NA,0,0,TRUE,NA,543,543,0.0290703200959612,"mean_preserving_scaled_beta","bounded_natural",0.06,0,0.484505334932687,0.1,3.53553390593274,FALSE,TRUE,FALSE,0.1
544,"region_rec_diffs(2,197)",0,-3,3,0,FALSE,"regional_recruitment_variation","region_rec_var",489,NA,NA,NA,0,0,TRUE,NA,544,544,0.0744713052650496,"mean_preserving_scaled_beta","bounded_natural",0.06,0,1.24118842108416,0.1,3.53553390593274,FALSE,TRUE,FALSE,0.1
545,"region_rec_diffs(2,198)",0,-3,3,0,FALSE,"regional_recruitment_variation","region_rec_var",490,NA,NA,NA,0,0,TRUE,NA,545,545,0.0520136511260336,"mean_preserving_scaled_beta","bounded_natural",0.06,0,0.866894185433894,0.1,3.53553390593274,FALSE,TRUE,FALSE,0.1
546,"region_rec_diffs(2,199)",0,-3,3,0,FALSE,"regional_recruitment_variation","region_rec_var",491,NA,NA,NA,0,0,TRUE,NA,546,546,-0.0726864790002741,"mean_preserving_scaled_beta","bounded_natural",0.06,0,-1.21144131667124,0.1,3.53553390593274,FALSE,TRUE,FALSE,0.1
547,"region_rec_diffs(2,200)",0,-3,3,0,FALSE,"regional_recruitment_variation","region_rec_var",492,NA,NA,NA,0,0,TRUE,NA,547,547,0.110314422862818,"mean_preserving_scaled_beta","bounded_natural",0.06,0,1.83857371438031,0.1,3.53553390593274,FALSE,TRUE,FALSE,0.1
548,"region_rec_diffs(2,201)",0,-3,3,0,FALSE,"regional_recruitment_variation","region_rec_var",493,NA,NA,NA,0,0,TRUE,NA,548,548,0.0289655279189005,"mean_preserving_scaled_beta","bounded_natural",0.06,0,0.482758798648342,0.1,3.53553390593274,FALSE,TRUE,FALSE,0.1
549,"region_rec_diffs(2,202)",0,-3,3,0,FALSE,"regional_recruitment_variation","region_rec_var",494,NA,NA,NA,0,0,TRUE,NA,549,549,-0.012930345703519,"mean_preserving_scaled_beta","bounded_natural",0.06,0,-0.215505761725317,0.1,3.53553390593274,FALSE,TRUE,FALSE,0.1
550,"region_rec_diffs(2,203)",0,-3,3,0,FALSE,"regional_recruitment_variation","region_rec_var",495,NA,NA,NA,0,0,TRUE,NA,550,550,0.00257303595299385,"mean_preserving_scaled_beta","bounded_natural",0.06,0,0.0428839325498975,0.1,3.53553390593274,FALSE,TRUE,FALSE,0.1
551,"region_rec_diffs(2,204)",0,-3,3,0,FALSE,"regional_recruitment_variation","region_rec_var",496,NA,NA,NA,0,0,TRUE,NA,551,551,-0.0312709010867973,"mean_preserving_scaled_beta","bounded_natural",0.06,0,-0.521181684779955,0.1,3.53553390593274,FALSE,TRUE,FALSE,0.1
552,"region_rec_diffs(2,205)",0,-3,3,0,FALSE,"regional_recruitment_variation","region_rec_var",497,NA,NA,NA,0,0,TRUE,NA,552,552,-0.0832735802055278,"mean_preserving_scaled_beta","bounded_natural",0.06,0,-1.38789300342546,0.1,3.53553390593274,FALSE,TRUE,FALSE,0.1
553,"region_rec_diffs(2,206)",0,-3,3,0,FALSE,"regional_recruitment_variation","region_rec_var",498,NA,NA,NA,0,0,TRUE,NA,553,553,-0.02340229181792,"mean_preserving_scaled_beta","bounded_natural",0.06,0,-0.390038196965333,0.1,3.53553390593274,FALSE,TRUE,FALSE,0.1
554,"region_rec_diffs(2,207)",0,-3,3,0,FALSE,"regional_recruitment_variation","region_rec_var",499,NA,NA,NA,0,0,TRUE,NA,554,554,-0.0182631233346302,"mean_preserving_scaled_beta","bounded_natural",0.06,0,-0.304385388910503,0.1,3.53553390593274,FALSE,TRUE,FALSE,0.1
555,"region_rec_diffs(2,208)",0,-3,3,0,FALSE,"regional_recruitment_variation","region_rec_var",500,NA,NA,NA,0,0,TRUE,NA,555,555,-0.0289680710388902,"mean_preserving_scaled_beta","bounded_natural",0.06,0,-0.482801183981503,0.1,3.53553390593274,FALSE,TRUE,FALSE,0.1
556,"region_rec_diffs(2,209)",0,-3,3,0,FALSE,"regional_recruitment_variation","region_rec_var",501,NA,NA,NA,0,0,TRUE,NA,556,556,0.0148991904512776,"mean_preserving_scaled_beta","bounded_natural",0.06,0,0.248319840854627,0.1,3.53553390593274,FALSE,TRUE,FALSE,0.1
557,"region_rec_diffs(2,210)",0,-3,3,0,FALSE,"regional_recruitment_variation","region_rec_var",502,NA,NA,NA,0,0,TRUE,NA,557,557,0.026053392389163,"mean_preserving_scaled_beta","bounded_natural",0.06,0,0.434223206486051,0.1,3.53553390593274,FALSE,TRUE,FALSE,0.1
558,"region_rec_diffs(2,211)",0,-3,3,0,FALSE,"regional_recruitment_variation","region_rec_var",503,NA,NA,NA,0,0,TRUE,NA,558,558,-0.0875687058484305,"mean_preserving_scaled_beta","bounded_natural",0.06,0,-1.45947843080717,0.1,3.53553390593274,FALSE,TRUE,FALSE,0.1
559,"region_rec_diffs(2,212)",0,-3,3,0,FALSE,"regional_recruitment_variation","region_rec_var",504,NA,NA,NA,0,0,TRUE,NA,559,559,0.0578572505530226,"mean_preserving_scaled_beta","bounded_natural",0.06,0,0.964287509217043,0.1,3.53553390593274,FALSE,TRUE,FALSE,0.1
560,"region_rec_diffs(2,213)",0,-3,3,0,FALSE,"regional_recruitment_variation","region_rec_var",505,NA,NA,NA,0,0,TRUE,NA,560,560,-0.0534858843023165,"mean_preserving_scaled_beta","bounded_natural",0.06,0,-0.891431405038608,0.1,3.53553390593274,FALSE,TRUE,FALSE,0.1
561,"region_rec_diffs(2,214)",0,-3,3,0,FALSE,"regional_recruitment_variation","region_rec_var",506,NA,NA,NA,0,0,TRUE,NA,561,561,-0.0458639562575307,"mean_preserving_scaled_beta","bounded_natural",0.06,0,-0.764399270958845,0.1,3.53553390593274,FALSE,TRUE,FALSE,0.1
562,"region_rec_diffs(2,215)",0,-3,3,0,FALSE,"regional_recruitment_variation","region_rec_var",507,NA,NA,NA,0,0,TRUE,NA,562,562,-0.00340922998704851,"mean_preserving_scaled_beta","bounded_natural",0.06,0,-0.0568204997841419,0.1,3.53553390593274,FALSE,TRUE,FALSE,0.1
563,"region_rec_diffs(2,216)",0,-3,3,0,FALSE,"regional_recruitment_variation","region_rec_var",508,NA,NA,NA,0,0,TRUE,NA,563,563,0.0129542226938559,"mean_preserving_scaled_beta","bounded_natural",0.06,0,0.215903711564265,0.1,3.53553390593274,FALSE,TRUE,FALSE,0.1
564,"region_rec_diffs(2,217)",0,-3,3,0,FALSE,"regional_recruitment_variation","region_rec_var",509,NA,NA,NA,0,0,TRUE,NA,564,564,0.0288692851004599,"mean_preserving_scaled_beta","bounded_natural",0.06,0,0.481154751674332,0.1,3.53553390593274,FALSE,TRUE,FALSE,0.1
565,"region_rec_diffs(2,218)",0,-3,3,0,FALSE,"regional_recruitment_variation","region_rec_var",510,NA,NA,NA,0,0,TRUE,NA,565,565,-0.0684102010467016,"mean_preserving_scaled_beta","bounded_natural",0.06,0,-1.14017001744503,0.1,3.53553390593274,FALSE,TRUE,FALSE,0.1
566,"region_rec_diffs(2,219)",0,-3,3,0,FALSE,"regional_recruitment_variation","region_rec_var",511,NA,NA,NA,0,0,TRUE,NA,566,566,0.0457741966524803,"mean_preserving_scaled_beta","bounded_natural",0.06,0,0.762903277541338,0.1,3.53553390593274,FALSE,TRUE,FALSE,0.1
567,"region_rec_diffs(2,220)",0,-3,3,0,FALSE,"regional_recruitment_variation","region_rec_var",512,NA,NA,NA,0,0,TRUE,NA,567,567,-0.019916498260546,"mean_preserving_scaled_beta","bounded_natural",0.06,0,-0.331941637675766,0.1,3.53553390593274,FALSE,TRUE,FALSE,0.1
568,"region_rec_diffs(2,221)",0,-3,3,0,FALSE,"regional_recruitment_variation","region_rec_var",513,NA,NA,NA,0,0,TRUE,NA,568,568,0.0668820558026324,"mean_preserving_scaled_beta","bounded_natural",0.06,0,1.11470093004387,0.1,3.53553390593274,FALSE,TRUE,FALSE,0.1
569,"region_rec_diffs(2,222)",0,-3,3,0,FALSE,"regional_recruitment_variation","region_rec_var",514,NA,NA,NA,0,0,TRUE,NA,569,569,0.106111311708178,"mean_preserving_scaled_beta","bounded_natural",0.06,0,1.76852186180296,0.1,3.53553390593274,FALSE,TRUE,FALSE,0.1
570,"region_rec_diffs(2,223)",0,-3,3,0,FALSE,"regional_recruitment_variation","region_rec_var",515,NA,NA,NA,0,0,TRUE,NA,570,570,0.0283778943410375,"mean_preserving_scaled_beta","bounded_natural",0.06,0,0.472964905683959,0.1,3.53553390593274,FALSE,TRUE,FALSE,0.1
571,"region_rec_diffs(2,224)",0,-3,3,0,FALSE,"regional_recruitment_variation","region_rec_var",516,NA,NA,NA,0,0,TRUE,NA,571,571,0.000349134239739257,"mean_preserving_scaled_beta","bounded_natural",0.06,0,0.00581890399565428,0.1,3.53553390593274,FALSE,TRUE,FALSE,0.1
572,"region_rec_diffs(2,225)",0,-3,3,0,FALSE,"regional_recruitment_variation","region_rec_var",517,NA,NA,NA,0,0,TRUE,NA,572,572,0.0648167073323185,"mean_preserving_scaled_beta","bounded_natural",0.06,0,1.08027845553864,0.1,3.53553390593274,FALSE,TRUE,FALSE,0.1
573,"region_rec_diffs(2,226)",0,-3,3,0,FALSE,"regional_recruitment_variation","region_rec_var",518,NA,NA,NA,0,0,TRUE,NA,573,573,0.0504184354704336,"mean_preserving_scaled_beta","bounded_natural",0.06,0,0.840307257840559,0.1,3.53553390593274,FALSE,TRUE,FALSE,0.1
574,"region_rec_diffs(2,227)",0,-3,3,0,FALSE,"regional_recruitment_variation","region_rec_var",519,NA,NA,NA,0,0,TRUE,NA,574,574,-0.0109437305751765,"mean_preserving_scaled_beta","bounded_natural",0.06,0,-0.182395509586275,0.1,3.53553390593274,FALSE,TRUE,FALSE,0.1
575,"region_rec_diffs(2,228)",0,-3,3,0,FALSE,"regional_recruitment_variation","region_rec_var",520,NA,NA,NA,0,0,TRUE,NA,575,575,-0.119837488380165,"mean_preserving_scaled_beta","bounded_natural",0.06,0,-1.99729147300275,0.1,3.53553390593274,FALSE,TRUE,FALSE,0.1
576,"region_rec_diffs(2,229)",0,-3,3,0,FALSE,"regional_recruitment_variation","region_rec_var",521,NA,NA,NA,0,0,TRUE,NA,576,576,0.0126197816094002,"mean_preserving_scaled_beta","bounded_natural",0.06,0,0.210329693490004,0.1,3.53553390593274,FALSE,TRUE,FALSE,0.1
577,"region_rec_diffs(2,230)",0,-3,3,0,FALSE,"regional_recruitment_variation","region_rec_var",522,NA,NA,NA,0,0,TRUE,NA,577,577,-0.134941525666266,"mean_preserving_scaled_beta","bounded_natural",0.06,0,-2.24902542777111,0.1,3.53553390593274,FALSE,TRUE,FALSE,0.1
578,"region_rec_diffs(2,231)",0,-3,3,0,FALSE,"regional_recruitment_variation","region_rec_var",523,NA,NA,NA,0,0,TRUE,NA,578,578,-0.033973152865503,"mean_preserving_scaled_beta","bounded_natural",0.06,0,-0.566219214425049,0.1,3.53553390593274,FALSE,TRUE,FALSE,0.1
579,"region_rec_diffs(2,232)",0,-3,3,0,FALSE,"regional_recruitment_variation","region_rec_var",524,NA,NA,NA,0,0,TRUE,NA,579,579,0.0449128309028222,"mean_preserving_scaled_beta","bounded_natural",0.06,0,0.748547181713703,0.1,3.53553390593274,FALSE,TRUE,FALSE,0.1
580,"region_rec_diffs(2,233)",0,-3,3,0,FALSE,"regional_recruitment_variation","region_rec_var",525,NA,NA,NA,0,0,TRUE,NA,580,580,-0.0677076638158614,"mean_preserving_scaled_beta","bounded_natural",0.06,0,-1.12846106359769,0.1,3.53553390593274,FALSE,TRUE,FALSE,0.1
581,"region_rec_diffs(2,234)",0,-3,3,0,FALSE,"regional_recruitment_variation","region_rec_var",526,NA,NA,NA,0,0,TRUE,NA,581,581,0.0307793542018384,"mean_preserving_scaled_beta","bounded_natural",0.06,0,0.512989236697307,0.1,3.53553390593274,FALSE,TRUE,FALSE,0.1
582,"region_rec_diffs(2,235)",0,-3,3,0,FALSE,"regional_recruitment_variation","region_rec_var",527,NA,NA,NA,0,0,TRUE,NA,582,582,-0.0204906207017577,"mean_preserving_scaled_beta","bounded_natural",0.06,0,-0.341510345029294,0.1,3.53553390593274,FALSE,TRUE,FALSE,0.1
583,"region_rec_diffs(2,236)",0,-3,3,0,FALSE,"regional_recruitment_variation","region_rec_var",528,NA,NA,NA,0,0,TRUE,NA,583,583,-0.0515096000645432,"mean_preserving_scaled_beta","bounded_natural",0.06,0,-0.858493334409053,0.1,3.53553390593274,FALSE,TRUE,FALSE,0.1
584,"region_rec_diffs(2,237)",0,-3,3,0,FALSE,"regional_recruitment_variation","region_rec_var",529,NA,NA,NA,0,0,TRUE,NA,584,584,-0.0492657077227872,"mean_preserving_scaled_beta","bounded_natural",0.06,0,-0.821095128713119,0.1,3.53553390593274,FALSE,TRUE,FALSE,0.1
585,"region_rec_diffs(2,238)",0,-3,3,0,FALSE,"regional_recruitment_variation","region_rec_var",530,NA,NA,NA,0,0,TRUE,NA,585,585,-0.00659590401468924,"mean_preserving_scaled_beta","bounded_natural",0.06,0,-0.109931733578154,0.1,3.53553390593274,FALSE,TRUE,FALSE,0.1
586,"region_rec_diffs(2,239)",0,-3,3,0,FALSE,"regional_recruitment_variation","region_rec_var",531,NA,NA,NA,0,0,TRUE,NA,586,586,0.0206937040962556,"mean_preserving_scaled_beta","bounded_natural",0.06,0,0.344895068270926,0.1,3.53553390593274,FALSE,TRUE,FALSE,0.1
587,"region_rec_diffs(2,240)",0,-3,3,0,FALSE,"regional_recruitment_variation","region_rec_var",532,NA,NA,NA,0,0,TRUE,NA,587,587,0.0836547378783474,"mean_preserving_scaled_beta","bounded_natural",0.06,0,1.39424563130579,0.1,3.53553390593274,FALSE,TRUE,FALSE,0.1
588,"region_rec_diffs(2,241)",0,-3,3,0,FALSE,"regional_recruitment_variation","region_rec_var",533,NA,NA,NA,0,0,TRUE,NA,588,588,-0.0574343947123901,"mean_preserving_scaled_beta","bounded_natural",0.06,0,-0.957239911873168,0.1,3.53553390593274,FALSE,TRUE,FALSE,0.1
589,"region_rec_diffs(2,242)",0,-3,3,0,FALSE,"regional_recruitment_variation","region_rec_var",534,NA,NA,NA,0,0,TRUE,NA,589,589,-0.0580863709791433,"mean_preserving_scaled_beta","bounded_natural",0.06,0,-0.968106182985721,0.1,3.53553390593274,FALSE,TRUE,FALSE,0.1
590,"region_rec_diffs(2,243)",0,-3,3,0,FALSE,"regional_recruitment_variation","region_rec_var",535,NA,NA,NA,0,0,TRUE,NA,590,590,0.0725656200163947,"mean_preserving_scaled_beta","bounded_natural",0.06,0,1.20942700027324,0.1,3.53553390593274,FALSE,TRUE,FALSE,0.1
591,"region_rec_diffs(2,244)",0,-3,3,0,FALSE,"regional_recruitment_variation","region_rec_var",536,NA,NA,NA,0,0,TRUE,NA,591,591,0.127605539736637,"mean_preserving_scaled_beta","bounded_natural",0.06,0,2.12675899561061,0.1,3.53553390593274,FALSE,TRUE,FALSE,0.1
592,"region_rec_diffs(2,245)",0,-3,3,0,FALSE,"regional_recruitment_variation","region_rec_var",537,NA,NA,NA,0,0,TRUE,NA,592,592,0.021248609745407,"mean_preserving_scaled_beta","bounded_natural",0.06,0,0.354143495756783,0.1,3.53553390593274,FALSE,TRUE,FALSE,0.1
593,"region_rec_diffs(2,246)",0,-3,3,0,FALSE,"regional_recruitment_variation","region_rec_var",538,NA,NA,NA,0,0,TRUE,NA,593,593,-0.0602701894270665,"mean_preserving_scaled_beta","bounded_natural",0.06,0,-1.00450315711778,0.1,3.53553390593274,FALSE,TRUE,FALSE,0.1
594,"region_rec_diffs(2,247)",0,-3,3,0,FALSE,"regional_recruitment_variation","region_rec_var",539,NA,NA,NA,0,0,TRUE,NA,594,594,0.0701949277109923,"mean_preserving_scaled_beta","bounded_natural",0.06,0,1.16991546184987,0.1,3.53553390593274,FALSE,TRUE,FALSE,0.1
595,"region_rec_diffs(2,248)",0,-3,3,0,FALSE,"regional_recruitment_variation","region_rec_var",540,NA,NA,NA,0,0,TRUE,NA,595,595,-0.0251173653741059,"mean_preserving_scaled_beta","bounded_natural",0.06,0,-0.418622756235099,0.1,3.53553390593274,FALSE,TRUE,FALSE,0.1
596,"region_rec_diffs(2,249)",0,-3,3,0,FALSE,"regional_recruitment_variation","region_rec_var",541,NA,NA,NA,0,0,TRUE,NA,596,596,0.124389086930049,"mean_preserving_scaled_beta","bounded_natural",0.06,0,2.07315144883415,0.1,3.53553390593274,FALSE,TRUE,FALSE,0.1
597,"region_rec_diffs(2,250)",0,-3,3,0,FALSE,"regional_recruitment_variation","region_rec_var",542,NA,NA,NA,0,0,TRUE,NA,597,597,-0.0789103793889701,"mean_preserving_scaled_beta","bounded_natural",0.06,0,-1.31517298981617,0.1,3.53553390593274,FALSE,TRUE,FALSE,0.1
598,"region_rec_diffs(2,251)",0,-3,3,0,FALSE,"regional_recruitment_variation","region_rec_var",543,NA,NA,NA,0,0,TRUE,NA,598,598,-0.0312926520077075,"mean_preserving_scaled_beta","bounded_natural",0.06,0,-0.521544200128458,0.1,3.53553390593274,FALSE,TRUE,FALSE,0.1
599,"region_rec_diffs(2,252)",0,-3,3,0,FALSE,"regional_recruitment_variation","region_rec_var",544,NA,NA,NA,0,0,TRUE,NA,599,599,-0.0266044730910009,"mean_preserving_scaled_beta","bounded_natural",0.06,0,-0.443407884850015,0.1,3.53553390593274,FALSE,TRUE,FALSE,0.1
600,"region_rec_diffs(2,253)",0,-3,3,0,FALSE,"regional_recruitment_variation","region_rec_var",545,NA,NA,NA,0,0,TRUE,NA,600,600,-0.0311214476156723,"mean_preserving_scaled_beta","bounded_natural",0.06,0,-0.518690793594538,0.1,3.53553390593274,FALSE,TRUE,FALSE,0.1
601,"region_rec_diffs(2,254)",0,-3,3,0,FALSE,"regional_recruitment_variation","region_rec_var",546,NA,NA,NA,0,0,TRUE,NA,601,601,0.0674838397835078,"mean_preserving_scaled_beta","bounded_natural",0.06,0,1.12473066305846,0.1,3.53553390593274,FALSE,TRUE,FALSE,0.1
602,"region_rec_diffs(2,255)",0,-3,3,0,FALSE,"regional_recruitment_variation","region_rec_var",547,NA,NA,NA,0,0,TRUE,NA,602,602,-0.0577183699778594,"mean_preserving_scaled_beta","bounded_natural",0.06,0,-0.961972832964323,0.1,3.53553390593274,FALSE,TRUE,FALSE,0.1
603,"region_rec_diffs(2,256)",0,-3,3,0,FALSE,"regional_recruitment_variation","region_rec_var",548,NA,NA,NA,0,0,TRUE,NA,603,603,-0.0082183446479851,"mean_preserving_scaled_beta","bounded_natural",0.06,0,-0.136972410799752,0.1,3.53553390593274,FALSE,TRUE,FALSE,0.1
604,"region_rec_diffs(2,257)",0,-3,3,0,FALSE,"regional_recruitment_variation","region_rec_var",549,NA,NA,NA,0,0,TRUE,NA,604,604,-0.113928959532747,"mean_preserving_scaled_beta","bounded_natural",0.06,0,-1.89881599221245,0.1,3.53553390593274,FALSE,TRUE,FALSE,0.1
605,"region_rec_diffs(2,258)",0,-3,3,0,FALSE,"regional_recruitment_variation","region_rec_var",550,NA,NA,NA,0,0,TRUE,NA,605,605,-0.0685626553237717,"mean_preserving_scaled_beta","bounded_natural",0.06,0,-1.14271092206286,0.1,3.53553390593274,FALSE,TRUE,FALSE,0.1
606,"region_rec_diffs(2,259)",0,-3,3,0,FALSE,"regional_recruitment_variation","region_rec_var",551,NA,NA,NA,0,0,TRUE,NA,606,606,0.0718395159819218,"mean_preserving_scaled_beta","bounded_natural",0.06,0,1.19732526636536,0.1,3.53553390593274,FALSE,TRUE,FALSE,0.1
607,"region_rec_diffs(2,260)",0,-3,3,0,FALSE,"regional_recruitment_variation","region_rec_var",552,NA,NA,NA,0,0,TRUE,NA,607,607,0.00996649902257074,"mean_preserving_scaled_beta","bounded_natural",0.06,0,0.166108317042846,0.1,3.53553390593274,FALSE,TRUE,FALSE,0.1
608,"region_rec_diffs(2,261)",0,-3,3,0,FALSE,"regional_recruitment_variation","region_rec_var",553,NA,NA,NA,0,0,TRUE,NA,608,608,-0.071386521802586,"mean_preserving_scaled_beta","bounded_natural",0.06,0,-1.18977536337643,0.1,3.53553390593274,FALSE,TRUE,FALSE,0.1
609,"region_rec_diffs(2,262)",0,-3,3,0,FALSE,"regional_recruitment_variation","region_rec_var",554,NA,NA,NA,0,0,TRUE,NA,609,609,-0.0987407883191986,"mean_preserving_scaled_beta","bounded_natural",0.06,0,-1.64567980531998,0.1,3.53553390593274,FALSE,TRUE,FALSE,0.1
610,"region_rec_diffs(2,263)",0,-3,3,0,FALSE,"regional_recruitment_variation","region_rec_var",555,NA,NA,NA,0,0,TRUE,NA,610,610,0.0114568278891349,"mean_preserving_scaled_beta","bounded_natural",0.06,0,0.190947131485582,0.1,3.53553390593274,FALSE,TRUE,FALSE,0.1
611,"region_rec_diffs(2,264)",0,-3,3,0,FALSE,"regional_recruitment_variation","region_rec_var",556,NA,NA,NA,0,0,TRUE,NA,611,611,-0.0942632709645101,"mean_preserving_scaled_beta","bounded_natural",0.06,0,-1.57105451607517,0.1,3.53553390593274,FALSE,TRUE,FALSE,0.1
612,"region_rec_diffs(2,265)",0,-3,3,0,FALSE,"regional_recruitment_variation","region_rec_var",557,NA,NA,NA,0,0,TRUE,NA,612,612,0.0100896377386359,"mean_preserving_scaled_beta","bounded_natural",0.06,0,0.168160628977265,0.1,3.53553390593274,FALSE,TRUE,FALSE,0.1
613,"region_rec_diffs(2,266)",0,-3,3,0,FALSE,"regional_recruitment_variation","region_rec_var",558,NA,NA,NA,0,0,TRUE,NA,613,613,0.022451042346932,"mean_preserving_scaled_beta","bounded_natural",0.06,0,0.374184039115533,0.1,3.53553390593274,FALSE,TRUE,FALSE,0.1
614,"region_rec_diffs(2,267)",0,-3,3,0,FALSE,"regional_recruitment_variation","region_rec_var",559,NA,NA,NA,0,0,TRUE,NA,614,614,-0.0517370736709877,"mean_preserving_scaled_beta","bounded_natural",0.06,0,-0.862284561183128,0.1,3.53553390593274,FALSE,TRUE,FALSE,0.1
615,"region_rec_diffs(2,268)",0,-3,3,0,FALSE,"regional_recruitment_variation","region_rec_var",560,NA,NA,NA,0,0,TRUE,NA,615,615,-0.0611829668409234,"mean_preserving_scaled_beta","bounded_natural",0.06,0,-1.01971611401539,0.1,3.53553390593274,FALSE,TRUE,FALSE,0.1
616,"region_rec_diffs(2,269)",0,-3,3,0,FALSE,"regional_recruitment_variation","region_rec_var",561,NA,NA,NA,0,0,TRUE,NA,616,616,-0.01777334428734,"mean_preserving_scaled_beta","bounded_natural",0.06,0,-0.296222404789,0.1,3.53553390593274,FALSE,TRUE,FALSE,0.1
617,"region_rec_diffs(2,270)",0,-3,3,0,FALSE,"regional_recruitment_variation","region_rec_var",562,NA,NA,NA,0,0,TRUE,NA,617,617,-0.0143061582659461,"mean_preserving_scaled_beta","bounded_natural",0.06,0,-0.238435971099101,0.1,3.53553390593274,FALSE,TRUE,FALSE,0.1
618,"region_rec_diffs(2,271)",0,-3,3,0,FALSE,"regional_recruitment_variation","region_rec_var",563,NA,NA,NA,0,0,TRUE,NA,618,618,-0.00250883121137546,"mean_preserving_scaled_beta","bounded_natural",0.06,0,-0.0418138535229244,0.1,3.53553390593274,FALSE,TRUE,FALSE,0.1
619,"region_rec_diffs(2,272)",0,-3,3,0,FALSE,"regional_recruitment_variation","region_rec_var",564,NA,NA,NA,0,0,TRUE,NA,619,619,-0.119318808605447,"mean_preserving_scaled_beta","bounded_natural",0.06,0,-1.98864681009078,0.1,3.53553390593274,FALSE,TRUE,FALSE,0.1
620,"region_rec_diffs(2,273)",0,-3,3,0,FALSE,"regional_recruitment_variation","region_rec_var",565,NA,NA,NA,0,0,TRUE,NA,620,620,0.0749173537115819,"mean_preserving_scaled_beta","bounded_natural",0.06,0,1.2486225618597,0.1,3.53553390593274,FALSE,TRUE,FALSE,0.1
621,"region_rec_diffs(2,274)",0,-3,3,0,FALSE,"regional_recruitment_variation","region_rec_var",566,NA,NA,NA,0,0,TRUE,NA,621,621,-0.0986345498854275,"mean_preserving_scaled_beta","bounded_natural",0.06,0,-1.64390916475713,0.1,3.53553390593274,FALSE,TRUE,FALSE,0.1
622,"region_rec_diffs(2,275)",0,-3,3,0,FALSE,"regional_recruitment_variation","region_rec_var",567,NA,NA,NA,0,0,TRUE,NA,622,622,0.00347582228267562,"mean_preserving_scaled_beta","bounded_natural",0.06,0,0.057930371377927,0.1,3.53553390593274,FALSE,TRUE,FALSE,0.1
623,"region_rec_diffs(2,276)",0,-3,3,0,FALSE,"regional_recruitment_variation","region_rec_var",568,NA,NA,NA,0,0,TRUE,NA,623,623,0.0443900634241916,"mean_preserving_scaled_beta","bounded_natural",0.06,0,0.739834390403193,0.1,3.53553390593274,FALSE,TRUE,FALSE,0.1
624,"region_rec_diffs(2,277)",0,-3,3,0,FALSE,"regional_recruitment_variation","region_rec_var",569,NA,NA,NA,0,0,TRUE,NA,624,624,0.119128151193129,"mean_preserving_scaled_beta","bounded_natural",0.06,0,1.98546918655216,0.1,3.53553390593274,FALSE,TRUE,FALSE,0.1
625,"region_rec_diffs(2,278)",0,-3,3,0,FALSE,"regional_recruitment_variation","region_rec_var",570,NA,NA,NA,0,0,TRUE,NA,625,625,-0.0176846585691037,"mean_preserving_scaled_beta","bounded_natural",0.06,0,-0.294744309485062,0.1,3.53553390593274,FALSE,TRUE,FALSE,0.1
626,"region_rec_diffs(2,279)",0,-3,3,0,FALSE,"regional_recruitment_variation","region_rec_var",571,NA,NA,NA,0,0,TRUE,NA,626,626,0.0398604192400365,"mean_preserving_scaled_beta","bounded_natural",0.06,0,0.664340320667274,0.1,3.53553390593274,FALSE,TRUE,FALSE,0.1
627,"region_rec_diffs(2,280)",0,-3,3,0,FALSE,"regional_recruitment_variation","region_rec_var",572,NA,NA,NA,0,0,TRUE,NA,627,627,-0.11620624873081,"mean_preserving_scaled_beta","bounded_natural",0.06,0,-1.93677081218017,0.1,3.53553390593274,FALSE,TRUE,FALSE,0.1
628,"region_rec_diffs(2,281)",0,-3,3,0,FALSE,"regional_recruitment_variation","region_rec_var",573,NA,NA,NA,0,0,TRUE,NA,628,628,0.0895610192598468,"mean_preserving_scaled_beta","bounded_natural",0.06,0,1.49268365433078,0.1,3.53553390593274,FALSE,TRUE,FALSE,0.1
629,"region_rec_diffs(2,282)",0,-3,3,0,FALSE,"regional_recruitment_variation","region_rec_var",574,NA,NA,NA,0,0,TRUE,NA,629,629,-0.0391204512251084,"mean_preserving_scaled_beta","bounded_natural",0.06,0,-0.652007520418474,0.1,3.53553390593274,FALSE,TRUE,FALSE,0.1
630,"region_rec_diffs(2,283)",0,-3,3,0,FALSE,"regional_recruitment_variation","region_rec_var",575,NA,NA,NA,0,0,TRUE,NA,630,630,-0.0106414024077273,"mean_preserving_scaled_beta","bounded_natural",0.06,0,-0.177356706795454,0.1,3.53553390593274,FALSE,TRUE,FALSE,0.1
631,"region_rec_diffs(2,284)",0,-3,3,0,FALSE,"regional_recruitment_variation","region_rec_var",576,NA,NA,NA,0,0,TRUE,NA,631,631,-0.00727215796243819,"mean_preserving_scaled_beta","bounded_natural",0.06,0,-0.121202632707303,0.1,3.53553390593274,FALSE,TRUE,FALSE,0.1
632,"region_rec_diffs(2,285)",0,-3,3,0,FALSE,"regional_recruitment_variation","region_rec_var",577,NA,NA,NA,0,0,TRUE,NA,632,632,0.0440389385183741,"mean_preserving_scaled_beta","bounded_natural",0.06,0,0.733982308639569,0.1,3.53553390593274,FALSE,TRUE,FALSE,0.1
633,"region_rec_diffs(2,286)",0,-3,3,0,FALSE,"regional_recruitment_variation","region_rec_var",578,NA,NA,NA,0,0,TRUE,NA,633,633,-0.119428109657797,"mean_preserving_scaled_beta","bounded_natural",0.06,0,-1.99046849429662,0.1,3.53553390593274,FALSE,TRUE,FALSE,0.1
634,"region_rec_diffs(2,287)",0,-3,3,0,FALSE,"regional_recruitment_variation","region_rec_var",579,NA,NA,NA,0,0,TRUE,NA,634,634,0.0474058323657891,"mean_preserving_scaled_beta","bounded_natural",0.06,0,0.790097206096485,0.1,3.53553390593274,FALSE,TRUE,FALSE,0.1
635,"region_rec_diffs(2,288)",0,-3,3,0,FALSE,"regional_recruitment_variation","region_rec_var",580,NA,NA,NA,0,0,TRUE,NA,635,635,0.137196379870322,"mean_preserving_scaled_beta","bounded_natural",0.06,0,2.28660633117204,0.1,3.53553390593274,FALSE,TRUE,FALSE,0.1
636,"region_rec_diffs(2,289)",0,-3,3,0,FALSE,"regional_recruitment_variation","region_rec_var",581,NA,NA,NA,0,0,TRUE,NA,636,636,0.0138620719656553,"mean_preserving_scaled_beta","bounded_natural",0.06,0,0.231034532760921,0.1,3.53553390593274,FALSE,TRUE,FALSE,0.1
637,"region_rec_diffs(2,290)",0,-3,3,0,FALSE,"regional_recruitment_variation","region_rec_var",582,NA,NA,NA,0,0,TRUE,NA,637,637,0.024107194267021,"mean_preserving_scaled_beta","bounded_natural",0.06,0,0.401786571117017,0.1,3.53553390593274,FALSE,TRUE,FALSE,0.1
638,"region_rec_diffs(2,291)",0,-3,3,0,FALSE,"regional_recruitment_variation","region_rec_var",583,NA,NA,NA,0,0,TRUE,NA,638,638,0.00790426031019775,"mean_preserving_scaled_beta","bounded_natural",0.06,0,0.131737671836629,0.1,3.53553390593274,FALSE,TRUE,FALSE,0.1
639,"region_rec_diffs(3,1)",0,-3,3,0,FALSE,"regional_recruitment_variation","region_rec_var",585,NA,NA,NA,0,0,TRUE,NA,639,639,-0.0220427465974145,"mean_preserving_scaled_beta","bounded_natural",0.06,0,-0.367379109956907,0.1,3.53553390593274,FALSE,TRUE,FALSE,0.1
640,"region_rec_diffs(3,2)",0,-3,3,0,FALSE,"regional_recruitment_variation","region_rec_var",586,NA,NA,NA,0,0,TRUE,NA,640,640,0.0390531728626309,"mean_preserving_scaled_beta","bounded_natural",0.06,0,0.650886214377181,0.1,3.53553390593274,FALSE,TRUE,FALSE,0.1
641,"region_rec_diffs(3,3)",0,-3,3,0,FALSE,"regional_recruitment_variation","region_rec_var",587,NA,NA,NA,0,0,TRUE,NA,641,641,0.00177633880937966,"mean_preserving_scaled_beta","bounded_natural",0.06,0,0.0296056468229944,0.1,3.53553390593274,FALSE,TRUE,FALSE,0.1
642,"region_rec_diffs(3,4)",0,-3,3,0,FALSE,"regional_recruitment_variation","region_rec_var",588,NA,NA,NA,0,0,TRUE,NA,642,642,-0.0336197341603328,"mean_preserving_scaled_beta","bounded_natural",0.06,0,-0.560328902672213,0.1,3.53553390593274,FALSE,TRUE,FALSE,0.1
643,"region_rec_diffs(3,5)",0,-3,3,0,FALSE,"regional_recruitment_variation","region_rec_var",589,NA,NA,NA,0,0,TRUE,NA,643,643,-0.0602027205634075,"mean_preserving_scaled_beta","bounded_natural",0.06,0,-1.00337867605679,0.1,3.53553390593274,FALSE,TRUE,FALSE,0.1
644,"region_rec_diffs(3,6)",0,-3,3,0,FALSE,"regional_recruitment_variation","region_rec_var",590,NA,NA,NA,0,0,TRUE,NA,644,644,-0.0809667016678643,"mean_preserving_scaled_beta","bounded_natural",0.06,0,-1.34944502779774,0.1,3.53553390593274,FALSE,TRUE,FALSE,0.1
645,"region_rec_diffs(3,7)",0,-3,3,0,FALSE,"regional_recruitment_variation","region_rec_var",591,NA,NA,NA,0,0,TRUE,NA,645,645,0.00694698776951608,"mean_preserving_scaled_beta","bounded_natural",0.06,0,0.115783129491935,0.1,3.53553390593274,FALSE,TRUE,FALSE,0.1
646,"region_rec_diffs(3,8)",0,-3,3,0,FALSE,"regional_recruitment_variation","region_rec_var",592,NA,NA,NA,0,0,TRUE,NA,646,646,0.0135454711963918,"mean_preserving_scaled_beta","bounded_natural",0.06,0,0.225757853273197,0.1,3.53553390593274,FALSE,TRUE,FALSE,0.1
647,"region_rec_diffs(3,9)",0,-3,3,0,FALSE,"regional_recruitment_variation","region_rec_var",593,NA,NA,NA,0,0,TRUE,NA,647,647,0.030141288903959,"mean_preserving_scaled_beta","bounded_natural",0.06,0,0.502354815065982,0.1,3.53553390593274,FALSE,TRUE,FALSE,0.1
648,"region_rec_diffs(3,10)",0,-3,3,0,FALSE,"regional_recruitment_variation","region_rec_var",594,NA,NA,NA,0,0,TRUE,NA,648,648,0.0257322978958605,"mean_preserving_scaled_beta","bounded_natural",0.06,0,0.428871631597675,0.1,3.53553390593274,FALSE,TRUE,FALSE,0.1
649,"region_rec_diffs(3,11)",0,-3,3,0,FALSE,"regional_recruitment_variation","region_rec_var",595,NA,NA,NA,0,0,TRUE,NA,649,649,0.0121788186722513,"mean_preserving_scaled_beta","bounded_natural",0.06,0,0.202980311204189,0.1,3.53553390593274,FALSE,TRUE,FALSE,0.1
650,"region_rec_diffs(3,12)",0,-3,3,0,FALSE,"regional_recruitment_variation","region_rec_var",596,NA,NA,NA,0,0,TRUE,NA,650,650,0.00460983710569485,"mean_preserving_scaled_beta","bounded_natural",0.06,0,0.0768306184282474,0.1,3.53553390593274,FALSE,TRUE,FALSE,0.1
651,"region_rec_diffs(3,13)",0,-3,3,0,FALSE,"regional_recruitment_variation","region_rec_var",597,NA,NA,NA,0,0,TRUE,NA,651,651,0.0237536919684178,"mean_preserving_scaled_beta","bounded_natural",0.06,0,0.395894866140297,0.1,3.53553390593274,FALSE,TRUE,FALSE,0.1
652,"region_rec_diffs(3,14)",0,-3,3,0,FALSE,"regional_recruitment_variation","region_rec_var",598,NA,NA,NA,0,0,TRUE,NA,652,652,-0.0471270090854272,"mean_preserving_scaled_beta","bounded_natural",0.06,0,-0.785450151423787,0.1,3.53553390593274,FALSE,TRUE,FALSE,0.1
653,"region_rec_diffs(3,15)",0,-3,3,0,FALSE,"regional_recruitment_variation","region_rec_var",599,NA,NA,NA,0,0,TRUE,NA,653,653,0.0681601171267645,"mean_preserving_scaled_beta","bounded_natural",0.06,0,1.13600195211274,0.1,3.53553390593274,FALSE,TRUE,FALSE,0.1
654,"region_rec_diffs(3,16)",0,-3,3,0,FALSE,"regional_recruitment_variation","region_rec_var",600,NA,NA,NA,0,0,TRUE,NA,654,654,-0.017571586942315,"mean_preserving_scaled_beta","bounded_natural",0.06,0,-0.292859782371916,0.1,3.53553390593274,FALSE,TRUE,FALSE,0.1
655,"region_rec_diffs(3,17)",0,-3,3,0,FALSE,"regional_recruitment_variation","region_rec_var",601,NA,NA,NA,0,0,TRUE,NA,655,655,0.0455775264898186,"mean_preserving_scaled_beta","bounded_natural",0.06,0,0.759625441496977,0.1,3.53553390593274,FALSE,TRUE,FALSE,0.1
656,"region_rec_diffs(3,18)",0,-3,3,0,FALSE,"regional_recruitment_variation","region_rec_var",602,NA,NA,NA,0,0,TRUE,NA,656,656,0.0265460694869155,"mean_preserving_scaled_beta","bounded_natural",0.06,0,0.442434491448592,0.1,3.53553390593274,FALSE,TRUE,FALSE,0.1
657,"region_rec_diffs(3,19)",0,-3,3,0,FALSE,"regional_recruitment_variation","region_rec_var",603,NA,NA,NA,0,0,TRUE,NA,657,657,-0.0482390863706947,"mean_preserving_scaled_beta","bounded_natural",0.06,0,-0.803984772844912,0.1,3.53553390593274,FALSE,TRUE,FALSE,0.1
658,"region_rec_diffs(3,20)",0,-3,3,0,FALSE,"regional_recruitment_variation","region_rec_var",604,NA,NA,NA,0,0,TRUE,NA,658,658,0.0105671689597724,"mean_preserving_scaled_beta","bounded_natural",0.06,0,0.176119482662873,0.1,3.53553390593274,FALSE,TRUE,FALSE,0.1
659,"region_rec_diffs(3,21)",0,-3,3,0,FALSE,"regional_recruitment_variation","region_rec_var",605,NA,NA,NA,0,0,TRUE,NA,659,659,-0.0198863703838796,"mean_preserving_scaled_beta","bounded_natural",0.06,0,-0.331439506397994,0.1,3.53553390593274,FALSE,TRUE,FALSE,0.1
660,"region_rec_diffs(3,22)",0,-3,3,0,FALSE,"regional_recruitment_variation","region_rec_var",606,NA,NA,NA,0,0,TRUE,NA,660,660,-0.0240289948721149,"mean_preserving_scaled_beta","bounded_natural",0.06,0,-0.400483247868581,0.1,3.53553390593274,FALSE,TRUE,FALSE,0.1
661,"region_rec_diffs(3,23)",0,-3,3,0,FALSE,"regional_recruitment_variation","region_rec_var",607,NA,NA,NA,0,0,TRUE,NA,661,661,0.0341642560571209,"mean_preserving_scaled_beta","bounded_natural",0.06,0,0.569404267618682,0.1,3.53553390593274,FALSE,TRUE,FALSE,0.1
662,"region_rec_diffs(3,24)",0,-3,3,0,FALSE,"regional_recruitment_variation","region_rec_var",608,NA,NA,NA,0,0,TRUE,NA,662,662,-0.0176637527439403,"mean_preserving_scaled_beta","bounded_natural",0.06,0,-0.294395879065671,0.1,3.53553390593274,FALSE,TRUE,FALSE,0.1
663,"region_rec_diffs(3,25)",0,-3,3,0,FALSE,"regional_recruitment_variation","region_rec_var",609,NA,NA,NA,0,0,TRUE,NA,663,663,0.0533503416369303,"mean_preserving_scaled_beta","bounded_natural",0.06,0,0.889172360615505,0.1,3.53553390593274,FALSE,TRUE,FALSE,0.1
664,"region_rec_diffs(3,26)",0,-3,3,0,FALSE,"regional_recruitment_variation","region_rec_var",610,NA,NA,NA,0,0,TRUE,NA,664,664,-0.100078373235574,"mean_preserving_scaled_beta","bounded_natural",0.06,0,-1.66797288725956,0.1,3.53553390593274,FALSE,TRUE,FALSE,0.1
665,"region_rec_diffs(3,27)",0,-3,3,0,FALSE,"regional_recruitment_variation","region_rec_var",611,NA,NA,NA,0,0,TRUE,NA,665,665,-0.0199476882323215,"mean_preserving_scaled_beta","bounded_natural",0.06,0,-0.332461470538692,0.1,3.53553390593274,FALSE,TRUE,FALSE,0.1
666,"region_rec_diffs(3,28)",0,-3,3,0,FALSE,"regional_recruitment_variation","region_rec_var",612,NA,NA,NA,0,0,TRUE,NA,666,666,-0.0305416523561566,"mean_preserving_scaled_beta","bounded_natural",0.06,0,-0.509027539269276,0.1,3.53553390593274,FALSE,TRUE,FALSE,0.1
667,"region_rec_diffs(3,29)",0,-3,3,0,FALSE,"regional_recruitment_variation","region_rec_var",613,NA,NA,NA,0,0,TRUE,NA,667,667,0.152790904429221,"mean_preserving_scaled_beta","bounded_natural",0.06,0,2.54651507382035,0.1,3.53553390593274,FALSE,TRUE,FALSE,0.1
668,"region_rec_diffs(3,30)",0,-3,3,0,FALSE,"regional_recruitment_variation","region_rec_var",614,NA,NA,NA,0,0,TRUE,NA,668,668,-0.0231232704244411,"mean_preserving_scaled_beta","bounded_natural",0.06,0,-0.385387840407351,0.1,3.53553390593274,FALSE,TRUE,FALSE,0.1
669,"region_rec_diffs(3,31)",0,-3,3,0,FALSE,"regional_recruitment_variation","region_rec_var",615,NA,NA,NA,0,0,TRUE,NA,669,669,0.108082362011277,"mean_preserving_scaled_beta","bounded_natural",0.06,0,1.80137270018796,0.1,3.53553390593274,FALSE,TRUE,FALSE,0.1
670,"region_rec_diffs(3,32)",0,-3,3,0,FALSE,"regional_recruitment_variation","region_rec_var",616,NA,NA,NA,0,0,TRUE,NA,670,670,0.0964931962355382,"mean_preserving_scaled_beta","bounded_natural",0.06,0,1.60821993725897,0.1,3.53553390593274,FALSE,TRUE,FALSE,0.1
671,"region_rec_diffs(3,33)",0,-3,3,0,FALSE,"regional_recruitment_variation","region_rec_var",617,NA,NA,NA,0,0,TRUE,NA,671,671,-0.011562943372065,"mean_preserving_scaled_beta","bounded_natural",0.06,0,-0.19271572286775,0.1,3.53553390593274,FALSE,TRUE,FALSE,0.1
672,"region_rec_diffs(3,34)",0,-3,3,0,FALSE,"regional_recruitment_variation","region_rec_var",618,NA,NA,NA,0,0,TRUE,NA,672,672,0.0877890181095751,"mean_preserving_scaled_beta","bounded_natural",0.06,0,1.46315030182625,0.1,3.53553390593274,FALSE,TRUE,FALSE,0.1
673,"region_rec_diffs(3,35)",0,-3,3,0,FALSE,"regional_recruitment_variation","region_rec_var",619,NA,NA,NA,0,0,TRUE,NA,673,673,0.0685050375634835,"mean_preserving_scaled_beta","bounded_natural",0.06,0,1.14175062605806,0.1,3.53553390593274,FALSE,TRUE,FALSE,0.1
674,"region_rec_diffs(3,36)",0,-3,3,0,FALSE,"regional_recruitment_variation","region_rec_var",620,NA,NA,NA,0,0,TRUE,NA,674,674,-0.00253902808554951,"mean_preserving_scaled_beta","bounded_natural",0.06,0,-0.0423171347591585,0.1,3.53553390593274,FALSE,TRUE,FALSE,0.1
675,"region_rec_diffs(3,37)",0,-3,3,0,FALSE,"regional_recruitment_variation","region_rec_var",621,NA,NA,NA,0,0,TRUE,NA,675,675,0.0135921306157885,"mean_preserving_scaled_beta","bounded_natural",0.06,0,0.226535510263141,0.1,3.53553390593274,FALSE,TRUE,FALSE,0.1
676,"region_rec_diffs(3,38)",0,-3,3,0,FALSE,"regional_recruitment_variation","region_rec_var",622,NA,NA,NA,0,0,TRUE,NA,676,676,-0.0433182935756751,"mean_preserving_scaled_beta","bounded_natural",0.06,0,-0.721971559594584,0.1,3.53553390593274,FALSE,TRUE,FALSE,0.1
677,"region_rec_diffs(3,39)",0,-3,3,0,FALSE,"regional_recruitment_variation","region_rec_var",623,NA,NA,NA,0,0,TRUE,NA,677,677,-0.0401471492315766,"mean_preserving_scaled_beta","bounded_natural",0.06,0,-0.66911915385961,0.1,3.53553390593274,FALSE,TRUE,FALSE,0.1
678,"region_rec_diffs(3,40)",0,-3,3,0,FALSE,"regional_recruitment_variation","region_rec_var",624,NA,NA,NA,0,0,TRUE,NA,678,678,-0.0326139459366934,"mean_preserving_scaled_beta","bounded_natural",0.06,0,-0.543565765611557,0.1,3.53553390593274,FALSE,TRUE,FALSE,0.1
679,"region_rec_diffs(3,41)",0,-3,3,0,FALSE,"regional_recruitment_variation","region_rec_var",625,NA,NA,NA,0,0,TRUE,NA,679,679,0.00971830954890596,"mean_preserving_scaled_beta","bounded_natural",0.06,0,0.161971825815099,0.1,3.53553390593274,FALSE,TRUE,FALSE,0.1
680,"region_rec_diffs(3,42)",0,-3,3,0,FALSE,"regional_recruitment_variation","region_rec_var",626,NA,NA,NA,0,0,TRUE,NA,680,680,0.123605970504381,"mean_preserving_scaled_beta","bounded_natural",0.06,0,2.06009950840635,0.1,3.53553390593274,FALSE,TRUE,FALSE,0.1
681,"region_rec_diffs(3,43)",0,-3,3,0,FALSE,"regional_recruitment_variation","region_rec_var",627,NA,NA,NA,0,0,TRUE,NA,681,681,-0.0183782543301168,"mean_preserving_scaled_beta","bounded_natural",0.06,0,-0.306304238835279,0.1,3.53553390593274,FALSE,TRUE,FALSE,0.1
682,"region_rec_diffs(3,44)",0,-3,3,0,FALSE,"regional_recruitment_variation","region_rec_var",628,NA,NA,NA,0,0,TRUE,NA,682,682,-0.0340250410140173,"mean_preserving_scaled_beta","bounded_natural",0.06,0,-0.567084016900288,0.1,3.53553390593274,FALSE,TRUE,FALSE,0.1
683,"region_rec_diffs(3,45)",0,-3,3,0,FALSE,"regional_recruitment_variation","region_rec_var",629,NA,NA,NA,0,0,TRUE,NA,683,683,0.163086683083309,"mean_preserving_scaled_beta","bounded_natural",0.06,0,2.71811138472181,0.1,3.53553390593274,FALSE,TRUE,FALSE,0.1
684,"region_rec_diffs(3,46)",0,-3,3,0,FALSE,"regional_recruitment_variation","region_rec_var",630,NA,NA,NA,0,0,TRUE,NA,684,684,-0.0309317083367118,"mean_preserving_scaled_beta","bounded_natural",0.06,0,-0.515528472278529,0.1,3.53553390593274,FALSE,TRUE,FALSE,0.1
685,"region_rec_diffs(3,47)",0,-3,3,0,FALSE,"regional_recruitment_variation","region_rec_var",631,NA,NA,NA,0,0,TRUE,NA,685,685,0.0809051283751829,"mean_preserving_scaled_beta","bounded_natural",0.06,0,1.34841880625305,0.1,3.53553390593274,FALSE,TRUE,FALSE,0.1
686,"region_rec_diffs(3,48)",0,-3,3,0,FALSE,"regional_recruitment_variation","region_rec_var",632,NA,NA,NA,0,0,TRUE,NA,686,686,-0.0271782181686469,"mean_preserving_scaled_beta","bounded_natural",0.06,0,-0.452970302810781,0.1,3.53553390593274,FALSE,TRUE,FALSE,0.1
687,"region_rec_diffs(3,49)",0,-3,3,0,FALSE,"regional_recruitment_variation","region_rec_var",633,NA,NA,NA,0,0,TRUE,NA,687,687,-0.0341097222086217,"mean_preserving_scaled_beta","bounded_natural",0.06,0,-0.568495370143696,0.1,3.53553390593274,FALSE,TRUE,FALSE,0.1
688,"region_rec_diffs(3,50)",0,-3,3,0,FALSE,"regional_recruitment_variation","region_rec_var",634,NA,NA,NA,0,0,TRUE,NA,688,688,0.0486358556877793,"mean_preserving_scaled_beta","bounded_natural",0.06,0,0.810597594796321,0.1,3.53553390593274,FALSE,TRUE,FALSE,0.1
689,"region_rec_diffs(3,51)",0,-3,3,0,FALSE,"regional_recruitment_variation","region_rec_var",635,NA,NA,NA,0,0,TRUE,NA,689,689,0.0317369015713052,"mean_preserving_scaled_beta","bounded_natural",0.06,0,0.528948359521752,0.1,3.53553390593274,FALSE,TRUE,FALSE,0.1
690,"region_rec_diffs(3,52)",0,-3,3,0,FALSE,"regional_recruitment_variation","region_rec_var",636,NA,NA,NA,0,0,TRUE,NA,690,690,0.119844216005306,"mean_preserving_scaled_beta","bounded_natural",0.06,0,1.99740360008843,0.1,3.53553390593274,FALSE,TRUE,FALSE,0.1
691,"region_rec_diffs(3,53)",0,-3,3,0,FALSE,"regional_recruitment_variation","region_rec_var",637,NA,NA,NA,0,0,TRUE,NA,691,691,0.133698094019641,"mean_preserving_scaled_beta","bounded_natural",0.06,0,2.22830156699401,0.1,3.53553390593274,FALSE,TRUE,FALSE,0.1
692,"region_rec_diffs(3,54)",0,-3,3,0,FALSE,"regional_recruitment_variation","region_rec_var",638,NA,NA,NA,0,0,TRUE,NA,692,692,0.0183095896235512,"mean_preserving_scaled_beta","bounded_natural",0.06,0,0.305159827059187,0.1,3.53553390593274,FALSE,TRUE,FALSE,0.1
693,"region_rec_diffs(3,55)",0,-3,3,0,FALSE,"regional_recruitment_variation","region_rec_var",639,NA,NA,NA,0,0,TRUE,NA,693,693,0.0206960529132791,"mean_preserving_scaled_beta","bounded_natural",0.06,0,0.344934215221319,0.1,3.53553390593274,FALSE,TRUE,FALSE,0.1
694,"region_rec_diffs(3,56)",0,-3,3,0,FALSE,"regional_recruitment_variation","region_rec_var",640,NA,NA,NA,0,0,TRUE,NA,694,694,-0.0275097440569221,"mean_preserving_scaled_beta","bounded_natural",0.06,0,-0.458495734282035,0.1,3.53553390593274,FALSE,TRUE,FALSE,0.1
695,"region_rec_diffs(3,57)",0,-3,3,0,FALSE,"regional_recruitment_variation","region_rec_var",641,NA,NA,NA,0,0,TRUE,NA,695,695,0.00165069522775152,"mean_preserving_scaled_beta","bounded_natural",0.06,0,0.027511587129192,0.1,3.53553390593274,FALSE,TRUE,FALSE,0.1
696,"region_rec_diffs(3,58)",0,-3,3,0,FALSE,"regional_recruitment_variation","region_rec_var",642,NA,NA,NA,0,0,TRUE,NA,696,696,0.0588437183823824,"mean_preserving_scaled_beta","bounded_natural",0.06,0,0.980728639706374,0.1,3.53553390593274,FALSE,TRUE,FALSE,0.1
697,"region_rec_diffs(3,59)",0,-3,3,0,FALSE,"regional_recruitment_variation","region_rec_var",643,NA,NA,NA,0,0,TRUE,NA,697,697,-0.0548949885622383,"mean_preserving_scaled_beta","bounded_natural",0.06,0,-0.914916476037305,0.1,3.53553390593274,FALSE,TRUE,FALSE,0.1
698,"region_rec_diffs(3,60)",0,-3,3,0,FALSE,"regional_recruitment_variation","region_rec_var",644,NA,NA,NA,0,0,TRUE,NA,698,698,0.0254870972780497,"mean_preserving_scaled_beta","bounded_natural",0.06,0,0.424784954634161,0.1,3.53553390593274,FALSE,TRUE,FALSE,0.1
699,"region_rec_diffs(3,61)",0,-3,3,0,FALSE,"regional_recruitment_variation","region_rec_var",645,NA,NA,NA,0,0,TRUE,NA,699,699,-0.054633745308764,"mean_preserving_scaled_beta","bounded_natural",0.06,0,-0.910562421812733,0.1,3.53553390593274,FALSE,TRUE,FALSE,0.1
700,"region_rec_diffs(3,62)",0,-3,3,0,FALSE,"regional_recruitment_variation","region_rec_var",646,NA,NA,NA,0,0,TRUE,NA,700,700,0.042675062873438,"mean_preserving_scaled_beta","bounded_natural",0.06,0,0.711251047890634,0.1,3.53553390593274,FALSE,TRUE,FALSE,0.1
701,"region_rec_diffs(3,63)",0,-3,3,0,FALSE,"regional_recruitment_variation","region_rec_var",647,NA,NA,NA,0,0,TRUE,NA,701,701,-0.0628534998093158,"mean_preserving_scaled_beta","bounded_natural",0.06,0,-1.04755833015526,0.1,3.53553390593274,FALSE,TRUE,FALSE,0.1
702,"region_rec_diffs(3,64)",0,-3,3,0,FALSE,"regional_recruitment_variation","region_rec_var",648,NA,NA,NA,0,0,TRUE,NA,702,702,-0.0299678176881986,"mean_preserving_scaled_beta","bounded_natural",0.06,0,-0.499463628136643,0.1,3.53553390593274,FALSE,TRUE,FALSE,0.1
703,"region_rec_diffs(3,65)",0,-3,3,0,FALSE,"regional_recruitment_variation","region_rec_var",649,NA,NA,NA,0,0,TRUE,NA,703,703,-0.00864797437243814,"mean_preserving_scaled_beta","bounded_natural",0.06,0,-0.144132906207302,0.1,3.53553390593274,FALSE,TRUE,FALSE,0.1
704,"region_rec_diffs(3,66)",0,-3,3,0,FALSE,"regional_recruitment_variation","region_rec_var",650,NA,NA,NA,0,0,TRUE,NA,704,704,0.0308004445826349,"mean_preserving_scaled_beta","bounded_natural",0.06,0,0.513340743043914,0.1,3.53553390593274,FALSE,TRUE,FALSE,0.1
705,"region_rec_diffs(3,67)",0,-3,3,0,FALSE,"regional_recruitment_variation","region_rec_var",651,NA,NA,NA,0,0,TRUE,NA,705,705,0.102806864252694,"mean_preserving_scaled_beta","bounded_natural",0.06,0,1.71344773754491,0.1,3.53553390593274,FALSE,TRUE,FALSE,0.1
706,"region_rec_diffs(3,68)",0,-3,3,0,FALSE,"regional_recruitment_variation","region_rec_var",652,NA,NA,NA,0,0,TRUE,NA,706,706,-0.0255821368831013,"mean_preserving_scaled_beta","bounded_natural",0.06,0,-0.426368948051688,0.1,3.53553390593274,FALSE,TRUE,FALSE,0.1
707,"region_rec_diffs(3,69)",0,-3,3,0,FALSE,"regional_recruitment_variation","region_rec_var",653,NA,NA,NA,0,0,TRUE,NA,707,707,-0.147924843191462,"mean_preserving_scaled_beta","bounded_natural",0.06,0,-2.46541405319104,0.1,3.53553390593274,FALSE,TRUE,FALSE,0.1
708,"region_rec_diffs(3,70)",0,-3,3,0,FALSE,"regional_recruitment_variation","region_rec_var",654,NA,NA,NA,0,0,TRUE,NA,708,708,-0.0594278574268818,"mean_preserving_scaled_beta","bounded_natural",0.06,0,-0.99046429044803,0.1,3.53553390593274,FALSE,TRUE,FALSE,0.1
709,"region_rec_diffs(3,71)",0,-3,3,0,FALSE,"regional_recruitment_variation","region_rec_var",655,NA,NA,NA,0,0,TRUE,NA,709,709,0.0385462716365517,"mean_preserving_scaled_beta","bounded_natural",0.06,0,0.642437860609194,0.1,3.53553390593274,FALSE,TRUE,FALSE,0.1
710,"region_rec_diffs(3,72)",0,-3,3,0,FALSE,"regional_recruitment_variation","region_rec_var",656,NA,NA,NA,0,0,TRUE,NA,710,710,-0.0543369343911944,"mean_preserving_scaled_beta","bounded_natural",0.06,0,-0.905615573186572,0.1,3.53553390593274,FALSE,TRUE,FALSE,0.1
711,"region_rec_diffs(3,73)",0,-3,3,0,FALSE,"regional_recruitment_variation","region_rec_var",657,NA,NA,NA,0,0,TRUE,NA,711,711,-0.0718255092921778,"mean_preserving_scaled_beta","bounded_natural",0.06,0,-1.1970918215363,0.1,3.53553390593274,FALSE,TRUE,FALSE,0.1
712,"region_rec_diffs(3,74)",0,-3,3,0,FALSE,"regional_recruitment_variation","region_rec_var",658,NA,NA,NA,0,0,TRUE,NA,712,712,0.0448533217959026,"mean_preserving_scaled_beta","bounded_natural",0.06,0,0.747555363265044,0.1,3.53553390593274,FALSE,TRUE,FALSE,0.1
713,"region_rec_diffs(3,75)",0,-3,3,0,FALSE,"regional_recruitment_variation","region_rec_var",659,NA,NA,NA,0,0,TRUE,NA,713,713,-0.0324180867436916,"mean_preserving_scaled_beta","bounded_natural",0.06,0,-0.540301445728194,0.1,3.53553390593274,FALSE,TRUE,FALSE,0.1
714,"region_rec_diffs(3,76)",0,-3,3,0,FALSE,"regional_recruitment_variation","region_rec_var",660,NA,NA,NA,0,0,TRUE,NA,714,714,-0.049462331412145,"mean_preserving_scaled_beta","bounded_natural",0.06,0,-0.824372190202416,0.1,3.53553390593274,FALSE,TRUE,FALSE,0.1
715,"region_rec_diffs(3,77)",0,-3,3,0,FALSE,"regional_recruitment_variation","region_rec_var",661,NA,NA,NA,0,0,TRUE,NA,715,715,-0.0198658129899725,"mean_preserving_scaled_beta","bounded_natural",0.06,0,-0.331096883166208,0.1,3.53553390593274,FALSE,TRUE,FALSE,0.1
716,"region_rec_diffs(3,78)",0,-3,3,0,FALSE,"regional_recruitment_variation","region_rec_var",662,NA,NA,NA,0,0,TRUE,NA,716,716,-0.0366127151818487,"mean_preserving_scaled_beta","bounded_natural",0.06,0,-0.610211919697479,0.1,3.53553390593274,FALSE,TRUE,FALSE,0.1
717,"region_rec_diffs(3,79)",0,-3,3,0,FALSE,"regional_recruitment_variation","region_rec_var",663,NA,NA,NA,0,0,TRUE,NA,717,717,0.00600641995746098,"mean_preserving_scaled_beta","bounded_natural",0.06,0,0.100106999291016,0.1,3.53553390593274,FALSE,TRUE,FALSE,0.1
718,"region_rec_diffs(3,80)",0,-3,3,0,FALSE,"regional_recruitment_variation","region_rec_var",664,NA,NA,NA,0,0,TRUE,NA,718,718,-0.0426017739855027,"mean_preserving_scaled_beta","bounded_natural",0.06,0,-0.710029566425045,0.1,3.53553390593274,FALSE,TRUE,FALSE,0.1
719,"region_rec_diffs(3,81)",0,-3,3,0,FALSE,"regional_recruitment_variation","region_rec_var",665,NA,NA,NA,0,0,TRUE,NA,719,719,-0.0281619965208058,"mean_preserving_scaled_beta","bounded_natural",0.06,0,-0.469366608680096,0.1,3.53553390593274,FALSE,TRUE,FALSE,0.1
720,"region_rec_diffs(3,82)",0,-3,3,0,FALSE,"regional_recruitment_variation","region_rec_var",666,NA,NA,NA,0,0,TRUE,NA,720,720,0.030181503815002,"mean_preserving_scaled_beta","bounded_natural",0.06,0,0.503025063583366,0.1,3.53553390593274,FALSE,TRUE,FALSE,0.1
721,"region_rec_diffs(3,83)",0,-3,3,0,FALSE,"regional_recruitment_variation","region_rec_var",667,NA,NA,NA,0,0,TRUE,NA,721,721,0.040821055985893,"mean_preserving_scaled_beta","bounded_natural",0.06,0,0.680350933098217,0.1,3.53553390593274,FALSE,TRUE,FALSE,0.1
722,"region_rec_diffs(3,84)",0,-3,3,0,FALSE,"regional_recruitment_variation","region_rec_var",668,NA,NA,NA,0,0,TRUE,NA,722,722,-0.0826312389103716,"mean_preserving_scaled_beta","bounded_natural",0.06,0,-1.37718731517286,0.1,3.53553390593274,FALSE,TRUE,FALSE,0.1
723,"region_rec_diffs(3,85)",0,-3,3,0,FALSE,"regional_recruitment_variation","region_rec_var",669,NA,NA,NA,0,0,TRUE,NA,723,723,-0.0414219920676437,"mean_preserving_scaled_beta","bounded_natural",0.06,0,-0.690366534460729,0.1,3.53553390593274,FALSE,TRUE,FALSE,0.1
724,"region_rec_diffs(3,86)",0,-3,3,0,FALSE,"regional_recruitment_variation","region_rec_var",670,NA,NA,NA,0,0,TRUE,NA,724,724,-0.0663310488325322,"mean_preserving_scaled_beta","bounded_natural",0.06,0,-1.1055174805422,0.1,3.53553390593274,FALSE,TRUE,FALSE,0.1
725,"region_rec_diffs(3,87)",0,-3,3,0,FALSE,"regional_recruitment_variation","region_rec_var",671,NA,NA,NA,0,0,TRUE,NA,725,725,-0.10608446327887,"mean_preserving_scaled_beta","bounded_natural",0.06,0,-1.76807438798117,0.1,3.53553390593274,FALSE,TRUE,FALSE,0.1
726,"region_rec_diffs(3,88)",0,-3,3,0,FALSE,"regional_recruitment_variation","region_rec_var",672,NA,NA,NA,0,0,TRUE,NA,726,726,0.00234438026801298,"mean_preserving_scaled_beta","bounded_natural",0.06,0,0.039073004466883,0.1,3.53553390593274,FALSE,TRUE,FALSE,0.1
727,"region_rec_diffs(3,89)",0,-3,3,0,FALSE,"regional_recruitment_variation","region_rec_var",673,NA,NA,NA,0,0,TRUE,NA,727,727,-0.000150611529467159,"mean_preserving_scaled_beta","bounded_natural",0.06,0,-0.00251019215778599,0.1,3.53553390593274,FALSE,TRUE,FALSE,0.1
728,"region_rec_diffs(3,90)",0,-3,3,0,FALSE,"regional_recruitment_variation","region_rec_var",674,NA,NA,NA,0,0,TRUE,NA,728,728,0.0606567936102795,"mean_preserving_scaled_beta","bounded_natural",0.06,0,1.01094656017133,0.1,3.53553390593274,FALSE,TRUE,FALSE,0.1
729,"region_rec_diffs(3,91)",0,-3,3,0,FALSE,"regional_recruitment_variation","region_rec_var",675,NA,NA,NA,0,0,TRUE,NA,729,729,0.0677741276384562,"mean_preserving_scaled_beta","bounded_natural",0.06,0,1.12956879397427,0.1,3.53553390593274,FALSE,TRUE,FALSE,0.1
730,"region_rec_diffs(3,92)",0,-3,3,0,FALSE,"regional_recruitment_variation","region_rec_var",676,NA,NA,NA,0,0,TRUE,NA,730,730,-0.0642832578849721,"mean_preserving_scaled_beta","bounded_natural",0.06,0,-1.0713876314162,0.1,3.53553390593274,FALSE,TRUE,FALSE,0.1
731,"region_rec_diffs(3,93)",0,-3,3,0,FALSE,"regional_recruitment_variation","region_rec_var",677,NA,NA,NA,0,0,TRUE,NA,731,731,-0.0413405876510327,"mean_preserving_scaled_beta","bounded_natural",0.06,0,-0.689009794183877,0.1,3.53553390593274,FALSE,TRUE,FALSE,0.1
732,"region_rec_diffs(3,94)",0,-3,3,0,FALSE,"regional_recruitment_variation","region_rec_var",678,NA,NA,NA,0,0,TRUE,NA,732,732,-0.0977938849466797,"mean_preserving_scaled_beta","bounded_natural",0.06,0,-1.62989808244466,0.1,3.53553390593274,FALSE,TRUE,FALSE,0.1
733,"region_rec_diffs(3,95)",0,-3,3,0,FALSE,"regional_recruitment_variation","region_rec_var",679,NA,NA,NA,0,0,TRUE,NA,733,733,0.0886883545725148,"mean_preserving_scaled_beta","bounded_natural",0.06,0,1.47813924287525,0.1,3.53553390593274,FALSE,TRUE,FALSE,0.1
734,"region_rec_diffs(3,96)",0,-3,3,0,FALSE,"regional_recruitment_variation","region_rec_var",680,NA,NA,NA,0,0,TRUE,NA,734,734,-0.000429683220059651,"mean_preserving_scaled_beta","bounded_natural",0.06,0,-0.00716138700099419,0.1,3.53553390593274,FALSE,TRUE,FALSE,0.1
735,"region_rec_diffs(3,97)",0,-3,3,0,FALSE,"regional_recruitment_variation","region_rec_var",681,NA,NA,NA,0,0,TRUE,NA,735,735,0.12992680079513,"mean_preserving_scaled_beta","bounded_natural",0.06,0,2.16544667991883,0.1,3.53553390593274,FALSE,TRUE,FALSE,0.1
736,"region_rec_diffs(3,98)",0,-3,3,0,FALSE,"regional_recruitment_variation","region_rec_var",682,NA,NA,NA,0,0,TRUE,NA,736,736,0.0967082246269122,"mean_preserving_scaled_beta","bounded_natural",0.06,0,1.61180374378187,0.1,3.53553390593274,FALSE,TRUE,FALSE,0.1
737,"region_rec_diffs(3,99)",0,-3,3,0,FALSE,"regional_recruitment_variation","region_rec_var",683,NA,NA,NA,0,0,TRUE,NA,737,737,-0.0162464847390771,"mean_preserving_scaled_beta","bounded_natural",0.06,0,-0.270774745651285,0.1,3.53553390593274,FALSE,TRUE,FALSE,0.1
738,"region_rec_diffs(3,100)",0,-3,3,0,FALSE,"regional_recruitment_variation","region_rec_var",684,NA,NA,NA,0,0,TRUE,NA,738,738,-0.0332331079999508,"mean_preserving_scaled_beta","bounded_natural",0.06,0,-0.553885133332514,0.1,3.53553390593274,FALSE,TRUE,FALSE,0.1
739,"region_rec_diffs(3,101)",0,-3,3,0,FALSE,"regional_recruitment_variation","region_rec_var",685,NA,NA,NA,0,0,TRUE,NA,739,739,-0.0174555515143719,"mean_preserving_scaled_beta","bounded_natural",0.06,0,-0.290925858572866,0.1,3.53553390593274,FALSE,TRUE,FALSE,0.1
740,"region_rec_diffs(3,102)",0,-3,3,0,FALSE,"regional_recruitment_variation","region_rec_var",686,NA,NA,NA,0,0,TRUE,NA,740,740,-0.073171237725687,"mean_preserving_scaled_beta","bounded_natural",0.06,0,-1.21952062876145,0.1,3.53553390593274,FALSE,TRUE,FALSE,0.1
741,"region_rec_diffs(3,103)",0,-3,3,0,FALSE,"regional_recruitment_variation","region_rec_var",687,NA,NA,NA,0,0,TRUE,NA,741,741,0.0333271867016243,"mean_preserving_scaled_beta","bounded_natural",0.06,0,0.555453111693738,0.1,3.53553390593274,FALSE,TRUE,FALSE,0.1
742,"region_rec_diffs(3,104)",0,-3,3,0,FALSE,"regional_recruitment_variation","region_rec_var",688,NA,NA,NA,0,0,TRUE,NA,742,742,-0.0246836615413426,"mean_preserving_scaled_beta","bounded_natural",0.06,0,-0.411394359022377,0.1,3.53553390593274,FALSE,TRUE,FALSE,0.1
743,"region_rec_diffs(3,105)",0,-3,3,0,FALSE,"regional_recruitment_variation","region_rec_var",689,NA,NA,NA,0,0,TRUE,NA,743,743,0.0725987728418227,"mean_preserving_scaled_beta","bounded_natural",0.06,0,1.20997954736371,0.1,3.53553390593274,FALSE,TRUE,FALSE,0.1
744,"region_rec_diffs(3,106)",0,-3,3,0,FALSE,"regional_recruitment_variation","region_rec_var",690,NA,NA,NA,0,0,TRUE,NA,744,744,-0.0904828537693496,"mean_preserving_scaled_beta","bounded_natural",0.06,0,-1.50804756282249,0.1,3.53553390593274,FALSE,TRUE,FALSE,0.1
745,"region_rec_diffs(3,107)",0,-3,3,0,FALSE,"regional_recruitment_variation","region_rec_var",691,NA,NA,NA,0,0,TRUE,NA,745,745,-0.00608560945761427,"mean_preserving_scaled_beta","bounded_natural",0.06,0,-0.101426824293571,0.1,3.53553390593274,FALSE,TRUE,FALSE,0.1
746,"region_rec_diffs(3,108)",0,-3,3,0,FALSE,"regional_recruitment_variation","region_rec_var",692,NA,NA,NA,0,0,TRUE,NA,746,746,0.01922648417368,"mean_preserving_scaled_beta","bounded_natural",0.06,0,0.320441402894667,0.1,3.53553390593274,FALSE,TRUE,FALSE,0.1
747,"region_rec_diffs(3,109)",0,-3,3,0,FALSE,"regional_recruitment_variation","region_rec_var",693,NA,NA,NA,0,0,TRUE,NA,747,747,0.0272525390202047,"mean_preserving_scaled_beta","bounded_natural",0.06,0,0.454208983670079,0.1,3.53553390593274,FALSE,TRUE,FALSE,0.1
748,"region_rec_diffs(3,110)",0,-3,3,0,FALSE,"regional_recruitment_variation","region_rec_var",694,NA,NA,NA,0,0,TRUE,NA,748,748,-0.00517794494770474,"mean_preserving_scaled_beta","bounded_natural",0.06,0,-0.0862990824617456,0.1,3.53553390593274,FALSE,TRUE,FALSE,0.1
749,"region_rec_diffs(3,111)",0,-3,3,0,FALSE,"regional_recruitment_variation","region_rec_var",695,NA,NA,NA,0,0,TRUE,NA,749,749,0.0327442685222836,"mean_preserving_scaled_beta","bounded_natural",0.06,0,0.545737808704727,0.1,3.53553390593274,FALSE,TRUE,FALSE,0.1
750,"region_rec_diffs(3,112)",0,-3,3,0,FALSE,"regional_recruitment_variation","region_rec_var",696,NA,NA,NA,0,0,TRUE,NA,750,750,0.141597533963263,"mean_preserving_scaled_beta","bounded_natural",0.06,0,2.35995889938771,0.1,3.53553390593274,FALSE,TRUE,FALSE,0.1
751,"region_rec_diffs(3,113)",0,-3,3,0,FALSE,"regional_recruitment_variation","region_rec_var",697,NA,NA,NA,0,0,TRUE,NA,751,751,0.023432802013124,"mean_preserving_scaled_beta","bounded_natural",0.06,0,0.390546700218734,0.1,3.53553390593274,FALSE,TRUE,FALSE,0.1
752,"region_rec_diffs(3,114)",0,-3,3,0,FALSE,"regional_recruitment_variation","region_rec_var",698,NA,NA,NA,0,0,TRUE,NA,752,752,0.00404242286039747,"mean_preserving_scaled_beta","bounded_natural",0.06,0,0.0673737143399577,0.1,3.53553390593274,FALSE,TRUE,FALSE,0.1
753,"region_rec_diffs(3,115)",0,-3,3,0,FALSE,"regional_recruitment_variation","region_rec_var",699,NA,NA,NA,0,0,TRUE,NA,753,753,0.0306690429701564,"mean_preserving_scaled_beta","bounded_natural",0.06,0,0.511150716169273,0.1,3.53553390593274,FALSE,TRUE,FALSE,0.1
754,"region_rec_diffs(3,116)",0,-3,3,0,FALSE,"regional_recruitment_variation","region_rec_var",700,NA,NA,NA,0,0,TRUE,NA,754,754,0.0332972954713933,"mean_preserving_scaled_beta","bounded_natural",0.06,0,0.554954924523221,0.1,3.53553390593274,FALSE,TRUE,FALSE,0.1
755,"region_rec_diffs(3,117)",0,-3,3,0,FALSE,"regional_recruitment_variation","region_rec_var",701,NA,NA,NA,0,0,TRUE,NA,755,755,0.0060269748924191,"mean_preserving_scaled_beta","bounded_natural",0.06,0,0.100449581540318,0.1,3.53553390593274,FALSE,TRUE,FALSE,0.1
756,"region_rec_diffs(3,118)",0,-3,3,0,FALSE,"regional_recruitment_variation","region_rec_var",702,NA,NA,NA,0,0,TRUE,NA,756,756,0.0223073559934046,"mean_preserving_scaled_beta","bounded_natural",0.06,0,0.371789266556743,0.1,3.53553390593274,FALSE,TRUE,FALSE,0.1
757,"region_rec_diffs(3,119)",0,-3,3,0,FALSE,"regional_recruitment_variation","region_rec_var",703,NA,NA,NA,0,0,TRUE,NA,757,757,-0.0274473179388961,"mean_preserving_scaled_beta","bounded_natural",0.06,0,-0.457455298981602,0.1,3.53553390593274,FALSE,TRUE,FALSE,0.1
758,"region_rec_diffs(3,120)",0,-3,3,0,FALSE,"regional_recruitment_variation","region_rec_var",704,NA,NA,NA,0,0,TRUE,NA,758,758,-0.124715135263717,"mean_preserving_scaled_beta","bounded_natural",0.06,0,-2.07858558772861,0.1,3.53553390593274,FALSE,TRUE,FALSE,0.1
759,"region_rec_diffs(3,121)",0,-3,3,0,FALSE,"regional_recruitment_variation","region_rec_var",705,NA,NA,NA,0,0,TRUE,NA,759,759,0.0954600264261689,"mean_preserving_scaled_beta","bounded_natural",0.06,0,1.59100044043615,0.1,3.53553390593274,FALSE,TRUE,FALSE,0.1
760,"region_rec_diffs(3,122)",0,-3,3,0,FALSE,"regional_recruitment_variation","region_rec_var",706,NA,NA,NA,0,0,TRUE,NA,760,760,0.0926564147649613,"mean_preserving_scaled_beta","bounded_natural",0.06,0,1.54427357941602,0.1,3.53553390593274,FALSE,TRUE,FALSE,0.1
761,"region_rec_diffs(3,123)",0,-3,3,0,FALSE,"regional_recruitment_variation","region_rec_var",707,NA,NA,NA,0,0,TRUE,NA,761,761,-0.0425610181560807,"mean_preserving_scaled_beta","bounded_natural",0.06,0,-0.709350302601345,0.1,3.53553390593274,FALSE,TRUE,FALSE,0.1
762,"region_rec_diffs(3,124)",0,-3,3,0,FALSE,"regional_recruitment_variation","region_rec_var",708,NA,NA,NA,0,0,TRUE,NA,762,762,-0.0247556176455341,"mean_preserving_scaled_beta","bounded_natural",0.06,0,-0.412593627425569,0.1,3.53553390593274,FALSE,TRUE,FALSE,0.1
763,"region_rec_diffs(3,125)",0,-3,3,0,FALSE,"regional_recruitment_variation","region_rec_var",709,NA,NA,NA,0,0,TRUE,NA,763,763,-0.0386963332577821,"mean_preserving_scaled_beta","bounded_natural",0.06,0,-0.644938887629702,0.1,3.53553390593274,FALSE,TRUE,FALSE,0.1
764,"region_rec_diffs(3,126)",0,-3,3,0,FALSE,"regional_recruitment_variation","region_rec_var",710,NA,NA,NA,0,0,TRUE,NA,764,764,0.0263251528078063,"mean_preserving_scaled_beta","bounded_natural",0.06,0,0.438752546796772,0.1,3.53553390593274,FALSE,TRUE,FALSE,0.1
765,"region_rec_diffs(3,127)",0,-3,3,0,FALSE,"regional_recruitment_variation","region_rec_var",711,NA,NA,NA,0,0,TRUE,NA,765,765,0.0146883972751324,"mean_preserving_scaled_beta","bounded_natural",0.06,0,0.244806621252206,0.1,3.53553390593274,FALSE,TRUE,FALSE,0.1
766,"region_rec_diffs(3,128)",0,-3,3,0,FALSE,"regional_recruitment_variation","region_rec_var",712,NA,NA,NA,0,0,TRUE,NA,766,766,-0.000201956962959216,"mean_preserving_scaled_beta","bounded_natural",0.06,0,-0.00336594938265359,0.1,3.53553390593274,FALSE,TRUE,FALSE,0.1
767,"region_rec_diffs(3,129)",0,-3,3,0,FALSE,"regional_recruitment_variation","region_rec_var",713,NA,NA,NA,0,0,TRUE,NA,767,767,0.0271464211924064,"mean_preserving_scaled_beta","bounded_natural",0.06,0,0.452440353206773,0.1,3.53553390593274,FALSE,TRUE,FALSE,0.1
768,"region_rec_diffs(3,130)",0,-3,3,0,FALSE,"regional_recruitment_variation","region_rec_var",714,NA,NA,NA,0,0,TRUE,NA,768,768,-0.0280239867011454,"mean_preserving_scaled_beta","bounded_natural",0.06,0,-0.467066445019089,0.1,3.53553390593274,FALSE,TRUE,FALSE,0.1
769,"region_rec_diffs(3,131)",0,-3,3,0,FALSE,"regional_recruitment_variation","region_rec_var",715,NA,NA,NA,0,0,TRUE,NA,769,769,-0.0990860175831014,"mean_preserving_scaled_beta","bounded_natural",0.06,0,-1.65143362638502,0.1,3.53553390593274,FALSE,TRUE,FALSE,0.1
770,"region_rec_diffs(3,132)",0,-3,3,0,FALSE,"regional_recruitment_variation","region_rec_var",716,NA,NA,NA,0,0,TRUE,NA,770,770,0.11489360771522,"mean_preserving_scaled_beta","bounded_natural",0.06,0,1.91489346192033,0.1,3.53553390593274,FALSE,TRUE,FALSE,0.1
771,"region_rec_diffs(3,133)",0,-3,3,0,FALSE,"regional_recruitment_variation","region_rec_var",717,NA,NA,NA,0,0,TRUE,NA,771,771,0.135590222598034,"mean_preserving_scaled_beta","bounded_natural",0.06,0,2.25983704330057,0.1,3.53553390593274,FALSE,TRUE,FALSE,0.1
772,"region_rec_diffs(3,134)",0,-3,3,0,FALSE,"regional_recruitment_variation","region_rec_var",718,NA,NA,NA,0,0,TRUE,NA,772,772,-0.0601427103466694,"mean_preserving_scaled_beta","bounded_natural",0.06,0,-1.00237850577782,0.1,3.53553390593274,FALSE,TRUE,FALSE,0.1
773,"region_rec_diffs(3,135)",0,-3,3,0,FALSE,"regional_recruitment_variation","region_rec_var",719,NA,NA,NA,0,0,TRUE,NA,773,773,-0.00697428015852841,"mean_preserving_scaled_beta","bounded_natural",0.06,0,-0.11623800264214,0.1,3.53553390593274,FALSE,TRUE,FALSE,0.1
774,"region_rec_diffs(3,136)",0,-3,3,0,FALSE,"regional_recruitment_variation","region_rec_var",720,NA,NA,NA,0,0,TRUE,NA,774,774,0.0931279701128722,"mean_preserving_scaled_beta","bounded_natural",0.06,0,1.55213283521454,0.1,3.53553390593274,FALSE,TRUE,FALSE,0.1
775,"region_rec_diffs(3,137)",0,-3,3,0,FALSE,"regional_recruitment_variation","region_rec_var",721,NA,NA,NA,0,0,TRUE,NA,775,775,0.108923446101461,"mean_preserving_scaled_beta","bounded_natural",0.06,0,1.81539076835768,0.1,3.53553390593274,FALSE,TRUE,FALSE,0.1
776,"region_rec_diffs(3,138)",0,-3,3,0,FALSE,"regional_recruitment_variation","region_rec_var",722,NA,NA,NA,0,0,TRUE,NA,776,776,0.0275959916636155,"mean_preserving_scaled_beta","bounded_natural",0.06,0,0.459933194393591,0.1,3.53553390593274,FALSE,TRUE,FALSE,0.1
777,"region_rec_diffs(3,139)",0,-3,3,0,FALSE,"regional_recruitment_variation","region_rec_var",723,NA,NA,NA,0,0,TRUE,NA,777,777,0.00291594945548335,"mean_preserving_scaled_beta","bounded_natural",0.06,0,0.0485991575913891,0.1,3.53553390593274,FALSE,TRUE,FALSE,0.1
778,"region_rec_diffs(3,140)",0,-3,3,0,FALSE,"regional_recruitment_variation","region_rec_var",724,NA,NA,NA,0,0,TRUE,NA,778,778,0.0411770445943751,"mean_preserving_scaled_beta","bounded_natural",0.06,0,0.686284076572918,0.1,3.53553390593274,FALSE,TRUE,FALSE,0.1
779,"region_rec_diffs(3,141)",0,-3,3,0,FALSE,"regional_recruitment_variation","region_rec_var",725,NA,NA,NA,0,0,TRUE,NA,779,779,0.00294547220953545,"mean_preserving_scaled_beta","bounded_natural",0.06,0,0.0490912034922575,0.1,3.53553390593274,FALSE,TRUE,FALSE,0.1
780,"region_rec_diffs(3,142)",0,-3,3,0,FALSE,"regional_recruitment_variation","region_rec_var",726,NA,NA,NA,0,0,TRUE,NA,780,780,0.0112381829780621,"mean_preserving_scaled_beta","bounded_natural",0.06,0,0.187303049634369,0.1,3.53553390593274,FALSE,TRUE,FALSE,0.1
781,"region_rec_diffs(3,143)",0,-3,3,0,FALSE,"regional_recruitment_variation","region_rec_var",727,NA,NA,NA,0,0,TRUE,NA,781,781,0.029611959180488,"mean_preserving_scaled_beta","bounded_natural",0.06,0,0.493532653008133,0.1,3.53553390593274,FALSE,TRUE,FALSE,0.1
782,"region_rec_diffs(3,144)",0,-3,3,0,FALSE,"regional_recruitment_variation","region_rec_var",728,NA,NA,NA,0,0,TRUE,NA,782,782,-0.0190348436661933,"mean_preserving_scaled_beta","bounded_natural",0.06,0,-0.317247394436556,0.1,3.53553390593274,FALSE,TRUE,FALSE,0.1
783,"region_rec_diffs(3,145)",0,-3,3,0,FALSE,"regional_recruitment_variation","region_rec_var",729,NA,NA,NA,0,0,TRUE,NA,783,783,0.0244544672392566,"mean_preserving_scaled_beta","bounded_natural",0.06,0,0.40757445398761,0.1,3.53553390593274,FALSE,TRUE,FALSE,0.1
784,"region_rec_diffs(3,146)",0,-3,3,0,FALSE,"regional_recruitment_variation","region_rec_var",730,NA,NA,NA,0,0,TRUE,NA,784,784,0.0910359473789111,"mean_preserving_scaled_beta","bounded_natural",0.06,0,1.51726578964852,0.1,3.53553390593274,FALSE,TRUE,FALSE,0.1
785,"region_rec_diffs(3,147)",0,-3,3,0,FALSE,"regional_recruitment_variation","region_rec_var",731,NA,NA,NA,0,0,TRUE,NA,785,785,0.0233013770898443,"mean_preserving_scaled_beta","bounded_natural",0.06,0,0.388356284830738,0.1,3.53553390593274,FALSE,TRUE,FALSE,0.1
786,"region_rec_diffs(3,148)",0,-3,3,0,FALSE,"regional_recruitment_variation","region_rec_var",732,NA,NA,NA,0,0,TRUE,NA,786,786,-0.0163266961268018,"mean_preserving_scaled_beta","bounded_natural",0.06,0,-0.272111602113364,0.1,3.53553390593274,FALSE,TRUE,FALSE,0.1
787,"region_rec_diffs(3,149)",0,-3,3,0,FALSE,"regional_recruitment_variation","region_rec_var",733,NA,NA,NA,0,0,TRUE,NA,787,787,-0.089096583177267,"mean_preserving_scaled_beta","bounded_natural",0.06,0,-1.48494305295445,0.1,3.53553390593274,FALSE,TRUE,FALSE,0.1
788,"region_rec_diffs(3,150)",0,-3,3,0,FALSE,"regional_recruitment_variation","region_rec_var",734,NA,NA,NA,0,0,TRUE,NA,788,788,0.0138712234104137,"mean_preserving_scaled_beta","bounded_natural",0.06,0,0.231187056840228,0.1,3.53553390593274,FALSE,TRUE,FALSE,0.1
789,"region_rec_diffs(3,151)",0,-3,3,0,FALSE,"regional_recruitment_variation","region_rec_var",735,NA,NA,NA,0,0,TRUE,NA,789,789,0.0287830711948782,"mean_preserving_scaled_beta","bounded_natural",0.06,0,0.47971785324797,0.1,3.53553390593274,FALSE,TRUE,FALSE,0.1
790,"region_rec_diffs(3,152)",0,-3,3,0,FALSE,"regional_recruitment_variation","region_rec_var",736,NA,NA,NA,0,0,TRUE,NA,790,790,-0.115990294256889,"mean_preserving_scaled_beta","bounded_natural",0.06,0,-1.93317157094815,0.1,3.53553390593274,FALSE,TRUE,FALSE,0.1
791,"region_rec_diffs(3,153)",0,-3,3,0,FALSE,"regional_recruitment_variation","region_rec_var",737,NA,NA,NA,0,0,TRUE,NA,791,791,-0.0788558482014503,"mean_preserving_scaled_beta","bounded_natural",0.06,0,-1.31426413669084,0.1,3.53553390593274,FALSE,TRUE,FALSE,0.1
792,"region_rec_diffs(3,154)",0,-3,3,0,FALSE,"regional_recruitment_variation","region_rec_var",738,NA,NA,NA,0,0,TRUE,NA,792,792,-0.0696144897401667,"mean_preserving_scaled_beta","bounded_natural",0.06,0,-1.16024149566944,0.1,3.53553390593274,FALSE,TRUE,FALSE,0.1
793,"region_rec_diffs(3,155)",0,-3,3,0,FALSE,"regional_recruitment_variation","region_rec_var",739,NA,NA,NA,0,0,TRUE,NA,793,793,-0.0153985655998539,"mean_preserving_scaled_beta","bounded_natural",0.06,0,-0.256642759997564,0.1,3.53553390593274,FALSE,TRUE,FALSE,0.1
794,"region_rec_diffs(3,156)",0,-3,3,0,FALSE,"regional_recruitment_variation","region_rec_var",740,NA,NA,NA,0,0,TRUE,NA,794,794,0.0965730015824482,"mean_preserving_scaled_beta","bounded_natural",0.06,0,1.60955002637414,0.1,3.53553390593274,FALSE,TRUE,FALSE,0.1
795,"region_rec_diffs(3,157)",0,-3,3,0,FALSE,"regional_recruitment_variation","region_rec_var",741,NA,NA,NA,0,0,TRUE,NA,795,795,0.00624100636288283,"mean_preserving_scaled_beta","bounded_natural",0.06,0,0.104016772714714,0.1,3.53553390593274,FALSE,TRUE,FALSE,0.1
796,"region_rec_diffs(3,158)",0,-3,3,0,FALSE,"regional_recruitment_variation","region_rec_var",742,NA,NA,NA,0,0,TRUE,NA,796,796,-0.174032140182212,"mean_preserving_scaled_beta","bounded_natural",0.06,0,-2.90053566970353,0.1,3.53553390593274,FALSE,TRUE,FALSE,0.1
797,"region_rec_diffs(3,159)",0,-3,3,0,FALSE,"regional_recruitment_variation","region_rec_var",743,NA,NA,NA,0,0,TRUE,NA,797,797,-0.121315924751714,"mean_preserving_scaled_beta","bounded_natural",0.06,0,-2.02193207919523,0.1,3.53553390593274,FALSE,TRUE,FALSE,0.1
798,"region_rec_diffs(3,160)",0,-3,3,0,FALSE,"regional_recruitment_variation","region_rec_var",744,NA,NA,NA,0,0,TRUE,NA,798,798,0.010871753836172,"mean_preserving_scaled_beta","bounded_natural",0.06,0,0.181195897269533,0.1,3.53553390593274,FALSE,TRUE,FALSE,0.1
799,"region_rec_diffs(3,161)",0,-3,3,0,FALSE,"regional_recruitment_variation","region_rec_var",745,NA,NA,NA,0,0,TRUE,NA,799,799,-0.000487603303663597,"mean_preserving_scaled_beta","bounded_natural",0.06,0,-0.00812672172772662,0.1,3.53553390593274,FALSE,TRUE,FALSE,0.1
800,"region_rec_diffs(3,162)",0,-3,3,0,FALSE,"regional_recruitment_variation","region_rec_var",746,NA,NA,NA,0,0,TRUE,NA,800,800,0.0447551535639521,"mean_preserving_scaled_beta","bounded_natural",0.06,0,0.745919226065868,0.1,3.53553390593274,FALSE,TRUE,FALSE,0.1
801,"region_rec_diffs(3,163)",0,-3,3,0,FALSE,"regional_recruitment_variation","region_rec_var",747,NA,NA,NA,0,0,TRUE,NA,801,801,-0.0459655002986157,"mean_preserving_scaled_beta","bounded_natural",0.06,0,-0.766091671643594,0.1,3.53553390593274,FALSE,TRUE,FALSE,0.1
802,"region_rec_diffs(3,164)",0,-3,3,0,FALSE,"regional_recruitment_variation","region_rec_var",748,NA,NA,NA,0,0,TRUE,NA,802,802,-0.0514521006987847,"mean_preserving_scaled_beta","bounded_natural",0.06,0,-0.857535011646411,0.1,3.53553390593274,FALSE,TRUE,FALSE,0.1
803,"region_rec_diffs(3,165)",0,-3,3,0,FALSE,"regional_recruitment_variation","region_rec_var",749,NA,NA,NA,0,0,TRUE,NA,803,803,-0.0075102762435999,"mean_preserving_scaled_beta","bounded_natural",0.06,0,-0.125171270726665,0.1,3.53553390593274,FALSE,TRUE,FALSE,0.1
804,"region_rec_diffs(3,166)",0,-3,3,0,FALSE,"regional_recruitment_variation","region_rec_var",750,NA,NA,NA,0,0,TRUE,NA,804,804,0.0510965350521255,"mean_preserving_scaled_beta","bounded_natural",0.06,0,0.851608917535425,0.1,3.53553390593274,FALSE,TRUE,FALSE,0.1
805,"region_rec_diffs(3,167)",0,-3,3,0,FALSE,"regional_recruitment_variation","region_rec_var",751,NA,NA,NA,0,0,TRUE,NA,805,805,0.0496988129341771,"mean_preserving_scaled_beta","bounded_natural",0.06,0,0.828313548902952,0.1,3.53553390593274,FALSE,TRUE,FALSE,0.1
806,"region_rec_diffs(3,168)",0,-3,3,0,FALSE,"regional_recruitment_variation","region_rec_var",752,NA,NA,NA,0,0,TRUE,NA,806,806,0.0793081585329727,"mean_preserving_scaled_beta","bounded_natural",0.06,0,1.32180264221621,0.1,3.53553390593274,FALSE,TRUE,FALSE,0.1
807,"region_rec_diffs(3,169)",0,-3,3,0,FALSE,"regional_recruitment_variation","region_rec_var",753,NA,NA,NA,0,0,TRUE,NA,807,807,0.0471283620510334,"mean_preserving_scaled_beta","bounded_natural",0.06,0,0.785472700850557,0.1,3.53553390593274,FALSE,TRUE,FALSE,0.1
808,"region_rec_diffs(3,170)",0,-3,3,0,FALSE,"regional_recruitment_variation","region_rec_var",754,NA,NA,NA,0,0,TRUE,NA,808,808,-0.00619966325490706,"mean_preserving_scaled_beta","bounded_natural",0.06,0,-0.103327720915118,0.1,3.53553390593274,FALSE,TRUE,FALSE,0.1
809,"region_rec_diffs(3,171)",0,-3,3,0,FALSE,"regional_recruitment_variation","region_rec_var",755,NA,NA,NA,0,0,TRUE,NA,809,809,-0.034251093637264,"mean_preserving_scaled_beta","bounded_natural",0.06,0,-0.570851560621066,0.1,3.53553390593274,FALSE,TRUE,FALSE,0.1
810,"region_rec_diffs(3,172)",0,-3,3,0,FALSE,"regional_recruitment_variation","region_rec_var",756,NA,NA,NA,0,0,TRUE,NA,810,810,-0.0237858141340244,"mean_preserving_scaled_beta","bounded_natural",0.06,0,-0.396430235567073,0.1,3.53553390593274,FALSE,TRUE,FALSE,0.1
811,"region_rec_diffs(3,173)",0,-3,3,0,FALSE,"regional_recruitment_variation","region_rec_var",757,NA,NA,NA,0,0,TRUE,NA,811,811,0.0197737857148308,"mean_preserving_scaled_beta","bounded_natural",0.06,0,0.32956309524718,0.1,3.53553390593274,FALSE,TRUE,FALSE,0.1
812,"region_rec_diffs(3,174)",0,-3,3,0,FALSE,"regional_recruitment_variation","region_rec_var",758,NA,NA,NA,0,0,TRUE,NA,812,812,0.0213896825490112,"mean_preserving_scaled_beta","bounded_natural",0.06,0,0.356494709150186,0.1,3.53553390593274,FALSE,TRUE,FALSE,0.1
813,"region_rec_diffs(3,175)",0,-3,3,0,FALSE,"regional_recruitment_variation","region_rec_var",759,NA,NA,NA,0,0,TRUE,NA,813,813,-0.0504598744296505,"mean_preserving_scaled_beta","bounded_natural",0.06,0,-0.840997907160841,0.1,3.53553390593274,FALSE,TRUE,FALSE,0.1
814,"region_rec_diffs(3,176)",0,-3,3,0,FALSE,"regional_recruitment_variation","region_rec_var",760,NA,NA,NA,0,0,TRUE,NA,814,814,0.0773632701835627,"mean_preserving_scaled_beta","bounded_natural",0.06,0,1.28938783639271,0.1,3.53553390593274,FALSE,TRUE,FALSE,0.1
815,"region_rec_diffs(3,177)",0,-3,3,0,FALSE,"regional_recruitment_variation","region_rec_var",761,NA,NA,NA,0,0,TRUE,NA,815,815,-0.0153011508543912,"mean_preserving_scaled_beta","bounded_natural",0.06,0,-0.25501918090652,0.1,3.53553390593274,FALSE,TRUE,FALSE,0.1
816,"region_rec_diffs(3,178)",0,-3,3,0,FALSE,"regional_recruitment_variation","region_rec_var",762,NA,NA,NA,0,0,TRUE,NA,816,816,0.0248061228552894,"mean_preserving_scaled_beta","bounded_natural",0.06,0,0.41343538092149,0.1,3.53553390593274,FALSE,TRUE,FALSE,0.1
817,"region_rec_diffs(3,179)",0,-3,3,0,FALSE,"regional_recruitment_variation","region_rec_var",763,NA,NA,NA,0,0,TRUE,NA,817,817,-0.082464603276649,"mean_preserving_scaled_beta","bounded_natural",0.06,0,-1.37441005461082,0.1,3.53553390593274,FALSE,TRUE,FALSE,0.1
818,"region_rec_diffs(3,180)",0,-3,3,0,FALSE,"regional_recruitment_variation","region_rec_var",764,NA,NA,NA,0,0,TRUE,NA,818,818,-0.0362093996240302,"mean_preserving_scaled_beta","bounded_natural",0.06,0,-0.603489993733837,0.1,3.53553390593274,FALSE,TRUE,FALSE,0.1
819,"region_rec_diffs(3,181)",0,-3,3,0,FALSE,"regional_recruitment_variation","region_rec_var",765,NA,NA,NA,0,0,TRUE,NA,819,819,-0.0466389169733246,"mean_preserving_scaled_beta","bounded_natural",0.06,0,-0.777315282888743,0.1,3.53553390593274,FALSE,TRUE,FALSE,0.1
820,"region_rec_diffs(3,182)",0,-3,3,0,FALSE,"regional_recruitment_variation","region_rec_var",766,NA,NA,NA,0,0,TRUE,NA,820,820,-0.0557113700597673,"mean_preserving_scaled_beta","bounded_natural",0.06,0,-0.928522834329455,0.1,3.53553390593274,FALSE,TRUE,FALSE,0.1
821,"region_rec_diffs(3,183)",0,-3,3,0,FALSE,"regional_recruitment_variation","region_rec_var",767,NA,NA,NA,0,0,TRUE,NA,821,821,-0.0144814850688855,"mean_preserving_scaled_beta","bounded_natural",0.06,0,-0.241358084481424,0.1,3.53553390593274,FALSE,TRUE,FALSE,0.1
822,"region_rec_diffs(3,184)",0,-3,3,0,FALSE,"regional_recruitment_variation","region_rec_var",768,NA,NA,NA,0,0,TRUE,NA,822,822,-0.116176023828412,"mean_preserving_scaled_beta","bounded_natural",0.06,0,-1.93626706380686,0.1,3.53553390593274,FALSE,TRUE,FALSE,0.1
823,"region_rec_diffs(3,185)",0,-3,3,0,FALSE,"regional_recruitment_variation","region_rec_var",769,NA,NA,NA,0,0,TRUE,NA,823,823,0.00828883416612936,"mean_preserving_scaled_beta","bounded_natural",0.06,0,0.138147236102156,0.1,3.53553390593274,FALSE,TRUE,FALSE,0.1
824,"region_rec_diffs(3,186)",0,-3,3,0,FALSE,"regional_recruitment_variation","region_rec_var",770,NA,NA,NA,0,0,TRUE,NA,824,824,-0.079306539164397,"mean_preserving_scaled_beta","bounded_natural",0.06,0,-1.32177565273995,0.1,3.53553390593274,FALSE,TRUE,FALSE,0.1
825,"region_rec_diffs(3,187)",0,-3,3,0,FALSE,"regional_recruitment_variation","region_rec_var",771,NA,NA,NA,0,0,TRUE,NA,825,825,-0.00757824849489852,"mean_preserving_scaled_beta","bounded_natural",0.06,0,-0.126304141581642,0.1,3.53553390593274,FALSE,TRUE,FALSE,0.1
826,"region_rec_diffs(3,188)",0,-3,3,0,FALSE,"regional_recruitment_variation","region_rec_var",772,NA,NA,NA,0,0,TRUE,NA,826,826,0.0465223145601295,"mean_preserving_scaled_beta","bounded_natural",0.06,0,0.775371909335491,0.1,3.53553390593274,FALSE,TRUE,FALSE,0.1
827,"region_rec_diffs(3,189)",0,-3,3,0,FALSE,"regional_recruitment_variation","region_rec_var",773,NA,NA,NA,0,0,TRUE,NA,827,827,0.0461085597587996,"mean_preserving_scaled_beta","bounded_natural",0.06,0,0.768475995979993,0.1,3.53553390593274,FALSE,TRUE,FALSE,0.1
828,"region_rec_diffs(3,190)",0,-3,3,0,FALSE,"regional_recruitment_variation","region_rec_var",774,NA,NA,NA,0,0,TRUE,NA,828,828,0.00748363065886881,"mean_preserving_scaled_beta","bounded_natural",0.06,0,0.124727177647814,0.1,3.53553390593274,FALSE,TRUE,FALSE,0.1
829,"region_rec_diffs(3,191)",0,-3,3,0,FALSE,"regional_recruitment_variation","region_rec_var",775,NA,NA,NA,0,0,TRUE,NA,829,829,0.0487659622821841,"mean_preserving_scaled_beta","bounded_natural",0.06,0,0.812766038036402,0.1,3.53553390593274,FALSE,TRUE,FALSE,0.1
830,"region_rec_diffs(3,192)",0,-3,3,0,FALSE,"regional_recruitment_variation","region_rec_var",776,NA,NA,NA,0,0,TRUE,NA,830,830,0.13200947890028,"mean_preserving_scaled_beta","bounded_natural",0.06,0,2.20015798167134,0.1,3.53553390593274,FALSE,TRUE,FALSE,0.1
831,"region_rec_diffs(3,193)",0,-3,3,0,FALSE,"regional_recruitment_variation","region_rec_var",777,NA,NA,NA,0,0,TRUE,NA,831,831,-0.0146251276519926,"mean_preserving_scaled_beta","bounded_natural",0.06,0,-0.243752127533211,0.1,3.53553390593274,FALSE,TRUE,FALSE,0.1
832,"region_rec_diffs(3,194)",0,-3,3,0,FALSE,"regional_recruitment_variation","region_rec_var",778,NA,NA,NA,0,0,TRUE,NA,832,832,-0.00146172680636791,"mean_preserving_scaled_beta","bounded_natural",0.06,0,-0.0243621134394652,0.1,3.53553390593274,FALSE,TRUE,FALSE,0.1
833,"region_rec_diffs(3,195)",0,-3,3,0,FALSE,"regional_recruitment_variation","region_rec_var",779,NA,NA,NA,0,0,TRUE,NA,833,833,-0.0129039174790568,"mean_preserving_scaled_beta","bounded_natural",0.06,0,-0.215065291317614,0.1,3.53553390593274,FALSE,TRUE,FALSE,0.1
834,"region_rec_diffs(3,196)",0,-3,3,0,FALSE,"regional_recruitment_variation","region_rec_var",780,NA,NA,NA,0,0,TRUE,NA,834,834,-0.00902994176103267,"mean_preserving_scaled_beta","bounded_natural",0.06,0,-0.150499029350544,0.1,3.53553390593274,FALSE,TRUE,FALSE,0.1
835,"region_rec_diffs(3,197)",0,-3,3,0,FALSE,"regional_recruitment_variation","region_rec_var",781,NA,NA,NA,0,0,TRUE,NA,835,835,0.070051120038344,"mean_preserving_scaled_beta","bounded_natural",0.06,0,1.16751866730573,0.1,3.53553390593274,FALSE,TRUE,FALSE,0.1
836,"region_rec_diffs(3,198)",0,-3,3,0,FALSE,"regional_recruitment_variation","region_rec_var",782,NA,NA,NA,0,0,TRUE,NA,836,836,0.0561425912631162,"mean_preserving_scaled_beta","bounded_natural",0.06,0,0.935709854385269,0.1,3.53553390593274,FALSE,TRUE,FALSE,0.1
837,"region_rec_diffs(3,199)",0,-3,3,0,FALSE,"regional_recruitment_variation","region_rec_var",783,NA,NA,NA,0,0,TRUE,NA,837,837,0.0703358029428314,"mean_preserving_scaled_beta","bounded_natural",0.06,0,1.17226338238052,0.1,3.53553390593274,FALSE,TRUE,FALSE,0.1
838,"region_rec_diffs(3,200)",0,-3,3,0,FALSE,"regional_recruitment_variation","region_rec_var",784,NA,NA,NA,0,0,TRUE,NA,838,838,0.0587697966700405,"mean_preserving_scaled_beta","bounded_natural",0.06,0,0.979496611167341,0.1,3.53553390593274,FALSE,TRUE,FALSE,0.1
839,"region_rec_diffs(3,201)",0,-3,3,0,FALSE,"regional_recruitment_variation","region_rec_var",785,NA,NA,NA,0,0,TRUE,NA,839,839,0.0503827833303001,"mean_preserving_scaled_beta","bounded_natural",0.06,0,0.839713055505002,0.1,3.53553390593274,FALSE,TRUE,FALSE,0.1
840,"region_rec_diffs(3,202)",0,-3,3,0,FALSE,"regional_recruitment_variation","region_rec_var",786,NA,NA,NA,0,0,TRUE,NA,840,840,-0.0160218984125837,"mean_preserving_scaled_beta","bounded_natural",0.06,0,-0.267031640209729,0.1,3.53553390593274,FALSE,TRUE,FALSE,0.1
841,"region_rec_diffs(3,203)",0,-3,3,0,FALSE,"regional_recruitment_variation","region_rec_var",787,NA,NA,NA,0,0,TRUE,NA,841,841,-0.0100473517076671,"mean_preserving_scaled_beta","bounded_natural",0.06,0,-0.167455861794452,0.1,3.53553390593274,FALSE,TRUE,FALSE,0.1
842,"region_rec_diffs(3,204)",0,-3,3,0,FALSE,"regional_recruitment_variation","region_rec_var",788,NA,NA,NA,0,0,TRUE,NA,842,842,-0.0206611091398177,"mean_preserving_scaled_beta","bounded_natural",0.06,0,-0.344351818996961,0.1,3.53553390593274,FALSE,TRUE,FALSE,0.1
843,"region_rec_diffs(3,205)",0,-3,3,0,FALSE,"regional_recruitment_variation","region_rec_var",789,NA,NA,NA,0,0,TRUE,NA,843,843,-0.0805721448494929,"mean_preserving_scaled_beta","bounded_natural",0.06,0,-1.34286908082488,0.1,3.53553390593274,FALSE,TRUE,FALSE,0.1
844,"region_rec_diffs(3,206)",0,-3,3,0,FALSE,"regional_recruitment_variation","region_rec_var",790,NA,NA,NA,0,0,TRUE,NA,844,844,-0.0562480014804856,"mean_preserving_scaled_beta","bounded_natural",0.06,0,-0.937466691341426,0.1,3.53553390593274,FALSE,TRUE,FALSE,0.1
845,"region_rec_diffs(3,207)",0,-3,3,0,FALSE,"regional_recruitment_variation","region_rec_var",791,NA,NA,NA,0,0,TRUE,NA,845,845,0.0608949906657674,"mean_preserving_scaled_beta","bounded_natural",0.06,0,1.01491651109612,0.1,3.53553390593274,FALSE,TRUE,FALSE,0.1
846,"region_rec_diffs(3,208)",0,-3,3,0,FALSE,"regional_recruitment_variation","region_rec_var",792,NA,NA,NA,0,0,TRUE,NA,846,846,0.01713306556052,"mean_preserving_scaled_beta","bounded_natural",0.06,0,0.285551092675333,0.1,3.53553390593274,FALSE,TRUE,FALSE,0.1
847,"region_rec_diffs(3,209)",0,-3,3,0,FALSE,"regional_recruitment_variation","region_rec_var",793,NA,NA,NA,0,0,TRUE,NA,847,847,0.0209617707668794,"mean_preserving_scaled_beta","bounded_natural",0.06,0,0.349362846114657,0.1,3.53553390593274,FALSE,TRUE,FALSE,0.1
848,"region_rec_diffs(3,210)",0,-3,3,0,FALSE,"regional_recruitment_variation","region_rec_var",794,NA,NA,NA,0,0,TRUE,NA,848,848,0.0839018566970813,"mean_preserving_scaled_beta","bounded_natural",0.06,0,1.39836427828469,0.1,3.53553390593274,FALSE,TRUE,FALSE,0.1
849,"region_rec_diffs(3,211)",0,-3,3,0,FALSE,"regional_recruitment_variation","region_rec_var",795,NA,NA,NA,0,0,TRUE,NA,849,849,0.018243280333254,"mean_preserving_scaled_beta","bounded_natural",0.06,0,0.304054672220899,0.1,3.53553390593274,FALSE,TRUE,FALSE,0.1
850,"region_rec_diffs(3,212)",0,-3,3,0,FALSE,"regional_recruitment_variation","region_rec_var",796,NA,NA,NA,0,0,TRUE,NA,850,850,-0.0130381864190197,"mean_preserving_scaled_beta","bounded_natural",0.06,0,-0.217303106983661,0.1,3.53553390593274,FALSE,TRUE,FALSE,0.1
851,"region_rec_diffs(3,213)",0,-3,3,0,FALSE,"regional_recruitment_variation","region_rec_var",797,NA,NA,NA,0,0,TRUE,NA,851,851,0.0292632083995845,"mean_preserving_scaled_beta","bounded_natural",0.06,0,0.487720139993075,0.1,3.53553390593274,FALSE,TRUE,FALSE,0.1
852,"region_rec_diffs(3,214)",0,-3,3,0,FALSE,"regional_recruitment_variation","region_rec_var",798,NA,NA,NA,0,0,TRUE,NA,852,852,0.030027540020348,"mean_preserving_scaled_beta","bounded_natural",0.06,0,0.500459000339134,0.1,3.53553390593274,FALSE,TRUE,FALSE,0.1
853,"region_rec_diffs(3,215)",0,-3,3,0,FALSE,"regional_recruitment_variation","region_rec_var",799,NA,NA,NA,0,0,TRUE,NA,853,853,-0.0117141460918906,"mean_preserving_scaled_beta","bounded_natural",0.06,0,-0.195235768198176,0.1,3.53553390593274,FALSE,TRUE,FALSE,0.1
854,"region_rec_diffs(3,216)",0,-3,3,0,FALSE,"regional_recruitment_variation","region_rec_var",800,NA,NA,NA,0,0,TRUE,NA,854,854,-0.0375555224698312,"mean_preserving_scaled_beta","bounded_natural",0.06,0,-0.625925374497186,0.1,3.53553390593274,FALSE,TRUE,FALSE,0.1
855,"region_rec_diffs(3,217)",0,-3,3,0,FALSE,"regional_recruitment_variation","region_rec_var",801,NA,NA,NA,0,0,TRUE,NA,855,855,-0.0824957515029503,"mean_preserving_scaled_beta","bounded_natural",0.06,0,-1.37492919171584,0.1,3.53553390593274,FALSE,TRUE,FALSE,0.1
856,"region_rec_diffs(3,218)",0,-3,3,0,FALSE,"regional_recruitment_variation","region_rec_var",802,NA,NA,NA,0,0,TRUE,NA,856,856,0.0561356904190955,"mean_preserving_scaled_beta","bounded_natural",0.06,0,0.935594840318258,0.1,3.53553390593274,FALSE,TRUE,FALSE,0.1
857,"region_rec_diffs(3,219)",0,-3,3,0,FALSE,"regional_recruitment_variation","region_rec_var",803,NA,NA,NA,0,0,TRUE,NA,857,857,0.0814943886635984,"mean_preserving_scaled_beta","bounded_natural",0.06,0,1.35823981105997,0.1,3.53553390593274,FALSE,TRUE,FALSE,0.1
858,"region_rec_diffs(3,220)",0,-3,3,0,FALSE,"regional_recruitment_variation","region_rec_var",804,NA,NA,NA,0,0,TRUE,NA,858,858,0.0708817423862671,"mean_preserving_scaled_beta","bounded_natural",0.06,0,1.18136237310445,0.1,3.53553390593274,FALSE,TRUE,FALSE,0.1
859,"region_rec_diffs(3,221)",0,-3,3,0,FALSE,"regional_recruitment_variation","region_rec_var",805,NA,NA,NA,0,0,TRUE,NA,859,859,0.119967511343657,"mean_preserving_scaled_beta","bounded_natural",0.06,0,1.99945852239429,0.1,3.53553390593274,FALSE,TRUE,FALSE,0.1
860,"region_rec_diffs(3,222)",0,-3,3,0,FALSE,"regional_recruitment_variation","region_rec_var",806,NA,NA,NA,0,0,TRUE,NA,860,860,0.042812617946149,"mean_preserving_scaled_beta","bounded_natural",0.06,0,0.713543632435816,0.1,3.53553390593274,FALSE,TRUE,FALSE,0.1
861,"region_rec_diffs(3,223)",0,-3,3,0,FALSE,"regional_recruitment_variation","region_rec_var",807,NA,NA,NA,0,0,TRUE,NA,861,861,-0.0653477512150196,"mean_preserving_scaled_beta","bounded_natural",0.06,0,-1.08912918691699,0.1,3.53553390593274,FALSE,TRUE,FALSE,0.1
862,"region_rec_diffs(3,224)",0,-3,3,0,FALSE,"regional_recruitment_variation","region_rec_var",808,NA,NA,NA,0,0,TRUE,NA,862,862,-0.015595923037226,"mean_preserving_scaled_beta","bounded_natural",0.06,0,-0.259932050620433,0.1,3.53553390593274,FALSE,TRUE,FALSE,0.1
863,"region_rec_diffs(3,225)",0,-3,3,0,FALSE,"regional_recruitment_variation","region_rec_var",809,NA,NA,NA,0,0,TRUE,NA,863,863,0.0146058504858244,"mean_preserving_scaled_beta","bounded_natural",0.06,0,0.243430841430407,0.1,3.53553390593274,FALSE,TRUE,FALSE,0.1
864,"region_rec_diffs(3,226)",0,-3,3,0,FALSE,"regional_recruitment_variation","region_rec_var",810,NA,NA,NA,0,0,TRUE,NA,864,864,0.0795487953141811,"mean_preserving_scaled_beta","bounded_natural",0.06,0,1.32581325523635,0.1,3.53553390593274,FALSE,TRUE,FALSE,0.1
865,"region_rec_diffs(3,227)",0,-3,3,0,FALSE,"regional_recruitment_variation","region_rec_var",811,NA,NA,NA,0,0,TRUE,NA,865,865,-0.00151050602922131,"mean_preserving_scaled_beta","bounded_natural",0.06,0,-0.0251751004870219,0.1,3.53553390593274,FALSE,TRUE,FALSE,0.1
866,"region_rec_diffs(3,228)",0,-3,3,0,FALSE,"regional_recruitment_variation","region_rec_var",812,NA,NA,NA,0,0,TRUE,NA,866,866,0.00107364618265571,"mean_preserving_scaled_beta","bounded_natural",0.06,0,0.0178941030442618,0.1,3.53553390593274,FALSE,TRUE,FALSE,0.1
867,"region_rec_diffs(3,229)",0,-3,3,0,FALSE,"regional_recruitment_variation","region_rec_var",813,NA,NA,NA,0,0,TRUE,NA,867,867,-0.0166175236596464,"mean_preserving_scaled_beta","bounded_natural",0.06,0,-0.276958727660774,0.1,3.53553390593274,FALSE,TRUE,FALSE,0.1
868,"region_rec_diffs(3,230)",0,-3,3,0,FALSE,"regional_recruitment_variation","region_rec_var",814,NA,NA,NA,0,0,TRUE,NA,868,868,0.0194757843595497,"mean_preserving_scaled_beta","bounded_natural",0.06,0,0.324596405992494,0.1,3.53553390593274,FALSE,TRUE,FALSE,0.1
869,"region_rec_diffs(3,231)",0,-3,3,0,FALSE,"regional_recruitment_variation","region_rec_var",815,NA,NA,NA,0,0,TRUE,NA,869,869,-0.0213878861437151,"mean_preserving_scaled_beta","bounded_natural",0.06,0,-0.356464769061919,0.1,3.53553390593274,FALSE,TRUE,FALSE,0.1
870,"region_rec_diffs(3,232)",0,-3,3,0,FALSE,"regional_recruitment_variation","region_rec_var",816,NA,NA,NA,0,0,TRUE,NA,870,870,-0.044352342954566,"mean_preserving_scaled_beta","bounded_natural",0.06,0,-0.739205715909434,0.1,3.53553390593274,FALSE,TRUE,FALSE,0.1
871,"region_rec_diffs(3,233)",0,-3,3,0,FALSE,"regional_recruitment_variation","region_rec_var",817,NA,NA,NA,0,0,TRUE,NA,871,871,0.0397708562331465,"mean_preserving_scaled_beta","bounded_natural",0.06,0,0.662847603885774,0.1,3.53553390593274,FALSE,TRUE,FALSE,0.1
872,"region_rec_diffs(3,234)",0,-3,3,0,FALSE,"regional_recruitment_variation","region_rec_var",818,NA,NA,NA,0,0,TRUE,NA,872,872,-0.00185929910246152,"mean_preserving_scaled_beta","bounded_natural",0.06,0,-0.0309883183743587,0.1,3.53553390593274,FALSE,TRUE,FALSE,0.1
873,"region_rec_diffs(3,235)",0,-3,3,0,FALSE,"regional_recruitment_variation","region_rec_var",819,NA,NA,NA,0,0,TRUE,NA,873,873,-0.0543014107713566,"mean_preserving_scaled_beta","bounded_natural",0.06,0,-0.905023512855944,0.1,3.53553390593274,FALSE,TRUE,FALSE,0.1
874,"region_rec_diffs(3,236)",0,-3,3,0,FALSE,"regional_recruitment_variation","region_rec_var",820,NA,NA,NA,0,0,TRUE,NA,874,874,0.0256451130248543,"mean_preserving_scaled_beta","bounded_natural",0.06,0,0.427418550414238,0.1,3.53553390593274,FALSE,TRUE,FALSE,0.1
875,"region_rec_diffs(3,237)",0,-3,3,0,FALSE,"regional_recruitment_variation","region_rec_var",821,NA,NA,NA,0,0,TRUE,NA,875,875,-0.0474224947152631,"mean_preserving_scaled_beta","bounded_natural",0.06,0,-0.790374911921051,0.1,3.53553390593274,FALSE,TRUE,FALSE,0.1
876,"region_rec_diffs(3,238)",0,-3,3,0,FALSE,"regional_recruitment_variation","region_rec_var",822,NA,NA,NA,0,0,TRUE,NA,876,876,0.04439672275603,"mean_preserving_scaled_beta","bounded_natural",0.06,0,0.739945379267167,0.1,3.53553390593274,FALSE,TRUE,FALSE,0.1
877,"region_rec_diffs(3,239)",0,-3,3,0,FALSE,"regional_recruitment_variation","region_rec_var",823,NA,NA,NA,0,0,TRUE,NA,877,877,-0.0812029948908428,"mean_preserving_scaled_beta","bounded_natural",0.06,0,-1.35338324818071,0.1,3.53553390593274,FALSE,TRUE,FALSE,0.1
878,"region_rec_diffs(3,240)",0,-3,3,0,FALSE,"regional_recruitment_variation","region_rec_var",824,NA,NA,NA,0,0,TRUE,NA,878,878,-0.0702199528227236,"mean_preserving_scaled_beta","bounded_natural",0.06,0,-1.17033254704539,0.1,3.53553390593274,FALSE,TRUE,FALSE,0.1
879,"region_rec_diffs(3,241)",0,-3,3,0,FALSE,"regional_recruitment_variation","region_rec_var",825,NA,NA,NA,0,0,TRUE,NA,879,879,-0.051214064729372,"mean_preserving_scaled_beta","bounded_natural",0.06,0,-0.853567745489532,0.1,3.53553390593274,FALSE,TRUE,FALSE,0.1
880,"region_rec_diffs(3,242)",0,-3,3,0,FALSE,"regional_recruitment_variation","region_rec_var",826,NA,NA,NA,0,0,TRUE,NA,880,880,0.0236855102842695,"mean_preserving_scaled_beta","bounded_natural",0.06,0,0.394758504737824,0.1,3.53553390593274,FALSE,TRUE,FALSE,0.1
881,"region_rec_diffs(3,243)",0,-3,3,0,FALSE,"regional_recruitment_variation","region_rec_var",827,NA,NA,NA,0,0,TRUE,NA,881,881,-0.0113657896648509,"mean_preserving_scaled_beta","bounded_natural",0.06,0,-0.189429827747515,0.1,3.53553390593274,FALSE,TRUE,FALSE,0.1
882,"region_rec_diffs(3,244)",0,-3,3,0,FALSE,"regional_recruitment_variation","region_rec_var",828,NA,NA,NA,0,0,TRUE,NA,882,882,0.00180132963029367,"mean_preserving_scaled_beta","bounded_natural",0.06,0,0.0300221605048945,0.1,3.53553390593274,FALSE,TRUE,FALSE,0.1
883,"region_rec_diffs(3,245)",0,-3,3,0,FALSE,"regional_recruitment_variation","region_rec_var",829,NA,NA,NA,0,0,TRUE,NA,883,883,0.0698777606867198,"mean_preserving_scaled_beta","bounded_natural",0.06,0,1.16462934477866,0.1,3.53553390593274,FALSE,TRUE,FALSE,0.1
884,"region_rec_diffs(3,246)",0,-3,3,0,FALSE,"regional_recruitment_variation","region_rec_var",830,NA,NA,NA,0,0,TRUE,NA,884,884,-0.0348057897972502,"mean_preserving_scaled_beta","bounded_natural",0.06,0,-0.580096496620837,0.1,3.53553390593274,FALSE,TRUE,FALSE,0.1
885,"region_rec_diffs(3,247)",0,-3,3,0,FALSE,"regional_recruitment_variation","region_rec_var",831,NA,NA,NA,0,0,TRUE,NA,885,885,0.0191312704213633,"mean_preserving_scaled_beta","bounded_natural",0.06,0,0.318854507022722,0.1,3.53553390593274,FALSE,TRUE,FALSE,0.1
886,"region_rec_diffs(3,248)",0,-3,3,0,FALSE,"regional_recruitment_variation","region_rec_var",832,NA,NA,NA,0,0,TRUE,NA,886,886,-0.103617824584119,"mean_preserving_scaled_beta","bounded_natural",0.06,0,-1.72696374306865,0.1,3.53553390593274,FALSE,TRUE,FALSE,0.1
887,"region_rec_diffs(3,249)",0,-3,3,0,FALSE,"regional_recruitment_variation","region_rec_var",833,NA,NA,NA,0,0,TRUE,NA,887,887,0.0278236985729352,"mean_preserving_scaled_beta","bounded_natural",0.06,0,0.46372830954892,0.1,3.53553390593274,FALSE,TRUE,FALSE,0.1
888,"region_rec_diffs(3,250)",0,-3,3,0,FALSE,"regional_recruitment_variation","region_rec_var",834,NA,NA,NA,0,0,TRUE,NA,888,888,-0.158522163556813,"mean_preserving_scaled_beta","bounded_natural",0.06,0,-2.64203605928022,0.1,3.53553390593274,FALSE,TRUE,FALSE,0.1
889,"region_rec_diffs(3,251)",0,-3,3,0,FALSE,"regional_recruitment_variation","region_rec_var",835,NA,NA,NA,0,0,TRUE,NA,889,889,0.0171947712276488,"mean_preserving_scaled_beta","bounded_natural",0.06,0,0.286579520460813,0.1,3.53553390593274,FALSE,TRUE,FALSE,0.1
890,"region_rec_diffs(3,252)",0,-3,3,0,FALSE,"regional_recruitment_variation","region_rec_var",836,NA,NA,NA,0,0,TRUE,NA,890,890,-0.032630114177076,"mean_preserving_scaled_beta","bounded_natural",0.06,0,-0.543835236284599,0.1,3.53553390593274,FALSE,TRUE,FALSE,0.1
891,"region_rec_diffs(3,253)",0,-3,3,0,FALSE,"regional_recruitment_variation","region_rec_var",837,NA,NA,NA,0,0,TRUE,NA,891,891,0.0121740494710192,"mean_preserving_scaled_beta","bounded_natural",0.06,0,0.202900824516986,0.1,3.53553390593274,FALSE,TRUE,FALSE,0.1
892,"region_rec_diffs(3,254)",0,-3,3,0,FALSE,"regional_recruitment_variation","region_rec_var",838,NA,NA,NA,0,0,TRUE,NA,892,892,0.0269002905477476,"mean_preserving_scaled_beta","bounded_natural",0.06,0,0.448338175795793,0.1,3.53553390593274,FALSE,TRUE,FALSE,0.1
893,"region_rec_diffs(3,255)",0,-3,3,0,FALSE,"regional_recruitment_variation","region_rec_var",839,NA,NA,NA,0,0,TRUE,NA,893,893,0.0639525542924275,"mean_preserving_scaled_beta","bounded_natural",0.06,0,1.06587590487379,0.1,3.53553390593274,FALSE,TRUE,FALSE,0.1
894,"region_rec_diffs(3,256)",0,-3,3,0,FALSE,"regional_recruitment_variation","region_rec_var",840,NA,NA,NA,0,0,TRUE,NA,894,894,0.0128307521757973,"mean_preserving_scaled_beta","bounded_natural",0.06,0,0.213845869596622,0.1,3.53553390593274,FALSE,TRUE,FALSE,0.1
895,"region_rec_diffs(3,257)",0,-3,3,0,FALSE,"regional_recruitment_variation","region_rec_var",841,NA,NA,NA,0,0,TRUE,NA,895,895,0.0273839282105923,"mean_preserving_scaled_beta","bounded_natural",0.06,0,0.456398803509872,0.1,3.53553390593274,FALSE,TRUE,FALSE,0.1
896,"region_rec_diffs(3,258)",0,-3,3,0,FALSE,"regional_recruitment_variation","region_rec_var",842,NA,NA,NA,0,0,TRUE,NA,896,896,0.0272463986960654,"mean_preserving_scaled_beta","bounded_natural",0.06,0,0.454106644934423,0.1,3.53553390593274,FALSE,TRUE,FALSE,0.1
897,"region_rec_diffs(3,259)",0,-3,3,0,FALSE,"regional_recruitment_variation","region_rec_var",843,NA,NA,NA,0,0,TRUE,NA,897,897,0.0162220993787523,"mean_preserving_scaled_beta","bounded_natural",0.06,0,0.270368322979205,0.1,3.53553390593274,FALSE,TRUE,FALSE,0.1
898,"region_rec_diffs(3,260)",0,-3,3,0,FALSE,"regional_recruitment_variation","region_rec_var",844,NA,NA,NA,0,0,TRUE,NA,898,898,-0.0488608413934735,"mean_preserving_scaled_beta","bounded_natural",0.06,0,-0.814347356557891,0.1,3.53553390593274,FALSE,TRUE,FALSE,0.1
899,"region_rec_diffs(3,261)",0,-3,3,0,FALSE,"regional_recruitment_variation","region_rec_var",845,NA,NA,NA,0,0,TRUE,NA,899,899,0.0287315679161004,"mean_preserving_scaled_beta","bounded_natural",0.06,0,0.47885946526834,0.1,3.53553390593274,FALSE,TRUE,FALSE,0.1
900,"region_rec_diffs(3,262)",0,-3,3,0,FALSE,"regional_recruitment_variation","region_rec_var",846,NA,NA,NA,0,0,TRUE,NA,900,900,-0.0719336685732888,"mean_preserving_scaled_beta","bounded_natural",0.06,0,-1.19889447622148,0.1,3.53553390593274,FALSE,TRUE,FALSE,0.1
901,"region_rec_diffs(3,263)",0,-3,3,0,FALSE,"regional_recruitment_variation","region_rec_var",847,NA,NA,NA,0,0,TRUE,NA,901,901,-0.0869903640934298,"mean_preserving_scaled_beta","bounded_natural",0.06,0,-1.44983940155716,0.1,3.53553390593274,FALSE,TRUE,FALSE,0.1
902,"region_rec_diffs(3,264)",0,-3,3,0,FALSE,"regional_recruitment_variation","region_rec_var",848,NA,NA,NA,0,0,TRUE,NA,902,902,-0.00972394518995534,"mean_preserving_scaled_beta","bounded_natural",0.06,0,-0.162065753165922,0.1,3.53553390593274,FALSE,TRUE,FALSE,0.1
903,"region_rec_diffs(3,265)",0,-3,3,0,FALSE,"regional_recruitment_variation","region_rec_var",849,NA,NA,NA,0,0,TRUE,NA,903,903,-0.0156516354384406,"mean_preserving_scaled_beta","bounded_natural",0.06,0,-0.260860590640677,0.1,3.53553390593274,FALSE,TRUE,FALSE,0.1
904,"region_rec_diffs(3,266)",0,-3,3,0,FALSE,"regional_recruitment_variation","region_rec_var",850,NA,NA,NA,0,0,TRUE,NA,904,904,-0.0931783190439361,"mean_preserving_scaled_beta","bounded_natural",0.06,0,-1.5529719840656,0.1,3.53553390593274,FALSE,TRUE,FALSE,0.1
905,"region_rec_diffs(3,267)",0,-3,3,0,FALSE,"regional_recruitment_variation","region_rec_var",851,NA,NA,NA,0,0,TRUE,NA,905,905,-0.0192534135552576,"mean_preserving_scaled_beta","bounded_natural",0.06,0,-0.320890225920959,0.1,3.53553390593274,FALSE,TRUE,FALSE,0.1
906,"region_rec_diffs(3,268)",0,-3,3,0,FALSE,"regional_recruitment_variation","region_rec_var",852,NA,NA,NA,0,0,TRUE,NA,906,906,-0.0487494735849126,"mean_preserving_scaled_beta","bounded_natural",0.06,0,-0.812491226415209,0.1,3.53553390593274,FALSE,TRUE,FALSE,0.1
907,"region_rec_diffs(3,269)",0,-3,3,0,FALSE,"regional_recruitment_variation","region_rec_var",853,NA,NA,NA,0,0,TRUE,NA,907,907,0.0213952623906715,"mean_preserving_scaled_beta","bounded_natural",0.06,0,0.356587706511191,0.1,3.53553390593274,FALSE,TRUE,FALSE,0.1
908,"region_rec_diffs(3,270)",0,-3,3,0,FALSE,"regional_recruitment_variation","region_rec_var",854,NA,NA,NA,0,0,TRUE,NA,908,908,0.0220379960670849,"mean_preserving_scaled_beta","bounded_natural",0.06,0,0.367299934451415,0.1,3.53553390593274,FALSE,TRUE,FALSE,0.1
909,"region_rec_diffs(3,271)",0,-3,3,0,FALSE,"regional_recruitment_variation","region_rec_var",855,NA,NA,NA,0,0,TRUE,NA,909,909,0.0519810932933673,"mean_preserving_scaled_beta","bounded_natural",0.06,0,0.866351554889455,0.1,3.53553390593274,FALSE,TRUE,FALSE,0.1
910,"region_rec_diffs(3,272)",0,-3,3,0,FALSE,"regional_recruitment_variation","region_rec_var",856,NA,NA,NA,0,0,TRUE,NA,910,910,0.0185207920810884,"mean_preserving_scaled_beta","bounded_natural",0.06,0,0.308679868018139,0.1,3.53553390593274,FALSE,TRUE,FALSE,0.1
911,"region_rec_diffs(3,273)",0,-3,3,0,FALSE,"regional_recruitment_variation","region_rec_var",857,NA,NA,NA,0,0,TRUE,NA,911,911,0.0176158505351958,"mean_preserving_scaled_beta","bounded_natural",0.06,0,0.293597508919929,0.1,3.53553390593274,FALSE,TRUE,FALSE,0.1
912,"region_rec_diffs(3,274)",0,-3,3,0,FALSE,"regional_recruitment_variation","region_rec_var",858,NA,NA,NA,0,0,TRUE,NA,912,912,-0.00365005958196685,"mean_preserving_scaled_beta","bounded_natural",0.06,0,-0.0608343263661141,0.1,3.53553390593274,FALSE,TRUE,FALSE,0.1
913,"region_rec_diffs(3,275)",0,-3,3,0,FALSE,"regional_recruitment_variation","region_rec_var",859,NA,NA,NA,0,0,TRUE,NA,913,913,0.0311318217075089,"mean_preserving_scaled_beta","bounded_natural",0.06,0,0.518863695125149,0.1,3.53553390593274,FALSE,TRUE,FALSE,0.1
914,"region_rec_diffs(3,276)",0,-3,3,0,FALSE,"regional_recruitment_variation","region_rec_var",860,NA,NA,NA,0,0,TRUE,NA,914,914,0.0538854301656748,"mean_preserving_scaled_beta","bounded_natural",0.06,0,0.898090502761247,0.1,3.53553390593274,FALSE,TRUE,FALSE,0.1
915,"region_rec_diffs(3,277)",0,-3,3,0,FALSE,"regional_recruitment_variation","region_rec_var",861,NA,NA,NA,0,0,TRUE,NA,915,915,-0.0272929049462993,"mean_preserving_scaled_beta","bounded_natural",0.06,0,-0.454881749104989,0.1,3.53553390593274,FALSE,TRUE,FALSE,0.1
916,"region_rec_diffs(3,278)",0,-3,3,0,FALSE,"regional_recruitment_variation","region_rec_var",862,NA,NA,NA,0,0,TRUE,NA,916,916,0.0334022277694919,"mean_preserving_scaled_beta","bounded_natural",0.06,0,0.556703796158198,0.1,3.53553390593274,FALSE,TRUE,FALSE,0.1
917,"region_rec_diffs(3,279)",0,-3,3,0,FALSE,"regional_recruitment_variation","region_rec_var",863,NA,NA,NA,0,0,TRUE,NA,917,917,0.0943177063055334,"mean_preserving_scaled_beta","bounded_natural",0.06,0,1.57196177175889,0.1,3.53553390593274,FALSE,TRUE,FALSE,0.1
918,"region_rec_diffs(3,280)",0,-3,3,0,FALSE,"regional_recruitment_variation","region_rec_var",864,NA,NA,NA,0,0,TRUE,NA,918,918,-0.00909837249838041,"mean_preserving_scaled_beta","bounded_natural",0.06,0,-0.151639541639674,0.1,3.53553390593274,FALSE,TRUE,FALSE,0.1
919,"region_rec_diffs(3,281)",0,-3,3,0,FALSE,"regional_recruitment_variation","region_rec_var",865,NA,NA,NA,0,0,TRUE,NA,919,919,-0.00411861150250648,"mean_preserving_scaled_beta","bounded_natural",0.06,0,-0.0686435250417746,0.1,3.53553390593274,FALSE,TRUE,FALSE,0.1
920,"region_rec_diffs(3,282)",0,-3,3,0,FALSE,"regional_recruitment_variation","region_rec_var",866,NA,NA,NA,0,0,TRUE,NA,920,920,-0.0887371355489535,"mean_preserving_scaled_beta","bounded_natural",0.06,0,-1.47895225914922,0.1,3.53553390593274,FALSE,TRUE,FALSE,0.1
921,"region_rec_diffs(3,283)",0,-3,3,0,FALSE,"regional_recruitment_variation","region_rec_var",867,NA,NA,NA,0,0,TRUE,NA,921,921,0.00585605330757621,"mean_preserving_scaled_beta","bounded_natural",0.06,0,0.0976008884596036,0.1,3.53553390593274,FALSE,TRUE,FALSE,0.1
922,"region_rec_diffs(3,284)",0,-3,3,0,FALSE,"regional_recruitment_variation","region_rec_var",868,NA,NA,NA,0,0,TRUE,NA,922,922,0.0882099297035142,"mean_preserving_scaled_beta","bounded_natural",0.06,0,1.47016549505857,0.1,3.53553390593274,FALSE,TRUE,FALSE,0.1
923,"region_rec_diffs(3,285)",0,-3,3,0,FALSE,"regional_recruitment_variation","region_rec_var",869,NA,NA,NA,0,0,TRUE,NA,923,923,0.0328693955748482,"mean_preserving_scaled_beta","bounded_natural",0.06,0,0.547823259580804,0.1,3.53553390593274,FALSE,TRUE,FALSE,0.1
924,"region_rec_diffs(3,286)",0,-3,3,0,FALSE,"regional_recruitment_variation","region_rec_var",870,NA,NA,NA,0,0,TRUE,NA,924,924,-0.0806200493123961,"mean_preserving_scaled_beta","bounded_natural",0.06,0,-1.34366748853993,0.1,3.53553390593274,FALSE,TRUE,FALSE,0.1
925,"region_rec_diffs(3,287)",0,-3,3,0,FALSE,"regional_recruitment_variation","region_rec_var",871,NA,NA,NA,0,0,TRUE,NA,925,925,-0.0551074341990212,"mean_preserving_scaled_beta","bounded_natural",0.06,0,-0.918457236650353,0.1,3.53553390593274,FALSE,TRUE,FALSE,0.1
926,"region_rec_diffs(3,288)",0,-3,3,0,FALSE,"regional_recruitment_variation","region_rec_var",872,NA,NA,NA,0,0,TRUE,NA,926,926,0.0452515863475762,"mean_preserving_scaled_beta","bounded_natural",0.06,0,0.754193105792937,0.1,3.53553390593274,FALSE,TRUE,FALSE,0.1
927,"region_rec_diffs(3,289)",0,-3,3,0,FALSE,"regional_recruitment_variation","region_rec_var",873,NA,NA,NA,0,0,TRUE,NA,927,927,0.0160178379621074,"mean_preserving_scaled_beta","bounded_natural",0.06,0,0.266963966035124,0.1,3.53553390593274,FALSE,TRUE,FALSE,0.1
928,"region_rec_diffs(3,290)",0,-3,3,0,FALSE,"regional_recruitment_variation","region_rec_var",874,NA,NA,NA,0,0,TRUE,NA,928,928,-0.0390608962748242,"mean_preserving_scaled_beta","bounded_natural",0.06,0,-0.651014937913737,0.1,3.53553390593274,FALSE,TRUE,FALSE,0.1
929,"region_rec_diffs(3,291)",0,-3,3,0,FALSE,"regional_recruitment_variation","region_rec_var",875,NA,NA,NA,0,0,TRUE,NA,929,929,0.00937561310904389,"mean_preserving_scaled_beta","bounded_natural",0.06,0,0.156260218484065,0.1,3.53553390593274,FALSE,TRUE,FALSE,0.1
930,"region_rec_diffs(4,1)",0,-3,3,0,FALSE,"regional_recruitment_variation","region_rec_var",877,NA,NA,NA,0,0,TRUE,NA,930,930,0.122702294240187,"mean_preserving_scaled_beta","bounded_natural",0.06,0,2.04503823733645,0.1,3.53553390593274,FALSE,TRUE,FALSE,0.1
931,"region_rec_diffs(4,2)",0,-3,3,0,FALSE,"regional_recruitment_variation","region_rec_var",878,NA,NA,NA,0,0,TRUE,NA,931,931,-0.0347879679841268,"mean_preserving_scaled_beta","bounded_natural",0.06,0,-0.579799466402112,0.1,3.53553390593274,FALSE,TRUE,FALSE,0.1
932,"region_rec_diffs(4,3)",0,-3,3,0,FALSE,"regional_recruitment_variation","region_rec_var",879,NA,NA,NA,0,0,TRUE,NA,932,932,0.0670315108291151,"mean_preserving_scaled_beta","bounded_natural",0.06,0,1.11719184715192,0.1,3.53553390593274,FALSE,TRUE,FALSE,0.1
933,"region_rec_diffs(4,4)",0,-3,3,0,FALSE,"regional_recruitment_variation","region_rec_var",880,NA,NA,NA,0,0,TRUE,NA,933,933,-0.0749728236416396,"mean_preserving_scaled_beta","bounded_natural",0.06,0,-1.24954706069399,0.1,3.53553390593274,FALSE,TRUE,FALSE,0.1
934,"region_rec_diffs(4,5)",0,-3,3,0,FALSE,"regional_recruitment_variation","region_rec_var",881,NA,NA,NA,0,0,TRUE,NA,934,934,0.0278478979644223,"mean_preserving_scaled_beta","bounded_natural",0.06,0,0.464131632740372,0.1,3.53553390593274,FALSE,TRUE,FALSE,0.1
935,"region_rec_diffs(4,6)",0,-3,3,0,FALSE,"regional_recruitment_variation","region_rec_var",882,NA,NA,NA,0,0,TRUE,NA,935,935,0.0317301592673727,"mean_preserving_scaled_beta","bounded_natural",0.06,0,0.528835987789544,0.1,3.53553390593274,FALSE,TRUE,FALSE,0.1
936,"region_rec_diffs(4,7)",0,-3,3,0,FALSE,"regional_recruitment_variation","region_rec_var",883,NA,NA,NA,0,0,TRUE,NA,936,936,-0.052000424445676,"mean_preserving_scaled_beta","bounded_natural",0.06,0,-0.866673740761266,0.1,3.53553390593274,FALSE,TRUE,FALSE,0.1
937,"region_rec_diffs(4,8)",0,-3,3,0,FALSE,"regional_recruitment_variation","region_rec_var",884,NA,NA,NA,0,0,TRUE,NA,937,937,-0.0960846482510327,"mean_preserving_scaled_beta","bounded_natural",0.06,0,-1.60141080418388,0.1,3.53553390593274,FALSE,TRUE,FALSE,0.1
938,"region_rec_diffs(4,9)",0,-3,3,0,FALSE,"regional_recruitment_variation","region_rec_var",885,NA,NA,NA,0,0,TRUE,NA,938,938,-0.063406259240498,"mean_preserving_scaled_beta","bounded_natural",0.06,0,-1.05677098734163,0.1,3.53553390593274,FALSE,TRUE,FALSE,0.1
939,"region_rec_diffs(4,10)",0,-3,3,0,FALSE,"regional_recruitment_variation","region_rec_var",886,NA,NA,NA,0,0,TRUE,NA,939,939,-0.0158481850682604,"mean_preserving_scaled_beta","bounded_natural",0.06,0,-0.264136417804339,0.1,3.53553390593274,FALSE,TRUE,FALSE,0.1
940,"region_rec_diffs(4,11)",0,-3,3,0,FALSE,"regional_recruitment_variation","region_rec_var",887,NA,NA,NA,0,0,TRUE,NA,940,940,-0.0476883128978258,"mean_preserving_scaled_beta","bounded_natural",0.06,0,-0.794805214963764,0.1,3.53553390593274,FALSE,TRUE,FALSE,0.1
941,"region_rec_diffs(4,12)",0,-3,3,0,FALSE,"regional_recruitment_variation","region_rec_var",888,NA,NA,NA,0,0,TRUE,NA,941,941,-0.139711255159781,"mean_preserving_scaled_beta","bounded_natural",0.06,0,-2.32852091932968,0.1,3.53553390593274,FALSE,TRUE,FALSE,0.1
942,"region_rec_diffs(4,13)",0,-3,3,0,FALSE,"regional_recruitment_variation","region_rec_var",889,NA,NA,NA,0,0,TRUE,NA,942,942,0.0829497661222827,"mean_preserving_scaled_beta","bounded_natural",0.06,0,1.38249610203804,0.1,3.53553390593274,FALSE,TRUE,FALSE,0.1
943,"region_rec_diffs(4,14)",0,-3,3,0,FALSE,"regional_recruitment_variation","region_rec_var",890,NA,NA,NA,0,0,TRUE,NA,943,943,-0.0414883383015834,"mean_preserving_scaled_beta","bounded_natural",0.06,0,-0.69147230502639,0.1,3.53553390593274,FALSE,TRUE,FALSE,0.1
944,"region_rec_diffs(4,15)",0,-3,3,0,FALSE,"regional_recruitment_variation","region_rec_var",891,NA,NA,NA,0,0,TRUE,NA,944,944,-0.0612815993163514,"mean_preserving_scaled_beta","bounded_natural",0.06,0,-1.02135998860586,0.1,3.53553390593274,FALSE,TRUE,FALSE,0.1
945,"region_rec_diffs(4,16)",0,-3,3,0,FALSE,"regional_recruitment_variation","region_rec_var",892,NA,NA,NA,0,0,TRUE,NA,945,945,0.00748672167210795,"mean_preserving_scaled_beta","bounded_natural",0.06,0,0.124778694535133,0.1,3.53553390593274,FALSE,TRUE,FALSE,0.1
946,"region_rec_diffs(4,17)",0,-3,3,0,FALSE,"regional_recruitment_variation","region_rec_var",893,NA,NA,NA,0,0,TRUE,NA,946,946,-0.0618221378486221,"mean_preserving_scaled_beta","bounded_natural",0.06,0,-1.0303689641437,0.1,3.53553390593274,FALSE,TRUE,FALSE,0.1
947,"region_rec_diffs(4,18)",0,-3,3,0,FALSE,"regional_recruitment_variation","region_rec_var",894,NA,NA,NA,0,0,TRUE,NA,947,947,0.0597341470218136,"mean_preserving_scaled_beta","bounded_natural",0.06,0,0.995569117030226,0.1,3.53553390593274,FALSE,TRUE,FALSE,0.1
948,"region_rec_diffs(4,19)",0,-3,3,0,FALSE,"regional_recruitment_variation","region_rec_var",895,NA,NA,NA,0,0,TRUE,NA,948,948,0.050945283056854,"mean_preserving_scaled_beta","bounded_natural",0.06,0,0.849088050947566,0.1,3.53553390593274,FALSE,TRUE,FALSE,0.1
949,"region_rec_diffs(4,20)",0,-3,3,0,FALSE,"regional_recruitment_variation","region_rec_var",896,NA,NA,NA,0,0,TRUE,NA,949,949,-0.0553946632679687,"mean_preserving_scaled_beta","bounded_natural",0.06,0,-0.923244387799478,0.1,3.53553390593274,FALSE,TRUE,FALSE,0.1
950,"region_rec_diffs(4,21)",0,-3,3,0,FALSE,"regional_recruitment_variation","region_rec_var",897,NA,NA,NA,0,0,TRUE,NA,950,950,-0.0875973609617766,"mean_preserving_scaled_beta","bounded_natural",0.06,0,-1.45995601602961,0.1,3.53553390593274,FALSE,TRUE,FALSE,0.1
951,"region_rec_diffs(4,22)",0,-3,3,0,FALSE,"regional_recruitment_variation","region_rec_var",898,NA,NA,NA,0,0,TRUE,NA,951,951,-0.0415649815943615,"mean_preserving_scaled_beta","bounded_natural",0.06,0,-0.692749693239358,0.1,3.53553390593274,FALSE,TRUE,FALSE,0.1
952,"region_rec_diffs(4,23)",0,-3,3,0,FALSE,"regional_recruitment_variation","region_rec_var",899,NA,NA,NA,0,0,TRUE,NA,952,952,-0.00519153826512309,"mean_preserving_scaled_beta","bounded_natural",0.06,0,-0.0865256377520514,0.1,3.53553390593274,FALSE,TRUE,FALSE,0.1
953,"region_rec_diffs(4,24)",0,-3,3,0,FALSE,"regional_recruitment_variation","region_rec_var",900,NA,NA,NA,0,0,TRUE,NA,953,953,0.058899535681201,"mean_preserving_scaled_beta","bounded_natural",0.06,0,0.981658928020016,0.1,3.53553390593274,FALSE,TRUE,FALSE,0.1
954,"region_rec_diffs(4,25)",0,-3,3,0,FALSE,"regional_recruitment_variation","region_rec_var",901,NA,NA,NA,0,0,TRUE,NA,954,954,-0.0893673476908212,"mean_preserving_scaled_beta","bounded_natural",0.06,0,-1.48945579484702,0.1,3.53553390593274,FALSE,TRUE,FALSE,0.1
955,"region_rec_diffs(4,26)",0,-3,3,0,FALSE,"regional_recruitment_variation","region_rec_var",902,NA,NA,NA,0,0,TRUE,NA,955,955,-0.0337748319215145,"mean_preserving_scaled_beta","bounded_natural",0.06,0,-0.562913865358575,0.1,3.53553390593274,FALSE,TRUE,FALSE,0.1
956,"region_rec_diffs(4,27)",0,-3,3,0,FALSE,"regional_recruitment_variation","region_rec_var",903,NA,NA,NA,0,0,TRUE,NA,956,956,-0.00760891699312483,"mean_preserving_scaled_beta","bounded_natural",0.06,0,-0.126815283218747,0.1,3.53553390593274,FALSE,TRUE,FALSE,0.1
957,"region_rec_diffs(4,28)",0,-3,3,0,FALSE,"regional_recruitment_variation","region_rec_var",904,NA,NA,NA,0,0,TRUE,NA,957,957,0.0312487626288824,"mean_preserving_scaled_beta","bounded_natural",0.06,0,0.520812710481374,0.1,3.53553390593274,FALSE,TRUE,FALSE,0.1
958,"region_rec_diffs(4,29)",0,-3,3,0,FALSE,"regional_recruitment_variation","region_rec_var",905,NA,NA,NA,0,0,TRUE,NA,958,958,0.0156168925899398,"mean_preserving_scaled_beta","bounded_natural",0.06,0,0.260281543165663,0.1,3.53553390593274,FALSE,TRUE,FALSE,0.1
959,"region_rec_diffs(4,30)",0,-3,3,0,FALSE,"regional_recruitment_variation","region_rec_var",906,NA,NA,NA,0,0,TRUE,NA,959,959,-0.0311910108141289,"mean_preserving_scaled_beta","bounded_natural",0.06,0,-0.519850180235481,0.1,3.53553390593274,FALSE,TRUE,FALSE,0.1
960,"region_rec_diffs(4,31)",0,-3,3,0,FALSE,"regional_recruitment_variation","region_rec_var",907,NA,NA,NA,0,0,TRUE,NA,960,960,0.104192932296655,"mean_preserving_scaled_beta","bounded_natural",0.06,0,1.73654887161092,0.1,3.53553390593274,FALSE,TRUE,FALSE,0.1
961,"region_rec_diffs(4,32)",0,-3,3,0,FALSE,"regional_recruitment_variation","region_rec_var",908,NA,NA,NA,0,0,TRUE,NA,961,961,0.097879432325954,"mean_preserving_scaled_beta","bounded_natural",0.06,0,1.63132387209923,0.1,3.53553390593274,FALSE,TRUE,FALSE,0.1
962,"region_rec_diffs(4,33)",0,-3,3,0,FALSE,"regional_recruitment_variation","region_rec_var",909,NA,NA,NA,0,0,TRUE,NA,962,962,-0.00731593634951633,"mean_preserving_scaled_beta","bounded_natural",0.06,0,-0.121932272491939,0.1,3.53553390593274,FALSE,TRUE,FALSE,0.1
963,"region_rec_diffs(4,34)",0,-3,3,0,FALSE,"regional_recruitment_variation","region_rec_var",910,NA,NA,NA,0,0,TRUE,NA,963,963,-0.0134083257071032,"mean_preserving_scaled_beta","bounded_natural",0.06,0,-0.223472095118386,0.1,3.53553390593274,FALSE,TRUE,FALSE,0.1
964,"region_rec_diffs(4,35)",0,-3,3,0,FALSE,"regional_recruitment_variation","region_rec_var",911,NA,NA,NA,0,0,TRUE,NA,964,964,0.00784976618740263,"mean_preserving_scaled_beta","bounded_natural",0.06,0,0.13082943645671,0.1,3.53553390593274,FALSE,TRUE,FALSE,0.1
965,"region_rec_diffs(4,36)",0,-3,3,0,FALSE,"regional_recruitment_variation","region_rec_var",912,NA,NA,NA,0,0,TRUE,NA,965,965,-0.0767315103687114,"mean_preserving_scaled_beta","bounded_natural",0.06,0,-1.27885850614519,0.1,3.53553390593274,FALSE,TRUE,FALSE,0.1
966,"region_rec_diffs(4,37)",0,-3,3,0,FALSE,"regional_recruitment_variation","region_rec_var",913,NA,NA,NA,0,0,TRUE,NA,966,966,-0.00532901272633834,"mean_preserving_scaled_beta","bounded_natural",0.06,0,-0.0888168787723057,0.1,3.53553390593274,FALSE,TRUE,FALSE,0.1
967,"region_rec_diffs(4,38)",0,-3,3,0,FALSE,"regional_recruitment_variation","region_rec_var",914,NA,NA,NA,0,0,TRUE,NA,967,967,0.0361001917908053,"mean_preserving_scaled_beta","bounded_natural",0.06,0,0.601669863180088,0.1,3.53553390593274,FALSE,TRUE,FALSE,0.1
968,"region_rec_diffs(4,39)",0,-3,3,0,FALSE,"regional_recruitment_variation","region_rec_var",915,NA,NA,NA,0,0,TRUE,NA,968,968,0.00760988420128772,"mean_preserving_scaled_beta","bounded_natural",0.06,0,0.126831403354795,0.1,3.53553390593274,FALSE,TRUE,FALSE,0.1
969,"region_rec_diffs(4,40)",0,-3,3,0,FALSE,"regional_recruitment_variation","region_rec_var",916,NA,NA,NA,0,0,TRUE,NA,969,969,0.0687405283586675,"mean_preserving_scaled_beta","bounded_natural",0.06,0,1.14567547264446,0.1,3.53553390593274,FALSE,TRUE,FALSE,0.1
970,"region_rec_diffs(4,41)",0,-3,3,0,FALSE,"regional_recruitment_variation","region_rec_var",917,NA,NA,NA,0,0,TRUE,NA,970,970,0.0241695049220478,"mean_preserving_scaled_beta","bounded_natural",0.06,0,0.402825082034131,0.1,3.53553390593274,FALSE,TRUE,FALSE,0.1
971,"region_rec_diffs(4,42)",0,-3,3,0,FALSE,"regional_recruitment_variation","region_rec_var",918,NA,NA,NA,0,0,TRUE,NA,971,971,0.094213971393144,"mean_preserving_scaled_beta","bounded_natural",0.06,0,1.5702328565524,0.1,3.53553390593274,FALSE,TRUE,FALSE,0.1
972,"region_rec_diffs(4,43)",0,-3,3,0,FALSE,"regional_recruitment_variation","region_rec_var",919,NA,NA,NA,0,0,TRUE,NA,972,972,-0.0638493247635119,"mean_preserving_scaled_beta","bounded_natural",0.06,0,-1.0641554127252,0.1,3.53553390593274,FALSE,TRUE,FALSE,0.1
973,"region_rec_diffs(4,44)",0,-3,3,0,FALSE,"regional_recruitment_variation","region_rec_var",920,NA,NA,NA,0,0,TRUE,NA,973,973,0.0151427590727149,"mean_preserving_scaled_beta","bounded_natural",0.06,0,0.252379317878582,0.1,3.53553390593274,FALSE,TRUE,FALSE,0.1
974,"region_rec_diffs(4,45)",0,-3,3,0,FALSE,"regional_recruitment_variation","region_rec_var",921,NA,NA,NA,0,0,TRUE,NA,974,974,-0.0276470390432539,"mean_preserving_scaled_beta","bounded_natural",0.06,0,-0.460783984054232,0.1,3.53553390593274,FALSE,TRUE,FALSE,0.1
975,"region_rec_diffs(4,46)",0,-3,3,0,FALSE,"regional_recruitment_variation","region_rec_var",922,NA,NA,NA,0,0,TRUE,NA,975,975,0.0324256500347739,"mean_preserving_scaled_beta","bounded_natural",0.06,0,0.540427500579565,0.1,3.53553390593274,FALSE,TRUE,FALSE,0.1
976,"region_rec_diffs(4,47)",0,-3,3,0,FALSE,"regional_recruitment_variation","region_rec_var",923,NA,NA,NA,0,0,TRUE,NA,976,976,0.0850699142883657,"mean_preserving_scaled_beta","bounded_natural",0.06,0,1.4178319048061,0.1,3.53553390593274,FALSE,TRUE,FALSE,0.1
977,"region_rec_diffs(4,48)",0,-3,3,0,FALSE,"regional_recruitment_variation","region_rec_var",924,NA,NA,NA,0,0,TRUE,NA,977,977,0.0144564776820557,"mean_preserving_scaled_beta","bounded_natural",0.06,0,0.240941294700929,0.1,3.53553390593274,FALSE,TRUE,FALSE,0.1
978,"region_rec_diffs(4,49)",0,-3,3,0,FALSE,"regional_recruitment_variation","region_rec_var",925,NA,NA,NA,0,0,TRUE,NA,978,978,0.0290668804227034,"mean_preserving_scaled_beta","bounded_natural",0.06,0,0.484448007045057,0.1,3.53553390593274,FALSE,TRUE,FALSE,0.1
979,"region_rec_diffs(4,50)",0,-3,3,0,FALSE,"regional_recruitment_variation","region_rec_var",926,NA,NA,NA,0,0,TRUE,NA,979,979,-0.0224024380538048,"mean_preserving_scaled_beta","bounded_natural",0.06,0,-0.373373967563414,0.1,3.53553390593274,FALSE,TRUE,FALSE,0.1
980,"region_rec_diffs(4,51)",0,-3,3,0,FALSE,"regional_recruitment_variation","region_rec_var",927,NA,NA,NA,0,0,TRUE,NA,980,980,-0.0242710876802259,"mean_preserving_scaled_beta","bounded_natural",0.06,0,-0.404518128003765,0.1,3.53553390593274,FALSE,TRUE,FALSE,0.1
981,"region_rec_diffs(4,52)",0,-3,3,0,FALSE,"regional_recruitment_variation","region_rec_var",928,NA,NA,NA,0,0,TRUE,NA,981,981,0.0113244263007379,"mean_preserving_scaled_beta","bounded_natural",0.06,0,0.188740438345632,0.1,3.53553390593274,FALSE,TRUE,FALSE,0.1
982,"region_rec_diffs(4,53)",0,-3,3,0,FALSE,"regional_recruitment_variation","region_rec_var",929,NA,NA,NA,0,0,TRUE,NA,982,982,-0.0325293901159083,"mean_preserving_scaled_beta","bounded_natural",0.06,0,-0.542156501931804,0.1,3.53553390593274,FALSE,TRUE,FALSE,0.1
983,"region_rec_diffs(4,54)",0,-3,3,0,FALSE,"regional_recruitment_variation","region_rec_var",930,NA,NA,NA,0,0,TRUE,NA,983,983,-0.0468722696094561,"mean_preserving_scaled_beta","bounded_natural",0.06,0,-0.781204493490935,0.1,3.53553390593274,FALSE,TRUE,FALSE,0.1
984,"region_rec_diffs(4,55)",0,-3,3,0,FALSE,"regional_recruitment_variation","region_rec_var",931,NA,NA,NA,0,0,TRUE,NA,984,984,-0.0171397455182842,"mean_preserving_scaled_beta","bounded_natural",0.06,0,-0.285662425304737,0.1,3.53553390593274,FALSE,TRUE,FALSE,0.1
985,"region_rec_diffs(4,56)",0,-3,3,0,FALSE,"regional_recruitment_variation","region_rec_var",932,NA,NA,NA,0,0,TRUE,NA,985,985,-0.0610871434473732,"mean_preserving_scaled_beta","bounded_natural",0.06,0,-1.01811905745622,0.1,3.53553390593274,FALSE,TRUE,FALSE,0.1
986,"region_rec_diffs(4,57)",0,-3,3,0,FALSE,"regional_recruitment_variation","region_rec_var",933,NA,NA,NA,0,0,TRUE,NA,986,986,0.0682606419210883,"mean_preserving_scaled_beta","bounded_natural",0.06,0,1.13767736535147,0.1,3.53553390593274,FALSE,TRUE,FALSE,0.1
987,"region_rec_diffs(4,58)",0,-3,3,0,FALSE,"regional_recruitment_variation","region_rec_var",934,NA,NA,NA,0,0,TRUE,NA,987,987,0.0187526891681049,"mean_preserving_scaled_beta","bounded_natural",0.06,0,0.312544819468415,0.1,3.53553390593274,FALSE,TRUE,FALSE,0.1
988,"region_rec_diffs(4,59)",0,-3,3,0,FALSE,"regional_recruitment_variation","region_rec_var",935,NA,NA,NA,0,0,TRUE,NA,988,988,-0.0385597940122087,"mean_preserving_scaled_beta","bounded_natural",0.06,0,-0.642663233536811,0.1,3.53553390593274,FALSE,TRUE,FALSE,0.1
989,"region_rec_diffs(4,60)",0,-3,3,0,FALSE,"regional_recruitment_variation","region_rec_var",936,NA,NA,NA,0,0,TRUE,NA,989,989,-0.0756423377408231,"mean_preserving_scaled_beta","bounded_natural",0.06,0,-1.26070562901372,0.1,3.53553390593274,FALSE,TRUE,FALSE,0.1
990,"region_rec_diffs(4,61)",0,-3,3,0,FALSE,"regional_recruitment_variation","region_rec_var",937,NA,NA,NA,0,0,TRUE,NA,990,990,-0.00181044158410737,"mean_preserving_scaled_beta","bounded_natural",0.06,0,-0.0301740264017895,0.1,3.53553390593274,FALSE,TRUE,FALSE,0.1
991,"region_rec_diffs(4,62)",0,-3,3,0,FALSE,"regional_recruitment_variation","region_rec_var",938,NA,NA,NA,0,0,TRUE,NA,991,991,0.0493842612801045,"mean_preserving_scaled_beta","bounded_natural",0.06,0,0.823071021335075,0.1,3.53553390593274,FALSE,TRUE,FALSE,0.1
992,"region_rec_diffs(4,63)",0,-3,3,0,FALSE,"regional_recruitment_variation","region_rec_var",939,NA,NA,NA,0,0,TRUE,NA,992,992,-0.0626932763570767,"mean_preserving_scaled_beta","bounded_natural",0.06,0,-1.04488793928461,0.1,3.53553390593274,FALSE,TRUE,FALSE,0.1
993,"region_rec_diffs(4,64)",0,-3,3,0,FALSE,"regional_recruitment_variation","region_rec_var",940,NA,NA,NA,0,0,TRUE,NA,993,993,-0.0611004966872724,"mean_preserving_scaled_beta","bounded_natural",0.06,0,-1.01834161145454,0.1,3.53553390593274,FALSE,TRUE,FALSE,0.1
994,"region_rec_diffs(4,65)",0,-3,3,0,FALSE,"regional_recruitment_variation","region_rec_var",941,NA,NA,NA,0,0,TRUE,NA,994,994,0.0352629965712463,"mean_preserving_scaled_beta","bounded_natural",0.06,0,0.587716609520772,0.1,3.53553390593274,FALSE,TRUE,FALSE,0.1
995,"region_rec_diffs(4,66)",0,-3,3,0,FALSE,"regional_recruitment_variation","region_rec_var",942,NA,NA,NA,0,0,TRUE,NA,995,995,0.0851317717144746,"mean_preserving_scaled_beta","bounded_natural",0.06,0,1.41886286190791,0.1,3.53553390593274,FALSE,TRUE,FALSE,0.1
996,"region_rec_diffs(4,67)",0,-3,3,0,FALSE,"regional_recruitment_variation","region_rec_var",943,NA,NA,NA,0,0,TRUE,NA,996,996,0.0250977146754816,"mean_preserving_scaled_beta","bounded_natural",0.06,0,0.41829524459136,0.1,3.53553390593274,FALSE,TRUE,FALSE,0.1
997,"region_rec_diffs(4,68)",0,-3,3,0,FALSE,"regional_recruitment_variation","region_rec_var",944,NA,NA,NA,0,0,TRUE,NA,997,997,-0.0876597969841901,"mean_preserving_scaled_beta","bounded_natural",0.06,0,-1.46099661640317,0.1,3.53553390593274,FALSE,TRUE,FALSE,0.1
998,"region_rec_diffs(4,69)",0,-3,3,0,FALSE,"regional_recruitment_variation","region_rec_var",945,NA,NA,NA,0,0,TRUE,NA,998,998,-0.0706526883290461,"mean_preserving_scaled_beta","bounded_natural",0.06,0,-1.1775448054841,0.1,3.53553390593274,FALSE,TRUE,FALSE,0.1
999,"region_rec_diffs(4,70)",0,-3,3,0,FALSE,"regional_recruitment_variation","region_rec_var",946,NA,NA,NA,0,0,TRUE,NA,999,999,0.0643148823234547,"mean_preserving_scaled_beta","bounded_natural",0.06,0,1.07191470539091,0.1,3.53553390593274,FALSE,TRUE,FALSE,0.1
1000,"region_rec_diffs(4,71)",0,-3,3,0,FALSE,"regional_recruitment_variation","region_rec_var",947,NA,NA,NA,0,0,TRUE,NA,1000,1000,-0.019648754062068,"mean_preserving_scaled_beta","bounded_natural",0.06,0,-0.3274792343678,0.1,3.53553390593274,FALSE,TRUE,FALSE,0.1
1001,"region_rec_diffs(4,72)",0,-3,3,0,FALSE,"regional_recruitment_variation","region_rec_var",948,NA,NA,NA,0,0,TRUE,NA,1001,1001,0.0597616686103271,"mean_preserving_scaled_beta","bounded_natural",0.06,0,0.996027810172117,0.1,3.53553390593274,FALSE,TRUE,FALSE,0.1
1002,"region_rec_diffs(4,73)",0,-3,3,0,FALSE,"regional_recruitment_variation","region_rec_var",949,NA,NA,NA,0,0,TRUE,NA,1002,1002,-0.0313185363898905,"mean_preserving_scaled_beta","bounded_natural",0.06,0,-0.521975606498174,0.1,3.53553390593274,FALSE,TRUE,FALSE,0.1
1003,"region_rec_diffs(4,74)",0,-3,3,0,FALSE,"regional_recruitment_variation","region_rec_var",950,NA,NA,NA,0,0,TRUE,NA,1003,1003,-0.0957116577881219,"mean_preserving_scaled_beta","bounded_natural",0.06,0,-1.5951942964687,0.1,3.53553390593274,FALSE,TRUE,FALSE,0.1
1004,"region_rec_diffs(4,75)",0,-3,3,0,FALSE,"regional_recruitment_variation","region_rec_var",951,NA,NA,NA,0,0,TRUE,NA,1004,1004,-0.0253890790435536,"mean_preserving_scaled_beta","bounded_natural",0.06,0,-0.42315131739256,0.1,3.53553390593274,FALSE,TRUE,FALSE,0.1
1005,"region_rec_diffs(4,76)",0,-3,3,0,FALSE,"regional_recruitment_variation","region_rec_var",952,NA,NA,NA,0,0,TRUE,NA,1005,1005,0.033327485013368,"mean_preserving_scaled_beta","bounded_natural",0.06,0,0.555458083556134,0.1,3.53553390593274,FALSE,TRUE,FALSE,0.1
1006,"region_rec_diffs(4,77)",0,-3,3,0,FALSE,"regional_recruitment_variation","region_rec_var",953,NA,NA,NA,0,0,TRUE,NA,1006,1006,0.0794139276060619,"mean_preserving_scaled_beta","bounded_natural",0.06,0,1.32356546010103,0.1,3.53553390593274,FALSE,TRUE,FALSE,0.1
1007,"region_rec_diffs(4,78)",0,-3,3,0,FALSE,"regional_recruitment_variation","region_rec_var",954,NA,NA,NA,0,0,TRUE,NA,1007,1007,-0.0481565935120782,"mean_preserving_scaled_beta","bounded_natural",0.06,0,-0.80260989186797,0.1,3.53553390593274,FALSE,TRUE,FALSE,0.1
1008,"region_rec_diffs(4,79)",0,-3,3,0,FALSE,"regional_recruitment_variation","region_rec_var",955,NA,NA,NA,0,0,TRUE,NA,1008,1008,0.0438679887564399,"mean_preserving_scaled_beta","bounded_natural",0.06,0,0.731133145940665,0.1,3.53553390593274,FALSE,TRUE,FALSE,0.1
1009,"region_rec_diffs(4,80)",0,-3,3,0,FALSE,"regional_recruitment_variation","region_rec_var",956,NA,NA,NA,0,0,TRUE,NA,1009,1009,-0.110306417735851,"mean_preserving_scaled_beta","bounded_natural",0.06,0,-1.83844029559752,0.1,3.53553390593274,FALSE,TRUE,FALSE,0.1
1010,"region_rec_diffs(4,81)",0,-3,3,0,FALSE,"regional_recruitment_variation","region_rec_var",957,NA,NA,NA,0,0,TRUE,NA,1010,1010,0.0590809468792344,"mean_preserving_scaled_beta","bounded_natural",0.06,0,0.984682447987239,0.1,3.53553390593274,FALSE,TRUE,FALSE,0.1
1011,"region_rec_diffs(4,82)",0,-3,3,0,FALSE,"regional_recruitment_variation","region_rec_var",958,NA,NA,NA,0,0,TRUE,NA,1011,1011,0.0971869012694206,"mean_preserving_scaled_beta","bounded_natural",0.06,0,1.61978168782368,0.1,3.53553390593274,FALSE,TRUE,FALSE,0.1
1012,"region_rec_diffs(4,83)",0,-3,3,0,FALSE,"regional_recruitment_variation","region_rec_var",959,NA,NA,NA,0,0,TRUE,NA,1012,1012,0.119563723052995,"mean_preserving_scaled_beta","bounded_natural",0.06,0,1.99272871754991,0.1,3.53553390593274,FALSE,TRUE,FALSE,0.1
1013,"region_rec_diffs(4,84)",0,-3,3,0,FALSE,"regional_recruitment_variation","region_rec_var",960,NA,NA,NA,0,0,TRUE,NA,1013,1013,-0.0279283603166678,"mean_preserving_scaled_beta","bounded_natural",0.06,0,-0.465472671944463,0.1,3.53553390593274,FALSE,TRUE,FALSE,0.1
1014,"region_rec_diffs(4,85)",0,-3,3,0,FALSE,"regional_recruitment_variation","region_rec_var",961,NA,NA,NA,0,0,TRUE,NA,1014,1014,-0.0026564154688633,"mean_preserving_scaled_beta","bounded_natural",0.06,0,-0.0442735911477217,0.1,3.53553390593274,FALSE,TRUE,FALSE,0.1
1015,"region_rec_diffs(4,86)",0,-3,3,0,FALSE,"regional_recruitment_variation","region_rec_var",962,NA,NA,NA,0,0,TRUE,NA,1015,1015,0.0375201546927486,"mean_preserving_scaled_beta","bounded_natural",0.06,0,0.62533591154581,0.1,3.53553390593274,FALSE,TRUE,FALSE,0.1
1016,"region_rec_diffs(4,87)",0,-3,3,0,FALSE,"regional_recruitment_variation","region_rec_var",963,NA,NA,NA,0,0,TRUE,NA,1016,1016,0.02136520123873,"mean_preserving_scaled_beta","bounded_natural",0.06,0,0.356086687312166,0.1,3.53553390593274,FALSE,TRUE,FALSE,0.1
1017,"region_rec_diffs(4,88)",0,-3,3,0,FALSE,"regional_recruitment_variation","region_rec_var",964,NA,NA,NA,0,0,TRUE,NA,1017,1017,0.0411520822896079,"mean_preserving_scaled_beta","bounded_natural",0.06,0,0.685868038160131,0.1,3.53553390593274,FALSE,TRUE,FALSE,0.1
1018,"region_rec_diffs(4,89)",0,-3,3,0,FALSE,"regional_recruitment_variation","region_rec_var",965,NA,NA,NA,0,0,TRUE,NA,1018,1018,0.157871579549722,"mean_preserving_scaled_beta","bounded_natural",0.06,0,2.63119299249537,0.1,3.53553390593274,FALSE,TRUE,FALSE,0.1
1019,"region_rec_diffs(4,90)",0,-3,3,0,FALSE,"regional_recruitment_variation","region_rec_var",966,NA,NA,NA,0,0,TRUE,NA,1019,1019,0.0359592865025253,"mean_preserving_scaled_beta","bounded_natural",0.06,0,0.599321441708755,0.1,3.53553390593274,FALSE,TRUE,FALSE,0.1
1020,"region_rec_diffs(4,91)",0,-3,3,0,FALSE,"regional_recruitment_variation","region_rec_var",967,NA,NA,NA,0,0,TRUE,NA,1020,1020,-0.0089062243463367,"mean_preserving_scaled_beta","bounded_natural",0.06,0,-0.148437072438945,0.1,3.53553390593274,FALSE,TRUE,FALSE,0.1
1021,"region_rec_diffs(4,92)",0,-3,3,0,FALSE,"regional_recruitment_variation","region_rec_var",968,NA,NA,NA,0,0,TRUE,NA,1021,1021,0.0544923601212637,"mean_preserving_scaled_beta","bounded_natural",0.06,0,0.908206002021061,0.1,3.53553390593274,FALSE,TRUE,FALSE,0.1
1022,"region_rec_diffs(4,93)",0,-3,3,0,FALSE,"regional_recruitment_variation","region_rec_var",969,NA,NA,NA,0,0,TRUE,NA,1022,1022,0.0585902324021141,"mean_preserving_scaled_beta","bounded_natural",0.06,0,0.976503873368569,0.1,3.53553390593274,FALSE,TRUE,FALSE,0.1
1023,"region_rec_diffs(4,94)",0,-3,3,0,FALSE,"regional_recruitment_variation","region_rec_var",970,NA,NA,NA,0,0,TRUE,NA,1023,1023,0.0140667721153722,"mean_preserving_scaled_beta","bounded_natural",0.06,0,0.23444620192287,0.1,3.53553390593274,FALSE,TRUE,FALSE,0.1
1024,"region_rec_diffs(4,95)",0,-3,3,0,FALSE,"regional_recruitment_variation","region_rec_var",971,NA,NA,NA,0,0,TRUE,NA,1024,1024,-0.00861716516510969,"mean_preserving_scaled_beta","bounded_natural",0.06,0,-0.143619419418495,0.1,3.53553390593274,FALSE,TRUE,FALSE,0.1
1025,"region_rec_diffs(4,96)",0,-3,3,0,FALSE,"regional_recruitment_variation","region_rec_var",972,NA,NA,NA,0,0,TRUE,NA,1025,1025,-0.035618153298925,"mean_preserving_scaled_beta","bounded_natural",0.06,0,-0.593635888315417,0.1,3.53553390593274,FALSE,TRUE,FALSE,0.1
1026,"region_rec_diffs(4,97)",0,-3,3,0,FALSE,"regional_recruitment_variation","region_rec_var",973,NA,NA,NA,0,0,TRUE,NA,1026,1026,0.0110252815096872,"mean_preserving_scaled_beta","bounded_natural",0.06,0,0.18375469182812,0.1,3.53553390593274,FALSE,TRUE,FALSE,0.1
1027,"region_rec_diffs(4,98)",0,-3,3,0,FALSE,"regional_recruitment_variation","region_rec_var",974,NA,NA,NA,0,0,TRUE,NA,1027,1027,-0.0100451019742067,"mean_preserving_scaled_beta","bounded_natural",0.06,0,-0.167418366236779,0.1,3.53553390593274,FALSE,TRUE,FALSE,0.1
1028,"region_rec_diffs(4,99)",0,-3,3,0,FALSE,"regional_recruitment_variation","region_rec_var",975,NA,NA,NA,0,0,TRUE,NA,1028,1028,0.00400994424817913,"mean_preserving_scaled_beta","bounded_natural",0.06,0,0.0668324041363188,0.1,3.53553390593274,FALSE,TRUE,FALSE,0.1
1029,"region_rec_diffs(4,100)",0,-3,3,0,FALSE,"regional_recruitment_variation","region_rec_var",976,NA,NA,NA,0,0,TRUE,NA,1029,1029,0.053284896413436,"mean_preserving_scaled_beta","bounded_natural",0.06,0,0.8880816068906,0.1,3.53553390593274,FALSE,TRUE,FALSE,0.1
1030,"region_rec_diffs(4,101)",0,-3,3,0,FALSE,"regional_recruitment_variation","region_rec_var",977,NA,NA,NA,0,0,TRUE,NA,1030,1030,-0.0916507760332763,"mean_preserving_scaled_beta","bounded_natural",0.06,0,-1.52751293388794,0.1,3.53553390593274,FALSE,TRUE,FALSE,0.1
1031,"region_rec_diffs(4,102)",0,-3,3,0,FALSE,"regional_recruitment_variation","region_rec_var",978,NA,NA,NA,0,0,TRUE,NA,1031,1031,-0.0147469088308014,"mean_preserving_scaled_beta","bounded_natural",0.06,0,-0.24578181384669,0.1,3.53553390593274,FALSE,TRUE,FALSE,0.1
1032,"region_rec_diffs(4,103)",0,-3,3,0,FALSE,"regional_recruitment_variation","region_rec_var",979,NA,NA,NA,0,0,TRUE,NA,1032,1032,-0.014980008717008,"mean_preserving_scaled_beta","bounded_natural",0.06,0,-0.249666811950133,0.1,3.53553390593274,FALSE,TRUE,FALSE,0.1
1033,"region_rec_diffs(4,104)",0,-3,3,0,FALSE,"regional_recruitment_variation","region_rec_var",980,NA,NA,NA,0,0,TRUE,NA,1033,1033,0.125218712930107,"mean_preserving_scaled_beta","bounded_natural",0.06,0,2.08697854883512,0.1,3.53553390593274,FALSE,TRUE,FALSE,0.1
1034,"region_rec_diffs(4,105)",0,-3,3,0,FALSE,"regional_recruitment_variation","region_rec_var",981,NA,NA,NA,0,0,TRUE,NA,1034,1034,0.0829352899186815,"mean_preserving_scaled_beta","bounded_natural",0.06,0,1.38225483197802,0.1,3.53553390593274,FALSE,TRUE,FALSE,0.1
1035,"region_rec_diffs(4,106)",0,-3,3,0,FALSE,"regional_recruitment_variation","region_rec_var",982,NA,NA,NA,0,0,TRUE,NA,1035,1035,0.0774805904798654,"mean_preserving_scaled_beta","bounded_natural",0.06,0,1.29134317466442,0.1,3.53553390593274,FALSE,TRUE,FALSE,0.1
1036,"region_rec_diffs(4,107)",0,-3,3,0,FALSE,"regional_recruitment_variation","region_rec_var",983,NA,NA,NA,0,0,TRUE,NA,1036,1036,-0.0610965787711049,"mean_preserving_scaled_beta","bounded_natural",0.06,0,-1.01827631285175,0.1,3.53553390593274,FALSE,TRUE,FALSE,0.1
1037,"region_rec_diffs(4,108)",0,-3,3,0,FALSE,"regional_recruitment_variation","region_rec_var",984,NA,NA,NA,0,0,TRUE,NA,1037,1037,-0.0236733179284547,"mean_preserving_scaled_beta","bounded_natural",0.06,0,-0.394555298807579,0.1,3.53553390593274,FALSE,TRUE,FALSE,0.1
1038,"region_rec_diffs(4,109)",0,-3,3,0,FALSE,"regional_recruitment_variation","region_rec_var",985,NA,NA,NA,0,0,TRUE,NA,1038,1038,-0.0389745584864096,"mean_preserving_scaled_beta","bounded_natural",0.06,0,-0.649575974773494,0.1,3.53553390593274,FALSE,TRUE,FALSE,0.1
1039,"region_rec_diffs(4,110)",0,-3,3,0,FALSE,"regional_recruitment_variation","region_rec_var",986,NA,NA,NA,0,0,TRUE,NA,1039,1039,0.09085686056686,"mean_preserving_scaled_beta","bounded_natural",0.06,0,1.51428100944767,0.1,3.53553390593274,FALSE,TRUE,FALSE,0.1
1040,"region_rec_diffs(4,111)",0,-3,3,0,FALSE,"regional_recruitment_variation","region_rec_var",987,NA,NA,NA,0,0,TRUE,NA,1040,1040,0.0474892558133995,"mean_preserving_scaled_beta","bounded_natural",0.06,0,0.791487596889991,0.1,3.53553390593274,FALSE,TRUE,FALSE,0.1
1041,"region_rec_diffs(4,112)",0,-3,3,0,FALSE,"regional_recruitment_variation","region_rec_var",988,NA,NA,NA,0,0,TRUE,NA,1041,1041,-0.0528331089742058,"mean_preserving_scaled_beta","bounded_natural",0.06,0,-0.880551816236763,0.1,3.53553390593274,FALSE,TRUE,FALSE,0.1
1042,"region_rec_diffs(4,113)",0,-3,3,0,FALSE,"regional_recruitment_variation","region_rec_var",989,NA,NA,NA,0,0,TRUE,NA,1042,1042,-0.0712131841050367,"mean_preserving_scaled_beta","bounded_natural",0.06,0,-1.18688640175061,0.1,3.53553390593274,FALSE,TRUE,FALSE,0.1
1043,"region_rec_diffs(4,114)",0,-3,3,0,FALSE,"regional_recruitment_variation","region_rec_var",990,NA,NA,NA,0,0,TRUE,NA,1043,1043,-0.0197921524948304,"mean_preserving_scaled_beta","bounded_natural",0.06,0,-0.329869208247172,0.1,3.53553390593274,FALSE,TRUE,FALSE,0.1
1044,"region_rec_diffs(4,115)",0,-3,3,0,FALSE,"regional_recruitment_variation","region_rec_var",991,NA,NA,NA,0,0,TRUE,NA,1044,1044,-0.0185575909568438,"mean_preserving_scaled_beta","bounded_natural",0.06,0,-0.309293182614064,0.1,3.53553390593274,FALSE,TRUE,FALSE,0.1
1045,"region_rec_diffs(4,116)",0,-3,3,0,FALSE,"regional_recruitment_variation","region_rec_var",992,NA,NA,NA,0,0,TRUE,NA,1045,1045,0.0542945272621758,"mean_preserving_scaled_beta","bounded_natural",0.06,0,0.904908787702929,0.1,3.53553390593274,FALSE,TRUE,FALSE,0.1
1046,"region_rec_diffs(4,117)",0,-3,3,0,FALSE,"regional_recruitment_variation","region_rec_var",993,NA,NA,NA,0,0,TRUE,NA,1046,1046,-0.0703543811077805,"mean_preserving_scaled_beta","bounded_natural",0.06,0,-1.17257301846301,0.1,3.53553390593274,FALSE,TRUE,FALSE,0.1
1047,"region_rec_diffs(4,118)",0,-3,3,0,FALSE,"regional_recruitment_variation","region_rec_var",994,NA,NA,NA,0,0,TRUE,NA,1047,1047,-0.0405114907752075,"mean_preserving_scaled_beta","bounded_natural",0.06,0,-0.675191512920126,0.1,3.53553390593274,FALSE,TRUE,FALSE,0.1
1048,"region_rec_diffs(4,119)",0,-3,3,0,FALSE,"regional_recruitment_variation","region_rec_var",995,NA,NA,NA,0,0,TRUE,NA,1048,1048,0.0347009436566617,"mean_preserving_scaled_beta","bounded_natural",0.06,0,0.578349060944361,0.1,3.53553390593274,FALSE,TRUE,FALSE,0.1
1049,"region_rec_diffs(4,120)",0,-3,3,0,FALSE,"regional_recruitment_variation","region_rec_var",996,NA,NA,NA,0,0,TRUE,NA,1049,1049,0.0363643466313999,"mean_preserving_scaled_beta","bounded_natural",0.06,0,0.606072443856664,0.1,3.53553390593274,FALSE,TRUE,FALSE,0.1
1050,"region_rec_diffs(4,121)",0,-3,3,0,FALSE,"regional_recruitment_variation","region_rec_var",997,NA,NA,NA,0,0,TRUE,NA,1050,1050,0.0346819680390533,"mean_preserving_scaled_beta","bounded_natural",0.06,0,0.578032800650889,0.1,3.53553390593274,FALSE,TRUE,FALSE,0.1
1051,"region_rec_diffs(4,122)",0,-3,3,0,FALSE,"regional_recruitment_variation","region_rec_var",998,NA,NA,NA,0,0,TRUE,NA,1051,1051,0.0243252529680027,"mean_preserving_scaled_beta","bounded_natural",0.06,0,0.405420882800045,0.1,3.53553390593274,FALSE,TRUE,FALSE,0.1
1052,"region_rec_diffs(4,123)",0,-3,3,0,FALSE,"regional_recruitment_variation","region_rec_var",999,NA,NA,NA,0,0,TRUE,NA,1052,1052,-0.12124395295777,"mean_preserving_scaled_beta","bounded_natural",0.06,0,-2.02073254929616,0.1,3.53553390593274,FALSE,TRUE,FALSE,0.1
1053,"region_rec_diffs(4,124)",0,-3,3,0,FALSE,"regional_recruitment_variation","region_rec_var",1000,NA,NA,NA,0,0,TRUE,NA,1053,1053,-0.016898640948062,"mean_preserving_scaled_beta","bounded_natural",0.06,0,-0.281644015801034,0.1,3.53553390593274,FALSE,TRUE,FALSE,0.1
1054,"region_rec_diffs(4,125)",0,-3,3,0,FALSE,"regional_recruitment_variation","region_rec_var",1001,NA,NA,NA,0,0,TRUE,NA,1054,1054,-0.0312937059574736,"mean_preserving_scaled_beta","bounded_natural",0.06,0,-0.521561765957893,0.1,3.53553390593274,FALSE,TRUE,FALSE,0.1
1055,"region_rec_diffs(4,126)",0,-3,3,0,FALSE,"regional_recruitment_variation","region_rec_var",1002,NA,NA,NA,0,0,TRUE,NA,1055,1055,-0.00110152042881317,"mean_preserving_scaled_beta","bounded_natural",0.06,0,-0.0183586738135529,0.1,3.53553390593274,FALSE,TRUE,FALSE,0.1
1056,"region_rec_diffs(4,127)",0,-3,3,0,FALSE,"regional_recruitment_variation","region_rec_var",1003,NA,NA,NA,0,0,TRUE,NA,1056,1056,-0.140191343580331,"mean_preserving_scaled_beta","bounded_natural",0.06,0,-2.33652239300552,0.1,3.53553390593274,FALSE,TRUE,FALSE,0.1
1057,"region_rec_diffs(4,128)",0,-3,3,0,FALSE,"regional_recruitment_variation","region_rec_var",1004,NA,NA,NA,0,0,TRUE,NA,1057,1057,0.081303382919951,"mean_preserving_scaled_beta","bounded_natural",0.06,0,1.35505638199918,0.1,3.53553390593274,FALSE,TRUE,FALSE,0.1
1058,"region_rec_diffs(4,129)",0,-3,3,0,FALSE,"regional_recruitment_variation","region_rec_var",1005,NA,NA,NA,0,0,TRUE,NA,1058,1058,-0.0539711537133849,"mean_preserving_scaled_beta","bounded_natural",0.06,0,-0.899519228556415,0.1,3.53553390593274,FALSE,TRUE,FALSE,0.1
1059,"region_rec_diffs(4,130)",0,-3,3,0,FALSE,"regional_recruitment_variation","region_rec_var",1006,NA,NA,NA,0,0,TRUE,NA,1059,1059,-0.0571368323427599,"mean_preserving_scaled_beta","bounded_natural",0.06,0,-0.952280539045998,0.1,3.53553390593274,FALSE,TRUE,FALSE,0.1
1060,"region_rec_diffs(4,131)",0,-3,3,0,FALSE,"regional_recruitment_variation","region_rec_var",1007,NA,NA,NA,0,0,TRUE,NA,1060,1060,-0.0610365088539835,"mean_preserving_scaled_beta","bounded_natural",0.06,0,-1.01727514756639,0.1,3.53553390593274,FALSE,TRUE,FALSE,0.1
1061,"region_rec_diffs(4,132)",0,-3,3,0,FALSE,"regional_recruitment_variation","region_rec_var",1008,NA,NA,NA,0,0,TRUE,NA,1061,1061,0.0550530254542085,"mean_preserving_scaled_beta","bounded_natural",0.06,0,0.917550424236809,0.1,3.53553390593274,FALSE,TRUE,FALSE,0.1
1062,"region_rec_diffs(4,133)",0,-3,3,0,FALSE,"regional_recruitment_variation","region_rec_var",1009,NA,NA,NA,0,0,TRUE,NA,1062,1062,0.0196080118883071,"mean_preserving_scaled_beta","bounded_natural",0.06,0,0.326800198138451,0.1,3.53553390593274,FALSE,TRUE,FALSE,0.1
1063,"region_rec_diffs(4,134)",0,-3,3,0,FALSE,"regional_recruitment_variation","region_rec_var",1010,NA,NA,NA,0,0,TRUE,NA,1063,1063,-0.0116995492464822,"mean_preserving_scaled_beta","bounded_natural",0.06,0,-0.19499248744137,0.1,3.53553390593274,FALSE,TRUE,FALSE,0.1
1064,"region_rec_diffs(4,135)",0,-3,3,0,FALSE,"regional_recruitment_variation","region_rec_var",1011,NA,NA,NA,0,0,TRUE,NA,1064,1064,0.0150158715997577,"mean_preserving_scaled_beta","bounded_natural",0.06,0,0.250264526662628,0.1,3.53553390593274,FALSE,TRUE,FALSE,0.1
1065,"region_rec_diffs(4,136)",0,-3,3,0,FALSE,"regional_recruitment_variation","region_rec_var",1012,NA,NA,NA,0,0,TRUE,NA,1065,1065,0.0328220400347439,"mean_preserving_scaled_beta","bounded_natural",0.06,0,0.547034000579064,0.1,3.53553390593274,FALSE,TRUE,FALSE,0.1
1066,"region_rec_diffs(4,137)",0,-3,3,0,FALSE,"regional_recruitment_variation","region_rec_var",1013,NA,NA,NA,0,0,TRUE,NA,1066,1066,-0.0017193790415404,"mean_preserving_scaled_beta","bounded_natural",0.06,0,-0.0286563173590067,0.1,3.53553390593274,FALSE,TRUE,FALSE,0.1
1067,"region_rec_diffs(4,138)",0,-3,3,0,FALSE,"regional_recruitment_variation","region_rec_var",1014,NA,NA,NA,0,0,TRUE,NA,1067,1067,-0.0492726437872819,"mean_preserving_scaled_beta","bounded_natural",0.06,0,-0.821210729788032,0.1,3.53553390593274,FALSE,TRUE,FALSE,0.1
1068,"region_rec_diffs(4,139)",0,-3,3,0,FALSE,"regional_recruitment_variation","region_rec_var",1015,NA,NA,NA,0,0,TRUE,NA,1068,1068,0.0660018336442265,"mean_preserving_scaled_beta","bounded_natural",0.06,0,1.10003056073711,0.1,3.53553390593274,FALSE,TRUE,FALSE,0.1
1069,"region_rec_diffs(4,140)",0,-3,3,0,FALSE,"regional_recruitment_variation","region_rec_var",1016,NA,NA,NA,0,0,TRUE,NA,1069,1069,-0.11728476039804,"mean_preserving_scaled_beta","bounded_natural",0.06,0,-1.954746006634,0.1,3.53553390593274,FALSE,TRUE,FALSE,0.1
1070,"region_rec_diffs(4,141)",0,-3,3,0,FALSE,"regional_recruitment_variation","region_rec_var",1017,NA,NA,NA,0,0,TRUE,NA,1070,1070,0.0210578641453472,"mean_preserving_scaled_beta","bounded_natural",0.06,0,0.350964402422453,0.1,3.53553390593274,FALSE,TRUE,FALSE,0.1
1071,"region_rec_diffs(4,142)",0,-3,3,0,FALSE,"regional_recruitment_variation","region_rec_var",1018,NA,NA,NA,0,0,TRUE,NA,1071,1071,-0.0485035668408971,"mean_preserving_scaled_beta","bounded_natural",0.06,0,-0.808392780681618,0.1,3.53553390593274,FALSE,TRUE,FALSE,0.1
1072,"region_rec_diffs(4,143)",0,-3,3,0,FALSE,"regional_recruitment_variation","region_rec_var",1019,NA,NA,NA,0,0,TRUE,NA,1072,1072,-0.0412450425522564,"mean_preserving_scaled_beta","bounded_natural",0.06,0,-0.687417375870939,0.1,3.53553390593274,FALSE,TRUE,FALSE,0.1
1073,"region_rec_diffs(4,144)",0,-3,3,0,FALSE,"regional_recruitment_variation","region_rec_var",1020,NA,NA,NA,0,0,TRUE,NA,1073,1073,-0.0107055900220385,"mean_preserving_scaled_beta","bounded_natural",0.06,0,-0.178426500367309,0.1,3.53553390593274,FALSE,TRUE,FALSE,0.1
1074,"region_rec_diffs(4,145)",0,-3,3,0,FALSE,"regional_recruitment_variation","region_rec_var",1021,NA,NA,NA,0,0,TRUE,NA,1074,1074,-0.0250925710895173,"mean_preserving_scaled_beta","bounded_natural",0.06,0,-0.418209518158622,0.1,3.53553390593274,FALSE,TRUE,FALSE,0.1
1075,"region_rec_diffs(4,146)",0,-3,3,0,FALSE,"regional_recruitment_variation","region_rec_var",1022,NA,NA,NA,0,0,TRUE,NA,1075,1075,-0.00554818551049197,"mean_preserving_scaled_beta","bounded_natural",0.06,0,-0.0924697585081994,0.1,3.53553390593274,FALSE,TRUE,FALSE,0.1
1076,"region_rec_diffs(4,147)",0,-3,3,0,FALSE,"regional_recruitment_variation","region_rec_var",1023,NA,NA,NA,0,0,TRUE,NA,1076,1076,-0.0192441096397102,"mean_preserving_scaled_beta","bounded_natural",0.06,0,-0.320735160661837,0.1,3.53553390593274,FALSE,TRUE,FALSE,0.1
1077,"region_rec_diffs(4,148)",0,-3,3,0,FALSE,"regional_recruitment_variation","region_rec_var",1024,NA,NA,NA,0,0,TRUE,NA,1077,1077,-0.136108179173338,"mean_preserving_scaled_beta","bounded_natural",0.06,0,-2.26846965288897,0.1,3.53553390593274,FALSE,TRUE,FALSE,0.1
1078,"region_rec_diffs(4,149)",0,-3,3,0,FALSE,"regional_recruitment_variation","region_rec_var",1025,NA,NA,NA,0,0,TRUE,NA,1078,1078,0.0196390353510898,"mean_preserving_scaled_beta","bounded_natural",0.06,0,0.327317255851497,0.1,3.53553390593274,FALSE,TRUE,FALSE,0.1
1079,"region_rec_diffs(4,150)",0,-3,3,0,FALSE,"regional_recruitment_variation","region_rec_var",1026,NA,NA,NA,0,0,TRUE,NA,1079,1079,-0.0725428832801587,"mean_preserving_scaled_beta","bounded_natural",0.06,0,-1.20904805466931,0.1,3.53553390593274,FALSE,TRUE,FALSE,0.1
1080,"region_rec_diffs(4,151)",0,-3,3,0,FALSE,"regional_recruitment_variation","region_rec_var",1027,NA,NA,NA,0,0,TRUE,NA,1080,1080,-0.0457299370075641,"mean_preserving_scaled_beta","bounded_natural",0.06,0,-0.762165616792735,0.1,3.53553390593274,FALSE,TRUE,FALSE,0.1
1081,"region_rec_diffs(4,152)",0,-3,3,0,FALSE,"regional_recruitment_variation","region_rec_var",1028,NA,NA,NA,0,0,TRUE,NA,1081,1081,-0.0741903908209864,"mean_preserving_scaled_beta","bounded_natural",0.06,0,-1.23650651368311,0.1,3.53553390593274,FALSE,TRUE,FALSE,0.1
1082,"region_rec_diffs(4,153)",0,-3,3,0,FALSE,"regional_recruitment_variation","region_rec_var",1029,NA,NA,NA,0,0,TRUE,NA,1082,1082,0.0281864470277107,"mean_preserving_scaled_beta","bounded_natural",0.06,0,0.469774117128511,0.1,3.53553390593274,FALSE,TRUE,FALSE,0.1
1083,"region_rec_diffs(4,154)",0,-3,3,0,FALSE,"regional_recruitment_variation","region_rec_var",1030,NA,NA,NA,0,0,TRUE,NA,1083,1083,0.00560789285360874,"mean_preserving_scaled_beta","bounded_natural",0.06,0,0.093464880893479,0.1,3.53553390593274,FALSE,TRUE,FALSE,0.1
1084,"region_rec_diffs(4,155)",0,-3,3,0,FALSE,"regional_recruitment_variation","region_rec_var",1031,NA,NA,NA,0,0,TRUE,NA,1084,1084,0.00275464644730938,"mean_preserving_scaled_beta","bounded_natural",0.06,0,0.045910774121823,0.1,3.53553390593274,FALSE,TRUE,FALSE,0.1
1085,"region_rec_diffs(4,156)",0,-3,3,0,FALSE,"regional_recruitment_variation","region_rec_var",1032,NA,NA,NA,0,0,TRUE,NA,1085,1085,0.033980743178267,"mean_preserving_scaled_beta","bounded_natural",0.06,0,0.566345719637784,0.1,3.53553390593274,FALSE,TRUE,FALSE,0.1
1086,"region_rec_diffs(4,157)",0,-3,3,0,FALSE,"regional_recruitment_variation","region_rec_var",1033,NA,NA,NA,0,0,TRUE,NA,1086,1086,-0.0480115094974725,"mean_preserving_scaled_beta","bounded_natural",0.06,0,-0.800191824957874,0.1,3.53553390593274,FALSE,TRUE,FALSE,0.1
1087,"region_rec_diffs(4,158)",0,-3,3,0,FALSE,"regional_recruitment_variation","region_rec_var",1034,NA,NA,NA,0,0,TRUE,NA,1087,1087,-0.0899561390983483,"mean_preserving_scaled_beta","bounded_natural",0.06,0,-1.49926898497247,0.1,3.53553390593274,FALSE,TRUE,FALSE,0.1
1088,"region_rec_diffs(4,159)",0,-3,3,0,FALSE,"regional_recruitment_variation","region_rec_var",1035,NA,NA,NA,0,0,TRUE,NA,1088,1088,-0.0639637177623551,"mean_preserving_scaled_beta","bounded_natural",0.06,0,-1.06606196270592,0.1,3.53553390593274,FALSE,TRUE,FALSE,0.1
1089,"region_rec_diffs(4,160)",0,-3,3,0,FALSE,"regional_recruitment_variation","region_rec_var",1036,NA,NA,NA,0,0,TRUE,NA,1089,1089,-0.0362340857479948,"mean_preserving_scaled_beta","bounded_natural",0.06,0,-0.603901429133247,0.1,3.53553390593274,FALSE,TRUE,FALSE,0.1
1090,"region_rec_diffs(4,161)",0,-3,3,0,FALSE,"regional_recruitment_variation","region_rec_var",1037,NA,NA,NA,0,0,TRUE,NA,1090,1090,-0.0274019602349602,"mean_preserving_scaled_beta","bounded_natural",0.06,0,-0.456699337249337,0.1,3.53553390593274,FALSE,TRUE,FALSE,0.1
1091,"region_rec_diffs(4,162)",0,-3,3,0,FALSE,"regional_recruitment_variation","region_rec_var",1038,NA,NA,NA,0,0,TRUE,NA,1091,1091,0.0967767382201923,"mean_preserving_scaled_beta","bounded_natural",0.06,0,1.6129456370032,0.1,3.53553390593274,FALSE,TRUE,FALSE,0.1
1092,"region_rec_diffs(4,163)",0,-3,3,0,FALSE,"regional_recruitment_variation","region_rec_var",1039,NA,NA,NA,0,0,TRUE,NA,1092,1092,0.0867507918414612,"mean_preserving_scaled_beta","bounded_natural",0.06,0,1.44584653069102,0.1,3.53553390593274,FALSE,TRUE,FALSE,0.1
1093,"region_rec_diffs(4,164)",0,-3,3,0,FALSE,"regional_recruitment_variation","region_rec_var",1040,NA,NA,NA,0,0,TRUE,NA,1093,1093,0.0304301168478815,"mean_preserving_scaled_beta","bounded_natural",0.06,0,0.507168614131359,0.1,3.53553390593274,FALSE,TRUE,FALSE,0.1
1094,"region_rec_diffs(4,165)",0,-3,3,0,FALSE,"regional_recruitment_variation","region_rec_var",1041,NA,NA,NA,0,0,TRUE,NA,1094,1094,-0.103182931754937,"mean_preserving_scaled_beta","bounded_natural",0.06,0,-1.71971552924894,0.1,3.53553390593274,FALSE,TRUE,FALSE,0.1
1095,"region_rec_diffs(4,166)",0,-3,3,0,FALSE,"regional_recruitment_variation","region_rec_var",1042,NA,NA,NA,0,0,TRUE,NA,1095,1095,0.107310347237207,"mean_preserving_scaled_beta","bounded_natural",0.06,0,1.78850578728678,0.1,3.53553390593274,FALSE,TRUE,FALSE,0.1
1096,"region_rec_diffs(4,167)",0,-3,3,0,FALSE,"regional_recruitment_variation","region_rec_var",1043,NA,NA,NA,0,0,TRUE,NA,1096,1096,0.0372025638744553,"mean_preserving_scaled_beta","bounded_natural",0.06,0,0.620042731240922,0.1,3.53553390593274,FALSE,TRUE,FALSE,0.1
1097,"region_rec_diffs(4,168)",0,-3,3,0,FALSE,"regional_recruitment_variation","region_rec_var",1044,NA,NA,NA,0,0,TRUE,NA,1097,1097,-0.0477600878884084,"mean_preserving_scaled_beta","bounded_natural",0.06,0,-0.796001464806806,0.1,3.53553390593274,FALSE,TRUE,FALSE,0.1
1098,"region_rec_diffs(4,169)",0,-3,3,0,FALSE,"regional_recruitment_variation","region_rec_var",1045,NA,NA,NA,0,0,TRUE,NA,1098,1098,-0.0163259452935689,"mean_preserving_scaled_beta","bounded_natural",0.06,0,-0.272099088226148,0.1,3.53553390593274,FALSE,TRUE,FALSE,0.1
1099,"region_rec_diffs(4,170)",0,-3,3,0,FALSE,"regional_recruitment_variation","region_rec_var",1046,NA,NA,NA,0,0,TRUE,NA,1099,1099,-0.0188718825711169,"mean_preserving_scaled_beta","bounded_natural",0.06,0,-0.314531376185282,0.1,3.53553390593274,FALSE,TRUE,FALSE,0.1
1100,"region_rec_diffs(4,171)",0,-3,3,0,FALSE,"regional_recruitment_variation","region_rec_var",1047,NA,NA,NA,0,0,TRUE,NA,1100,1100,-0.0617478439909087,"mean_preserving_scaled_beta","bounded_natural",0.06,0,-1.02913073318181,0.1,3.53553390593274,FALSE,TRUE,FALSE,0.1
1101,"region_rec_diffs(4,172)",0,-3,3,0,FALSE,"regional_recruitment_variation","region_rec_var",1048,NA,NA,NA,0,0,TRUE,NA,1101,1101,-0.0439521460907928,"mean_preserving_scaled_beta","bounded_natural",0.06,0,-0.73253576817988,0.1,3.53553390593274,FALSE,TRUE,FALSE,0.1
1102,"region_rec_diffs(4,173)",0,-3,3,0,FALSE,"regional_recruitment_variation","region_rec_var",1049,NA,NA,NA,0,0,TRUE,NA,1102,1102,0.0104332028504199,"mean_preserving_scaled_beta","bounded_natural",0.06,0,0.173886714173665,0.1,3.53553390593274,FALSE,TRUE,FALSE,0.1
1103,"region_rec_diffs(4,174)",0,-3,3,0,FALSE,"regional_recruitment_variation","region_rec_var",1050,NA,NA,NA,0,0,TRUE,NA,1103,1103,0.0374295934797213,"mean_preserving_scaled_beta","bounded_natural",0.06,0,0.623826557995355,0.1,3.53553390593274,FALSE,TRUE,FALSE,0.1
1104,"region_rec_diffs(4,175)",0,-3,3,0,FALSE,"regional_recruitment_variation","region_rec_var",1051,NA,NA,NA,0,0,TRUE,NA,1104,1104,0.0494586336638676,"mean_preserving_scaled_beta","bounded_natural",0.06,0,0.82431056106446,0.1,3.53553390593274,FALSE,TRUE,FALSE,0.1
1105,"region_rec_diffs(4,176)",0,-3,3,0,FALSE,"regional_recruitment_variation","region_rec_var",1052,NA,NA,NA,0,0,TRUE,NA,1105,1105,0.0614218683132841,"mean_preserving_scaled_beta","bounded_natural",0.06,0,1.0236978052214,0.1,3.53553390593274,FALSE,TRUE,FALSE,0.1
1106,"region_rec_diffs(4,177)",0,-3,3,0,FALSE,"regional_recruitment_variation","region_rec_var",1053,NA,NA,NA,0,0,TRUE,NA,1106,1106,-0.00159114439439501,"mean_preserving_scaled_beta","bounded_natural",0.06,0,-0.0265190732399168,0.1,3.53553390593274,FALSE,TRUE,FALSE,0.1
1107,"region_rec_diffs(4,178)",0,-3,3,0,FALSE,"regional_recruitment_variation","region_rec_var",1054,NA,NA,NA,0,0,TRUE,NA,1107,1107,0.0110286790124197,"mean_preserving_scaled_beta","bounded_natural",0.06,0,0.183811316873661,0.1,3.53553390593274,FALSE,TRUE,FALSE,0.1
1108,"region_rec_diffs(4,179)",0,-3,3,0,FALSE,"regional_recruitment_variation","region_rec_var",1055,NA,NA,NA,0,0,TRUE,NA,1108,1108,0.0170741962237448,"mean_preserving_scaled_beta","bounded_natural",0.06,0,0.284569937062414,0.1,3.53553390593274,FALSE,TRUE,FALSE,0.1
1109,"region_rec_diffs(4,180)",0,-3,3,0,FALSE,"regional_recruitment_variation","region_rec_var",1056,NA,NA,NA,0,0,TRUE,NA,1109,1109,-0.019218262366286,"mean_preserving_scaled_beta","bounded_natural",0.06,0,-0.320304372771433,0.1,3.53553390593274,FALSE,TRUE,FALSE,0.1
1110,"region_rec_diffs(4,181)",0,-3,3,0,FALSE,"regional_recruitment_variation","region_rec_var",1057,NA,NA,NA,0,0,TRUE,NA,1110,1110,-0.00190694565805849,"mean_preserving_scaled_beta","bounded_natural",0.06,0,-0.0317824276343082,0.1,3.53553390593274,FALSE,TRUE,FALSE,0.1
1111,"region_rec_diffs(4,182)",0,-3,3,0,FALSE,"regional_recruitment_variation","region_rec_var",1058,NA,NA,NA,0,0,TRUE,NA,1111,1111,-0.0175361279377522,"mean_preserving_scaled_beta","bounded_natural",0.06,0,-0.292268798962536,0.1,3.53553390593274,FALSE,TRUE,FALSE,0.1
1112,"region_rec_diffs(4,183)",0,-3,3,0,FALSE,"regional_recruitment_variation","region_rec_var",1059,NA,NA,NA,0,0,TRUE,NA,1112,1112,-0.0177792527229652,"mean_preserving_scaled_beta","bounded_natural",0.06,0,-0.296320878716087,0.1,3.53553390593274,FALSE,TRUE,FALSE,0.1
1113,"region_rec_diffs(4,184)",0,-3,3,0,FALSE,"regional_recruitment_variation","region_rec_var",1060,NA,NA,NA,0,0,TRUE,NA,1113,1113,0.166916829537881,"mean_preserving_scaled_beta","bounded_natural",0.06,0,2.78194715896468,0.1,3.53553390593274,FALSE,TRUE,FALSE,0.1
1114,"region_rec_diffs(4,185)",0,-3,3,0,FALSE,"regional_recruitment_variation","region_rec_var",1061,NA,NA,NA,0,0,TRUE,NA,1114,1114,0.0383657311715662,"mean_preserving_scaled_beta","bounded_natural",0.06,0,0.639428852859436,0.1,3.53553390593274,FALSE,TRUE,FALSE,0.1
1115,"region_rec_diffs(4,186)",0,-3,3,0,FALSE,"regional_recruitment_variation","region_rec_var",1062,NA,NA,NA,0,0,TRUE,NA,1115,1115,-0.00680576617256934,"mean_preserving_scaled_beta","bounded_natural",0.06,0,-0.113429436209489,0.1,3.53553390593274,FALSE,TRUE,FALSE,0.1
1116,"region_rec_diffs(4,187)",0,-3,3,0,FALSE,"regional_recruitment_variation","region_rec_var",1063,NA,NA,NA,0,0,TRUE,NA,1116,1116,0.00888886370238895,"mean_preserving_scaled_beta","bounded_natural",0.06,0,0.148147728373149,0.1,3.53553390593274,FALSE,TRUE,FALSE,0.1
1117,"region_rec_diffs(4,188)",0,-3,3,0,FALSE,"regional_recruitment_variation","region_rec_var",1064,NA,NA,NA,0,0,TRUE,NA,1117,1117,0.111499240530128,"mean_preserving_scaled_beta","bounded_natural",0.06,0,1.85832067550214,0.1,3.53553390593274,FALSE,TRUE,FALSE,0.1
1118,"region_rec_diffs(4,189)",0,-3,3,0,FALSE,"regional_recruitment_variation","region_rec_var",1065,NA,NA,NA,0,0,TRUE,NA,1118,1118,-0.017925597884763,"mean_preserving_scaled_beta","bounded_natural",0.06,0,-0.29875996474605,0.1,3.53553390593274,FALSE,TRUE,FALSE,0.1
1119,"region_rec_diffs(4,190)",0,-3,3,0,FALSE,"regional_recruitment_variation","region_rec_var",1066,NA,NA,NA,0,0,TRUE,NA,1119,1119,-0.011379843496111,"mean_preserving_scaled_beta","bounded_natural",0.06,0,-0.189664058268516,0.1,3.53553390593274,FALSE,TRUE,FALSE,0.1
1120,"region_rec_diffs(4,191)",0,-3,3,0,FALSE,"regional_recruitment_variation","region_rec_var",1067,NA,NA,NA,0,0,TRUE,NA,1120,1120,-0.0252649236315587,"mean_preserving_scaled_beta","bounded_natural",0.06,0,-0.421082060525979,0.1,3.53553390593274,FALSE,TRUE,FALSE,0.1
1121,"region_rec_diffs(4,192)",0,-3,3,0,FALSE,"regional_recruitment_variation","region_rec_var",1068,NA,NA,NA,0,0,TRUE,NA,1121,1121,0.00229210965936488,"mean_preserving_scaled_beta","bounded_natural",0.06,0,0.0382018276560814,0.1,3.53553390593274,FALSE,TRUE,FALSE,0.1
1122,"region_rec_diffs(4,193)",0,-3,3,0,FALSE,"regional_recruitment_variation","region_rec_var",1069,NA,NA,NA,0,0,TRUE,NA,1122,1122,-0.0829566604291516,"mean_preserving_scaled_beta","bounded_natural",0.06,0,-1.38261100715253,0.1,3.53553390593274,FALSE,TRUE,FALSE,0.1
1123,"region_rec_diffs(4,194)",0,-3,3,0,FALSE,"regional_recruitment_variation","region_rec_var",1070,NA,NA,NA,0,0,TRUE,NA,1123,1123,-0.0751987215436576,"mean_preserving_scaled_beta","bounded_natural",0.06,0,-1.25331202572763,0.1,3.53553390593274,FALSE,TRUE,FALSE,0.1
1124,"region_rec_diffs(4,195)",0,-3,3,0,FALSE,"regional_recruitment_variation","region_rec_var",1071,NA,NA,NA,0,0,TRUE,NA,1124,1124,-0.00772646624806583,"mean_preserving_scaled_beta","bounded_natural",0.06,0,-0.128774437467764,0.1,3.53553390593274,FALSE,TRUE,FALSE,0.1
1125,"region_rec_diffs(4,196)",0,-3,3,0,FALSE,"regional_recruitment_variation","region_rec_var",1072,NA,NA,NA,0,0,TRUE,NA,1125,1125,0.0360559713164763,"mean_preserving_scaled_beta","bounded_natural",0.06,0,0.600932855274605,0.1,3.53553390593274,FALSE,TRUE,FALSE,0.1
1126,"region_rec_diffs(4,197)",0,-3,3,0,FALSE,"regional_recruitment_variation","region_rec_var",1073,NA,NA,NA,0,0,TRUE,NA,1126,1126,-0.0491889697813437,"mean_preserving_scaled_beta","bounded_natural",0.06,0,-0.819816163022395,0.1,3.53553390593274,FALSE,TRUE,FALSE,0.1
1127,"region_rec_diffs(4,198)",0,-3,3,0,FALSE,"regional_recruitment_variation","region_rec_var",1074,NA,NA,NA,0,0,TRUE,NA,1127,1127,-0.0180429381849616,"mean_preserving_scaled_beta","bounded_natural",0.06,0,-0.300715636416027,0.1,3.53553390593274,FALSE,TRUE,FALSE,0.1
1128,"region_rec_diffs(4,199)",0,-3,3,0,FALSE,"regional_recruitment_variation","region_rec_var",1075,NA,NA,NA,0,0,TRUE,NA,1128,1128,0.0234612598786632,"mean_preserving_scaled_beta","bounded_natural",0.06,0,0.39102099797772,0.1,3.53553390593274,FALSE,TRUE,FALSE,0.1
1129,"region_rec_diffs(4,200)",0,-3,3,0,FALSE,"regional_recruitment_variation","region_rec_var",1076,NA,NA,NA,0,0,TRUE,NA,1129,1129,-0.0563476494887398,"mean_preserving_scaled_beta","bounded_natural",0.06,0,-0.939127491478997,0.1,3.53553390593274,FALSE,TRUE,FALSE,0.1
1130,"region_rec_diffs(4,201)",0,-3,3,0,FALSE,"regional_recruitment_variation","region_rec_var",1077,NA,NA,NA,0,0,TRUE,NA,1130,1130,-0.06985079783062,"mean_preserving_scaled_beta","bounded_natural",0.06,0,-1.16417996384367,0.1,3.53553390593274,FALSE,TRUE,FALSE,0.1
1131,"region_rec_diffs(4,202)",0,-3,3,0,FALSE,"regional_recruitment_variation","region_rec_var",1078,NA,NA,NA,0,0,TRUE,NA,1131,1131,-0.0136243759062284,"mean_preserving_scaled_beta","bounded_natural",0.06,0,-0.227072931770474,0.1,3.53553390593274,FALSE,TRUE,FALSE,0.1
1132,"region_rec_diffs(4,203)",0,-3,3,0,FALSE,"regional_recruitment_variation","region_rec_var",1079,NA,NA,NA,0,0,TRUE,NA,1132,1132,-0.0634392167612852,"mean_preserving_scaled_beta","bounded_natural",0.06,0,-1.05732027935475,0.1,3.53553390593274,FALSE,TRUE,FALSE,0.1
1133,"region_rec_diffs(4,204)",0,-3,3,0,FALSE,"regional_recruitment_variation","region_rec_var",1080,NA,NA,NA,0,0,TRUE,NA,1133,1133,0.0470299705457333,"mean_preserving_scaled_beta","bounded_natural",0.06,0,0.783832842428889,0.1,3.53553390593274,FALSE,TRUE,FALSE,0.1
1134,"region_rec_diffs(4,205)",0,-3,3,0,FALSE,"regional_recruitment_variation","region_rec_var",1081,NA,NA,NA,0,0,TRUE,NA,1134,1134,-0.0429024794928652,"mean_preserving_scaled_beta","bounded_natural",0.06,0,-0.715041324881086,0.1,3.53553390593274,FALSE,TRUE,FALSE,0.1
1135,"region_rec_diffs(4,206)",0,-3,3,0,FALSE,"regional_recruitment_variation","region_rec_var",1082,NA,NA,NA,0,0,TRUE,NA,1135,1135,-0.0475934791247803,"mean_preserving_scaled_beta","bounded_natural",0.06,0,-0.793224652079671,0.1,3.53553390593274,FALSE,TRUE,FALSE,0.1
1136,"region_rec_diffs(4,207)",0,-3,3,0,FALSE,"regional_recruitment_variation","region_rec_var",1083,NA,NA,NA,0,0,TRUE,NA,1136,1136,-0.0970682792204354,"mean_preserving_scaled_beta","bounded_natural",0.06,0,-1.61780465367392,0.1,3.53553390593274,FALSE,TRUE,FALSE,0.1
1137,"region_rec_diffs(4,208)",0,-3,3,0,FALSE,"regional_recruitment_variation","region_rec_var",1084,NA,NA,NA,0,0,TRUE,NA,1137,1137,-0.129780177918508,"mean_preserving_scaled_beta","bounded_natural",0.06,0,-2.16300296530847,0.1,3.53553390593274,FALSE,TRUE,FALSE,0.1
1138,"region_rec_diffs(4,209)",0,-3,3,0,FALSE,"regional_recruitment_variation","region_rec_var",1085,NA,NA,NA,0,0,TRUE,NA,1138,1138,0.00098135140282718,"mean_preserving_scaled_beta","bounded_natural",0.06,0,0.0163558567137863,0.1,3.53553390593274,FALSE,TRUE,FALSE,0.1
1139,"region_rec_diffs(4,210)",0,-3,3,0,FALSE,"regional_recruitment_variation","region_rec_var",1086,NA,NA,NA,0,0,TRUE,NA,1139,1139,-0.0418769047697678,"mean_preserving_scaled_beta","bounded_natural",0.06,0,-0.697948412829463,0.1,3.53553390593274,FALSE,TRUE,FALSE,0.1
1140,"region_rec_diffs(4,211)",0,-3,3,0,FALSE,"regional_recruitment_variation","region_rec_var",1087,NA,NA,NA,0,0,TRUE,NA,1140,1140,0.0115025233862154,"mean_preserving_scaled_beta","bounded_natural",0.06,0,0.19170872310359,0.1,3.53553390593274,FALSE,TRUE,FALSE,0.1
1141,"region_rec_diffs(4,212)",0,-3,3,0,FALSE,"regional_recruitment_variation","region_rec_var",1088,NA,NA,NA,0,0,TRUE,NA,1141,1141,-0.00382143960806669,"mean_preserving_scaled_beta","bounded_natural",0.06,0,-0.0636906601344448,0.1,3.53553390593274,FALSE,TRUE,FALSE,0.1
1142,"region_rec_diffs(4,213)",0,-3,3,0,FALSE,"regional_recruitment_variation","region_rec_var",1089,NA,NA,NA,0,0,TRUE,NA,1142,1142,0.0484907969344177,"mean_preserving_scaled_beta","bounded_natural",0.06,0,0.808179948906962,0.1,3.53553390593274,FALSE,TRUE,FALSE,0.1
1143,"region_rec_diffs(4,214)",0,-3,3,0,FALSE,"regional_recruitment_variation","region_rec_var",1090,NA,NA,NA,0,0,TRUE,NA,1143,1143,-0.0533706717122326,"mean_preserving_scaled_beta","bounded_natural",0.06,0,-0.889511195203877,0.1,3.53553390593274,FALSE,TRUE,FALSE,0.1
1144,"region_rec_diffs(4,215)",0,-3,3,0,FALSE,"regional_recruitment_variation","region_rec_var",1091,NA,NA,NA,0,0,TRUE,NA,1144,1144,-0.0690015863062525,"mean_preserving_scaled_beta","bounded_natural",0.06,0,-1.15002643843754,0.1,3.53553390593274,FALSE,TRUE,FALSE,0.1
1145,"region_rec_diffs(4,216)",0,-3,3,0,FALSE,"regional_recruitment_variation","region_rec_var",1092,NA,NA,NA,0,0,TRUE,NA,1145,1145,0.0866075448392509,"mean_preserving_scaled_beta","bounded_natural",0.06,0,1.44345908065418,0.1,3.53553390593274,FALSE,TRUE,FALSE,0.1
1146,"region_rec_diffs(4,217)",0,-3,3,0,FALSE,"regional_recruitment_variation","region_rec_var",1093,NA,NA,NA,0,0,TRUE,NA,1146,1146,-0.0462735179989417,"mean_preserving_scaled_beta","bounded_natural",0.06,0,-0.771225299982362,0.1,3.53553390593274,FALSE,TRUE,FALSE,0.1
1147,"region_rec_diffs(4,218)",0,-3,3,0,FALSE,"regional_recruitment_variation","region_rec_var",1094,NA,NA,NA,0,0,TRUE,NA,1147,1147,0.0128465137758198,"mean_preserving_scaled_beta","bounded_natural",0.06,0,0.21410856293033,0.1,3.53553390593274,FALSE,TRUE,FALSE,0.1
1148,"region_rec_diffs(4,219)",0,-3,3,0,FALSE,"regional_recruitment_variation","region_rec_var",1095,NA,NA,NA,0,0,TRUE,NA,1148,1148,0.0683340484993327,"mean_preserving_scaled_beta","bounded_natural",0.06,0,1.13890080832221,0.1,3.53553390593274,FALSE,TRUE,FALSE,0.1
1149,"region_rec_diffs(4,220)",0,-3,3,0,FALSE,"regional_recruitment_variation","region_rec_var",1096,NA,NA,NA,0,0,TRUE,NA,1149,1149,0.0671458957408229,"mean_preserving_scaled_beta","bounded_natural",0.06,0,1.11909826234705,0.1,3.53553390593274,FALSE,TRUE,FALSE,0.1
1150,"region_rec_diffs(4,221)",0,-3,3,0,FALSE,"regional_recruitment_variation","region_rec_var",1097,NA,NA,NA,0,0,TRUE,NA,1150,1150,0.0430352373631346,"mean_preserving_scaled_beta","bounded_natural",0.06,0,0.717253956052244,0.1,3.53553390593274,FALSE,TRUE,FALSE,0.1
1151,"region_rec_diffs(4,222)",0,-3,3,0,FALSE,"regional_recruitment_variation","region_rec_var",1098,NA,NA,NA,0,0,TRUE,NA,1151,1151,0.0316519321916195,"mean_preserving_scaled_beta","bounded_natural",0.06,0,0.527532203193659,0.1,3.53553390593274,FALSE,TRUE,FALSE,0.1
1152,"region_rec_diffs(4,223)",0,-3,3,0,FALSE,"regional_recruitment_variation","region_rec_var",1099,NA,NA,NA,0,0,TRUE,NA,1152,1152,0.0560097508274526,"mean_preserving_scaled_beta","bounded_natural",0.06,0,0.93349584712421,0.1,3.53553390593274,FALSE,TRUE,FALSE,0.1
1153,"region_rec_diffs(4,224)",0,-3,3,0,FALSE,"regional_recruitment_variation","region_rec_var",1100,NA,NA,NA,0,0,TRUE,NA,1153,1153,-0.139080002890917,"mean_preserving_scaled_beta","bounded_natural",0.06,0,-2.31800004818194,0.1,3.53553390593274,FALSE,TRUE,FALSE,0.1
1154,"region_rec_diffs(4,225)",0,-3,3,0,FALSE,"regional_recruitment_variation","region_rec_var",1101,NA,NA,NA,0,0,TRUE,NA,1154,1154,0.0465572831698271,"mean_preserving_scaled_beta","bounded_natural",0.06,0,0.775954719497118,0.1,3.53553390593274,FALSE,TRUE,FALSE,0.1
1155,"region_rec_diffs(4,226)",0,-3,3,0,FALSE,"regional_recruitment_variation","region_rec_var",1102,NA,NA,NA,0,0,TRUE,NA,1155,1155,-0.0600752786235637,"mean_preserving_scaled_beta","bounded_natural",0.06,0,-1.00125464372606,0.1,3.53553390593274,FALSE,TRUE,FALSE,0.1
1156,"region_rec_diffs(4,227)",0,-3,3,0,FALSE,"regional_recruitment_variation","region_rec_var",1103,NA,NA,NA,0,0,TRUE,NA,1156,1156,-0.12953277066616,"mean_preserving_scaled_beta","bounded_natural",0.06,0,-2.15887951110267,0.1,3.53553390593274,FALSE,TRUE,FALSE,0.1
1157,"region_rec_diffs(4,228)",0,-3,3,0,FALSE,"regional_recruitment_variation","region_rec_var",1104,NA,NA,NA,0,0,TRUE,NA,1157,1157,0.082005552025918,"mean_preserving_scaled_beta","bounded_natural",0.06,0,1.36675920043197,0.1,3.53553390593274,FALSE,TRUE,FALSE,0.1
1158,"region_rec_diffs(4,229)",0,-3,3,0,FALSE,"regional_recruitment_variation","region_rec_var",1105,NA,NA,NA,0,0,TRUE,NA,1158,1158,0.0722853065195057,"mean_preserving_scaled_beta","bounded_natural",0.06,0,1.20475510865843,0.1,3.53553390593274,FALSE,TRUE,FALSE,0.1
1159,"region_rec_diffs(4,230)",0,-3,3,0,FALSE,"regional_recruitment_variation","region_rec_var",1106,NA,NA,NA,0,0,TRUE,NA,1159,1159,0.00589828392387393,"mean_preserving_scaled_beta","bounded_natural",0.06,0,0.0983047320645654,0.1,3.53553390593274,FALSE,TRUE,FALSE,0.1
1160,"region_rec_diffs(4,231)",0,-3,3,0,FALSE,"regional_recruitment_variation","region_rec_var",1107,NA,NA,NA,0,0,TRUE,NA,1160,1160,-0.0359216632572195,"mean_preserving_scaled_beta","bounded_natural",0.06,0,-0.598694387620324,0.1,3.53553390593274,FALSE,TRUE,FALSE,0.1
1161,"region_rec_diffs(4,232)",0,-3,3,0,FALSE,"regional_recruitment_variation","region_rec_var",1108,NA,NA,NA,0,0,TRUE,NA,1161,1161,-0.0230784828842121,"mean_preserving_scaled_beta","bounded_natural",0.06,0,-0.384641381403535,0.1,3.53553390593274,FALSE,TRUE,FALSE,0.1
1162,"region_rec_diffs(4,233)",0,-3,3,0,FALSE,"regional_recruitment_variation","region_rec_var",1109,NA,NA,NA,0,0,TRUE,NA,1162,1162,-0.0524840082408522,"mean_preserving_scaled_beta","bounded_natural",0.06,0,-0.87473347068087,0.1,3.53553390593274,FALSE,TRUE,FALSE,0.1
1163,"region_rec_diffs(4,234)",0,-3,3,0,FALSE,"regional_recruitment_variation","region_rec_var",1110,NA,NA,NA,0,0,TRUE,NA,1163,1163,0.00700885858099376,"mean_preserving_scaled_beta","bounded_natural",0.06,0,0.116814309683229,0.1,3.53553390593274,FALSE,TRUE,FALSE,0.1
1164,"region_rec_diffs(4,235)",0,-3,3,0,FALSE,"regional_recruitment_variation","region_rec_var",1111,NA,NA,NA,0,0,TRUE,NA,1164,1164,0.0183017282405737,"mean_preserving_scaled_beta","bounded_natural",0.06,0,0.305028804009562,0.1,3.53553390593274,FALSE,TRUE,FALSE,0.1
1165,"region_rec_diffs(4,236)",0,-3,3,0,FALSE,"regional_recruitment_variation","region_rec_var",1112,NA,NA,NA,0,0,TRUE,NA,1165,1165,-0.0187421933231287,"mean_preserving_scaled_beta","bounded_natural",0.06,0,-0.312369888718811,0.1,3.53553390593274,FALSE,TRUE,FALSE,0.1
1166,"region_rec_diffs(4,237)",0,-3,3,0,FALSE,"regional_recruitment_variation","region_rec_var",1113,NA,NA,NA,0,0,TRUE,NA,1166,1166,-0.045390898769925,"mean_preserving_scaled_beta","bounded_natural",0.06,0,-0.756514979498749,0.1,3.53553390593274,FALSE,TRUE,FALSE,0.1
1167,"region_rec_diffs(4,238)",0,-3,3,0,FALSE,"regional_recruitment_variation","region_rec_var",1114,NA,NA,NA,0,0,TRUE,NA,1167,1167,0.0597272712392991,"mean_preserving_scaled_beta","bounded_natural",0.06,0,0.995454520654985,0.1,3.53553390593274,FALSE,TRUE,FALSE,0.1
1168,"region_rec_diffs(4,239)",0,-3,3,0,FALSE,"regional_recruitment_variation","region_rec_var",1115,NA,NA,NA,0,0,TRUE,NA,1168,1168,-0.0179918626390956,"mean_preserving_scaled_beta","bounded_natural",0.06,0,-0.29986437731826,0.1,3.53553390593274,FALSE,TRUE,FALSE,0.1
1169,"region_rec_diffs(4,240)",0,-3,3,0,FALSE,"regional_recruitment_variation","region_rec_var",1116,NA,NA,NA,0,0,TRUE,NA,1169,1169,-0.0360383293785222,"mean_preserving_scaled_beta","bounded_natural",0.06,0,-0.600638822975371,0.1,3.53553390593274,FALSE,TRUE,FALSE,0.1
1170,"region_rec_diffs(4,241)",0,-3,3,0,FALSE,"regional_recruitment_variation","region_rec_var",1117,NA,NA,NA,0,0,TRUE,NA,1170,1170,0.0851981555490973,"mean_preserving_scaled_beta","bounded_natural",0.06,0,1.41996925915162,0.1,3.53553390593274,FALSE,TRUE,FALSE,0.1
1171,"region_rec_diffs(4,242)",0,-3,3,0,FALSE,"regional_recruitment_variation","region_rec_var",1118,NA,NA,NA,0,0,TRUE,NA,1171,1171,-0.0796099742198129,"mean_preserving_scaled_beta","bounded_natural",0.06,0,-1.32683290366355,0.1,3.53553390593274,FALSE,TRUE,FALSE,0.1
1172,"region_rec_diffs(4,243)",0,-3,3,0,FALSE,"regional_recruitment_variation","region_rec_var",1119,NA,NA,NA,0,0,TRUE,NA,1172,1172,0.0706767805096651,"mean_preserving_scaled_beta","bounded_natural",0.06,0,1.17794634182775,0.1,3.53553390593274,FALSE,TRUE,FALSE,0.1
1173,"region_rec_diffs(4,244)",0,-3,3,0,FALSE,"regional_recruitment_variation","region_rec_var",1120,NA,NA,NA,0,0,TRUE,NA,1173,1173,-0.054095904685497,"mean_preserving_scaled_beta","bounded_natural",0.06,0,-0.901598411424949,0.1,3.53553390593274,FALSE,TRUE,FALSE,0.1
1174,"region_rec_diffs(4,245)",0,-3,3,0,FALSE,"regional_recruitment_variation","region_rec_var",1121,NA,NA,NA,0,0,TRUE,NA,1174,1174,0.0705178508617883,"mean_preserving_scaled_beta","bounded_natural",0.06,0,1.17529751436314,0.1,3.53553390593274,FALSE,TRUE,FALSE,0.1
1175,"region_rec_diffs(4,246)",0,-3,3,0,FALSE,"regional_recruitment_variation","region_rec_var",1122,NA,NA,NA,0,0,TRUE,NA,1175,1175,-0.0969520545574705,"mean_preserving_scaled_beta","bounded_natural",0.06,0,-1.61586757595784,0.1,3.53553390593274,FALSE,TRUE,FALSE,0.1
1176,"region_rec_diffs(4,247)",0,-3,3,0,FALSE,"regional_recruitment_variation","region_rec_var",1123,NA,NA,NA,0,0,TRUE,NA,1176,1176,-0.0355626056567693,"mean_preserving_scaled_beta","bounded_natural",0.06,0,-0.592710094279488,0.1,3.53553390593274,FALSE,TRUE,FALSE,0.1
1177,"region_rec_diffs(4,248)",0,-3,3,0,FALSE,"regional_recruitment_variation","region_rec_var",1124,NA,NA,NA,0,0,TRUE,NA,1177,1177,-0.0105126645901126,"mean_preserving_scaled_beta","bounded_natural",0.06,0,-0.175211076501876,0.1,3.53553390593274,FALSE,TRUE,FALSE,0.1
1178,"region_rec_diffs(4,249)",0,-3,3,0,FALSE,"regional_recruitment_variation","region_rec_var",1125,NA,NA,NA,0,0,TRUE,NA,1178,1178,-0.0550627297308841,"mean_preserving_scaled_beta","bounded_natural",0.06,0,-0.917712162181402,0.1,3.53553390593274,FALSE,TRUE,FALSE,0.1
1179,"region_rec_diffs(4,250)",0,-3,3,0,FALSE,"regional_recruitment_variation","region_rec_var",1126,NA,NA,NA,0,0,TRUE,NA,1179,1179,-0.0161154370165617,"mean_preserving_scaled_beta","bounded_natural",0.06,0,-0.268590616942695,0.1,3.53553390593274,FALSE,TRUE,FALSE,0.1
1180,"region_rec_diffs(4,251)",0,-3,3,0,FALSE,"regional_recruitment_variation","region_rec_var",1127,NA,NA,NA,0,0,TRUE,NA,1180,1180,0.0154334333437411,"mean_preserving_scaled_beta","bounded_natural",0.06,0,0.257223889062352,0.1,3.53553390593274,FALSE,TRUE,FALSE,0.1
1181,"region_rec_diffs(4,252)",0,-3,3,0,FALSE,"regional_recruitment_variation","region_rec_var",1128,NA,NA,NA,0,0,TRUE,NA,1181,1181,0.104909105863834,"mean_preserving_scaled_beta","bounded_natural",0.06,0,1.74848509773057,0.1,3.53553390593274,FALSE,TRUE,FALSE,0.1
1182,"region_rec_diffs(4,253)",0,-3,3,0,FALSE,"regional_recruitment_variation","region_rec_var",1129,NA,NA,NA,0,0,TRUE,NA,1182,1182,-0.00883586275916759,"mean_preserving_scaled_beta","bounded_natural",0.06,0,-0.14726437931946,0.1,3.53553390593274,FALSE,TRUE,FALSE,0.1
1183,"region_rec_diffs(4,254)",0,-3,3,0,FALSE,"regional_recruitment_variation","region_rec_var",1130,NA,NA,NA,0,0,TRUE,NA,1183,1183,0.0450742670146891,"mean_preserving_scaled_beta","bounded_natural",0.06,0,0.751237783578151,0.1,3.53553390593274,FALSE,TRUE,FALSE,0.1
1184,"region_rec_diffs(4,255)",0,-3,3,0,FALSE,"regional_recruitment_variation","region_rec_var",1131,NA,NA,NA,0,0,TRUE,NA,1184,1184,-0.068546592196967,"mean_preserving_scaled_beta","bounded_natural",0.06,0,-1.14244320328278,0.1,3.53553390593274,FALSE,TRUE,FALSE,0.1
1185,"region_rec_diffs(4,256)",0,-3,3,0,FALSE,"regional_recruitment_variation","region_rec_var",1132,NA,NA,NA,0,0,TRUE,NA,1185,1185,-0.080619816086597,"mean_preserving_scaled_beta","bounded_natural",0.06,0,-1.34366360144328,0.1,3.53553390593274,FALSE,TRUE,FALSE,0.1
1186,"region_rec_diffs(4,257)",0,-3,3,0,FALSE,"regional_recruitment_variation","region_rec_var",1133,NA,NA,NA,0,0,TRUE,NA,1186,1186,0.0675163297384191,"mean_preserving_scaled_beta","bounded_natural",0.06,0,1.12527216230699,0.1,3.53553390593274,FALSE,TRUE,FALSE,0.1
1187,"region_rec_diffs(4,258)",0,-3,3,0,FALSE,"regional_recruitment_variation","region_rec_var",1134,NA,NA,NA,0,0,TRUE,NA,1187,1187,0.0769747130461287,"mean_preserving_scaled_beta","bounded_natural",0.06,0,1.28291188410214,0.1,3.53553390593274,FALSE,TRUE,FALSE,0.1
1188,"region_rec_diffs(4,259)",0,-3,3,0,FALSE,"regional_recruitment_variation","region_rec_var",1135,NA,NA,NA,0,0,TRUE,NA,1188,1188,0.0756786849274258,"mean_preserving_scaled_beta","bounded_natural",0.06,0,1.2613114154571,0.1,3.53553390593274,FALSE,TRUE,FALSE,0.1
1189,"region_rec_diffs(4,260)",0,-3,3,0,FALSE,"regional_recruitment_variation","region_rec_var",1136,NA,NA,NA,0,0,TRUE,NA,1189,1189,-0.0467801213807704,"mean_preserving_scaled_beta","bounded_natural",0.06,0,-0.779668689679506,0.1,3.53553390593274,FALSE,TRUE,FALSE,0.1
1190,"region_rec_diffs(4,261)",0,-3,3,0,FALSE,"regional_recruitment_variation","region_rec_var",1137,NA,NA,NA,0,0,TRUE,NA,1190,1190,0.0322619669145654,"mean_preserving_scaled_beta","bounded_natural",0.06,0,0.53769944857609,0.1,3.53553390593274,FALSE,TRUE,FALSE,0.1
1191,"region_rec_diffs(4,262)",0,-3,3,0,FALSE,"regional_recruitment_variation","region_rec_var",1138,NA,NA,NA,0,0,TRUE,NA,1191,1191,0.0405634957953556,"mean_preserving_scaled_beta","bounded_natural",0.06,0,0.676058263255926,0.1,3.53553390593274,FALSE,TRUE,FALSE,0.1
1192,"region_rec_diffs(4,263)",0,-3,3,0,FALSE,"regional_recruitment_variation","region_rec_var",1139,NA,NA,NA,0,0,TRUE,NA,1192,1192,-0.0292968511717788,"mean_preserving_scaled_beta","bounded_natural",0.06,0,-0.48828085286298,0.1,3.53553390593274,FALSE,TRUE,FALSE,0.1
1193,"region_rec_diffs(4,264)",0,-3,3,0,FALSE,"regional_recruitment_variation","region_rec_var",1140,NA,NA,NA,0,0,TRUE,NA,1193,1193,-0.0359298776883312,"mean_preserving_scaled_beta","bounded_natural",0.06,0,-0.59883129480552,0.1,3.53553390593274,FALSE,TRUE,FALSE,0.1
1194,"region_rec_diffs(4,265)",0,-3,3,0,FALSE,"regional_recruitment_variation","region_rec_var",1141,NA,NA,NA,0,0,TRUE,NA,1194,1194,0.0427579090697874,"mean_preserving_scaled_beta","bounded_natural",0.06,0,0.71263181782979,0.1,3.53553390593274,FALSE,TRUE,FALSE,0.1
1195,"region_rec_diffs(4,266)",0,-3,3,0,FALSE,"regional_recruitment_variation","region_rec_var",1142,NA,NA,NA,0,0,TRUE,NA,1195,1195,0.0280602428549672,"mean_preserving_scaled_beta","bounded_natural",0.06,0,0.467670714249454,0.1,3.53553390593274,FALSE,TRUE,FALSE,0.1
1196,"region_rec_diffs(4,267)",0,-3,3,0,FALSE,"regional_recruitment_variation","region_rec_var",1143,NA,NA,NA,0,0,TRUE,NA,1196,1196,-0.0410710540207715,"mean_preserving_scaled_beta","bounded_natural",0.06,0,-0.684517567012858,0.1,3.53553390593274,FALSE,TRUE,FALSE,0.1
1197,"region_rec_diffs(4,268)",0,-3,3,0,FALSE,"regional_recruitment_variation","region_rec_var",1144,NA,NA,NA,0,0,TRUE,NA,1197,1197,-0.0274848347990608,"mean_preserving_scaled_beta","bounded_natural",0.06,0,-0.458080579984347,0.1,3.53553390593274,FALSE,TRUE,FALSE,0.1
1198,"region_rec_diffs(4,269)",0,-3,3,0,FALSE,"regional_recruitment_variation","region_rec_var",1145,NA,NA,NA,0,0,TRUE,NA,1198,1198,0.066508655289188,"mean_preserving_scaled_beta","bounded_natural",0.06,0,1.10847758815313,0.1,3.53553390593274,FALSE,TRUE,FALSE,0.1
1199,"region_rec_diffs(4,270)",0,-3,3,0,FALSE,"regional_recruitment_variation","region_rec_var",1146,NA,NA,NA,0,0,TRUE,NA,1199,1199,-0.0803309961380743,"mean_preserving_scaled_beta","bounded_natural",0.06,0,-1.33884993563457,0.1,3.53553390593274,FALSE,TRUE,FALSE,0.1
1200,"region_rec_diffs(4,271)",0,-3,3,0,FALSE,"regional_recruitment_variation","region_rec_var",1147,NA,NA,NA,0,0,TRUE,NA,1200,1200,-0.0186540617627213,"mean_preserving_scaled_beta","bounded_natural",0.06,0,-0.310901029378689,0.1,3.53553390593274,FALSE,TRUE,FALSE,0.1
1201,"region_rec_diffs(4,272)",0,-3,3,0,FALSE,"regional_recruitment_variation","region_rec_var",1148,NA,NA,NA,0,0,TRUE,NA,1201,1201,-0.0617815131956845,"mean_preserving_scaled_beta","bounded_natural",0.06,0,-1.02969188659474,0.1,3.53553390593274,FALSE,TRUE,FALSE,0.1
1202,"region_rec_diffs(4,273)",0,-3,3,0,FALSE,"regional_recruitment_variation","region_rec_var",1149,NA,NA,NA,0,0,TRUE,NA,1202,1202,-0.13516690720117,"mean_preserving_scaled_beta","bounded_natural",0.06,0,-2.25278178668616,0.1,3.53553390593274,FALSE,TRUE,FALSE,0.1
1203,"region_rec_diffs(4,274)",0,-3,3,0,FALSE,"regional_recruitment_variation","region_rec_var",1150,NA,NA,NA,0,0,TRUE,NA,1203,1203,0.0169685684499781,"mean_preserving_scaled_beta","bounded_natural",0.06,0,0.282809474166301,0.1,3.53553390593274,FALSE,TRUE,FALSE,0.1
1204,"region_rec_diffs(4,275)",0,-3,3,0,FALSE,"regional_recruitment_variation","region_rec_var",1151,NA,NA,NA,0,0,TRUE,NA,1204,1204,-0.0882745010606412,"mean_preserving_scaled_beta","bounded_natural",0.06,0,-1.47124168434402,0.1,3.53553390593274,FALSE,TRUE,FALSE,0.1
1205,"region_rec_diffs(4,276)",0,-3,3,0,FALSE,"regional_recruitment_variation","region_rec_var",1152,NA,NA,NA,0,0,TRUE,NA,1205,1205,0.0110719337498919,"mean_preserving_scaled_beta","bounded_natural",0.06,0,0.184532229164865,0.1,3.53553390593274,FALSE,TRUE,FALSE,0.1
1206,"region_rec_diffs(4,277)",0,-3,3,0,FALSE,"regional_recruitment_variation","region_rec_var",1153,NA,NA,NA,0,0,TRUE,NA,1206,1206,0.0818902974826852,"mean_preserving_scaled_beta","bounded_natural",0.06,0,1.36483829137809,0.1,3.53553390593274,FALSE,TRUE,FALSE,0.1
1207,"region_rec_diffs(4,278)",0,-3,3,0,FALSE,"regional_recruitment_variation","region_rec_var",1154,NA,NA,NA,0,0,TRUE,NA,1207,1207,-0.0165869036192765,"mean_preserving_scaled_beta","bounded_natural",0.06,0,-0.276448393654608,0.1,3.53553390593274,FALSE,TRUE,FALSE,0.1
1208,"region_rec_diffs(4,279)",0,-3,3,0,FALSE,"regional_recruitment_variation","region_rec_var",1155,NA,NA,NA,0,0,TRUE,NA,1208,1208,0.0139891664348362,"mean_preserving_scaled_beta","bounded_natural",0.06,0,0.233152773913936,0.1,3.53553390593274,FALSE,TRUE,FALSE,0.1
1209,"region_rec_diffs(4,280)",0,-3,3,0,FALSE,"regional_recruitment_variation","region_rec_var",1156,NA,NA,NA,0,0,TRUE,NA,1209,1209,0.0402388400072886,"mean_preserving_scaled_beta","bounded_natural",0.06,0,0.67064733345481,0.1,3.53553390593274,FALSE,TRUE,FALSE,0.1
1210,"region_rec_diffs(4,281)",0,-3,3,0,FALSE,"regional_recruitment_variation","region_rec_var",1157,NA,NA,NA,0,0,TRUE,NA,1210,1210,-0.0235666662531653,"mean_preserving_scaled_beta","bounded_natural",0.06,0,-0.392777770886088,0.1,3.53553390593274,FALSE,TRUE,FALSE,0.1
1211,"region_rec_diffs(4,282)",0,-3,3,0,FALSE,"regional_recruitment_variation","region_rec_var",1158,NA,NA,NA,0,0,TRUE,NA,1211,1211,-0.0842305999392146,"mean_preserving_scaled_beta","bounded_natural",0.06,0,-1.40384333232024,0.1,3.53553390593274,FALSE,TRUE,FALSE,0.1
1212,"region_rec_diffs(4,283)",0,-3,3,0,FALSE,"regional_recruitment_variation","region_rec_var",1159,NA,NA,NA,0,0,TRUE,NA,1212,1212,0.187990381566753,"mean_preserving_scaled_beta","bounded_natural",0.06,0,3.13317302611256,0.1,3.53553390593274,FALSE,TRUE,FALSE,0.1
1213,"region_rec_diffs(4,284)",0,-3,3,0,FALSE,"regional_recruitment_variation","region_rec_var",1160,NA,NA,NA,0,0,TRUE,NA,1213,1213,-0.0239917109695669,"mean_preserving_scaled_beta","bounded_natural",0.06,0,-0.399861849492781,0.1,3.53553390593274,FALSE,TRUE,FALSE,0.1
1214,"region_rec_diffs(4,285)",0,-3,3,0,FALSE,"regional_recruitment_variation","region_rec_var",1161,NA,NA,NA,0,0,TRUE,NA,1214,1214,-0.0528426488755973,"mean_preserving_scaled_beta","bounded_natural",0.06,0,-0.880710814593288,0.1,3.53553390593274,FALSE,TRUE,FALSE,0.1
1215,"region_rec_diffs(4,286)",0,-3,3,0,FALSE,"regional_recruitment_variation","region_rec_var",1162,NA,NA,NA,0,0,TRUE,NA,1215,1215,-0.142344898913846,"mean_preserving_scaled_beta","bounded_natural",0.06,0,-2.37241498189743,0.1,3.53553390593274,FALSE,TRUE,FALSE,0.1
1216,"region_rec_diffs(4,287)",0,-3,3,0,FALSE,"regional_recruitment_variation","region_rec_var",1163,NA,NA,NA,0,0,TRUE,NA,1216,1216,-0.0646419965122043,"mean_preserving_scaled_beta","bounded_natural",0.06,0,-1.07736660853674,0.1,3.53553390593274,FALSE,TRUE,FALSE,0.1
1217,"region_rec_diffs(4,288)",0,-3,3,0,FALSE,"regional_recruitment_variation","region_rec_var",1164,NA,NA,NA,0,0,TRUE,NA,1217,1217,-0.0196864759083661,"mean_preserving_scaled_beta","bounded_natural",0.06,0,-0.328107931806102,0.1,3.53553390593274,FALSE,TRUE,FALSE,0.1
1218,"region_rec_diffs(4,289)",0,-3,3,0,FALSE,"regional_recruitment_variation","region_rec_var",1165,NA,NA,NA,0,0,TRUE,NA,1218,1218,0.0300555307189647,"mean_preserving_scaled_beta","bounded_natural",0.06,0,0.500925511982745,0.1,3.53553390593274,FALSE,TRUE,FALSE,0.1
1219,"region_rec_diffs(4,290)",0,-3,3,0,FALSE,"regional_recruitment_variation","region_rec_var",1166,NA,NA,NA,0,0,TRUE,NA,1219,1219,0.0582907570041398,"mean_preserving_scaled_beta","bounded_natural",0.06,0,0.971512616735663,0.1,3.53553390593274,FALSE,TRUE,FALSE,0.1
1220,"region_rec_diffs(4,291)",0,-3,3,0,FALSE,"regional_recruitment_variation","region_rec_var",1167,NA,NA,NA,0,0,TRUE,NA,1220,1220,0.002618383870713,"mean_preserving_scaled_beta","bounded_natural",0.06,0,0.0436397311785501,0.1,3.53553390593274,FALSE,TRUE,FALSE,0.1
1221,"region_rec_diffs(5,1)",0,-3,3,0,FALSE,"regional_recruitment_variation","region_rec_var",1169,NA,NA,NA,0,0,TRUE,NA,1221,1221,-0.0726817024817668,"mean_preserving_scaled_beta","bounded_natural",0.06,0,-1.21136170802945,0.1,3.53553390593274,FALSE,TRUE,FALSE,0.1
1222,"region_rec_diffs(5,2)",0,-3,3,0,FALSE,"regional_recruitment_variation","region_rec_var",1170,NA,NA,NA,0,0,TRUE,NA,1222,1222,0.00588360744190908,"mean_preserving_scaled_beta","bounded_natural",0.06,0,0.0980601240318179,0.1,3.53553390593274,FALSE,TRUE,FALSE,0.1
1223,"region_rec_diffs(5,3)",0,-3,3,0,FALSE,"regional_recruitment_variation","region_rec_var",1171,NA,NA,NA,0,0,TRUE,NA,1223,1223,-0.0145531967151848,"mean_preserving_scaled_beta","bounded_natural",0.06,0,-0.242553278586414,0.1,3.53553390593274,FALSE,TRUE,FALSE,0.1
1224,"region_rec_diffs(5,4)",0,-3,3,0,FALSE,"regional_recruitment_variation","region_rec_var",1172,NA,NA,NA,0,0,TRUE,NA,1224,1224,-0.021656924526368,"mean_preserving_scaled_beta","bounded_natural",0.06,0,-0.360948742106134,0.1,3.53553390593274,FALSE,TRUE,FALSE,0.1
1225,"region_rec_diffs(5,5)",0,-3,3,0,FALSE,"regional_recruitment_variation","region_rec_var",1173,NA,NA,NA,0,0,TRUE,NA,1225,1225,-0.125527970093756,"mean_preserving_scaled_beta","bounded_natural",0.06,0,-2.09213283489594,0.1,3.53553390593274,FALSE,TRUE,FALSE,0.1
1226,"region_rec_diffs(5,6)",0,-3,3,0,FALSE,"regional_recruitment_variation","region_rec_var",1174,NA,NA,NA,0,0,TRUE,NA,1226,1226,-0.102127947353106,"mean_preserving_scaled_beta","bounded_natural",0.06,0,-1.70213245588511,0.1,3.53553390593274,FALSE,TRUE,FALSE,0.1
1227,"region_rec_diffs(5,7)",0,-3,3,0,FALSE,"regional_recruitment_variation","region_rec_var",1175,NA,NA,NA,0,0,TRUE,NA,1227,1227,0.0441722495849812,"mean_preserving_scaled_beta","bounded_natural",0.06,0,0.736204159749687,0.1,3.53553390593274,FALSE,TRUE,FALSE,0.1
1228,"region_rec_diffs(5,8)",0,-3,3,0,FALSE,"regional_recruitment_variation","region_rec_var",1176,NA,NA,NA,0,0,TRUE,NA,1228,1228,0.0693252595926146,"mean_preserving_scaled_beta","bounded_natural",0.06,0,1.15542099321024,0.1,3.53553390593274,FALSE,TRUE,FALSE,0.1
1229,"region_rec_diffs(5,9)",0,-3,3,0,FALSE,"regional_recruitment_variation","region_rec_var",1177,NA,NA,NA,0,0,TRUE,NA,1229,1229,0.11602970362685,"mean_preserving_scaled_beta","bounded_natural",0.06,0,1.93382839378084,0.1,3.53553390593274,FALSE,TRUE,FALSE,0.1
1230,"region_rec_diffs(5,10)",0,-3,3,0,FALSE,"regional_recruitment_variation","region_rec_var",1178,NA,NA,NA,0,0,TRUE,NA,1230,1230,0.0194432686292987,"mean_preserving_scaled_beta","bounded_natural",0.06,0,0.324054477154978,0.1,3.53553390593274,FALSE,TRUE,FALSE,0.1
1231,"region_rec_diffs(5,11)",0,-3,3,0,FALSE,"regional_recruitment_variation","region_rec_var",1179,NA,NA,NA,0,0,TRUE,NA,1231,1231,-0.0363335547406298,"mean_preserving_scaled_beta","bounded_natural",0.06,0,-0.605559245677164,0.1,3.53553390593274,FALSE,TRUE,FALSE,0.1
1232,"region_rec_diffs(5,12)",0,-3,3,0,FALSE,"regional_recruitment_variation","region_rec_var",1180,NA,NA,NA,0,0,TRUE,NA,1232,1232,0.10376748268723,"mean_preserving_scaled_beta","bounded_natural",0.06,0,1.72945804478717,0.1,3.53553390593274,FALSE,TRUE,FALSE,0.1
1233,"region_rec_diffs(5,13)",0,-3,3,0,FALSE,"regional_recruitment_variation","region_rec_var",1181,NA,NA,NA,0,0,TRUE,NA,1233,1233,-0.0497793542837219,"mean_preserving_scaled_beta","bounded_natural",0.06,0,-0.829655904728699,0.1,3.53553390593274,FALSE,TRUE,FALSE,0.1
1234,"region_rec_diffs(5,14)",0,-3,3,0,FALSE,"regional_recruitment_variation","region_rec_var",1182,NA,NA,NA,0,0,TRUE,NA,1234,1234,-0.0107089454015137,"mean_preserving_scaled_beta","bounded_natural",0.06,0,-0.178482423358561,0.1,3.53553390593274,FALSE,TRUE,FALSE,0.1
1235,"region_rec_diffs(5,15)",0,-3,3,0,FALSE,"regional_recruitment_variation","region_rec_var",1183,NA,NA,NA,0,0,TRUE,NA,1235,1235,0.0980761029030601,"mean_preserving_scaled_beta","bounded_natural",0.06,0,1.634601715051,0.1,3.53553390593274,FALSE,TRUE,FALSE,0.1
1236,"region_rec_diffs(5,16)",0,-3,3,0,FALSE,"regional_recruitment_variation","region_rec_var",1184,NA,NA,NA,0,0,TRUE,NA,1236,1236,-0.0143205964113746,"mean_preserving_scaled_beta","bounded_natural",0.06,0,-0.238676606856244,0.1,3.53553390593274,FALSE,TRUE,FALSE,0.1
1237,"region_rec_diffs(5,17)",0,-3,3,0,FALSE,"regional_recruitment_variation","region_rec_var",1185,NA,NA,NA,0,0,TRUE,NA,1237,1237,0.0106132734042812,"mean_preserving_scaled_beta","bounded_natural",0.06,0,0.176887890071353,0.1,3.53553390593274,FALSE,TRUE,FALSE,0.1
1238,"region_rec_diffs(5,18)",0,-3,3,0,FALSE,"regional_recruitment_variation","region_rec_var",1186,NA,NA,NA,0,0,TRUE,NA,1238,1238,-0.0229294874328918,"mean_preserving_scaled_beta","bounded_natural",0.06,0,-0.38215812388153,0.1,3.53553390593274,FALSE,TRUE,FALSE,0.1
1239,"region_rec_diffs(5,19)",0,-3,3,0,FALSE,"regional_recruitment_variation","region_rec_var",1187,NA,NA,NA,0,0,TRUE,NA,1239,1239,-0.0632893586297323,"mean_preserving_scaled_beta","bounded_natural",0.06,0,-1.05482264382887,0.1,3.53553390593274,FALSE,TRUE,FALSE,0.1
1240,"region_rec_diffs(5,20)",0,-3,3,0,FALSE,"regional_recruitment_variation","region_rec_var",1188,NA,NA,NA,0,0,TRUE,NA,1240,1240,0.0261587928183635,"mean_preserving_scaled_beta","bounded_natural",0.06,0,0.435979880306059,0.1,3.53553390593274,FALSE,TRUE,FALSE,0.1
1241,"region_rec_diffs(5,21)",0,-3,3,0,FALSE,"regional_recruitment_variation","region_rec_var",1189,NA,NA,NA,0,0,TRUE,NA,1241,1241,-0.0143701746727558,"mean_preserving_scaled_beta","bounded_natural",0.06,0,-0.239502911212597,0.1,3.53553390593274,FALSE,TRUE,FALSE,0.1
1242,"region_rec_diffs(5,22)",0,-3,3,0,FALSE,"regional_recruitment_variation","region_rec_var",1190,NA,NA,NA,0,0,TRUE,NA,1242,1242,0.0167392041548089,"mean_preserving_scaled_beta","bounded_natural",0.06,0,0.278986735913482,0.1,3.53553390593274,FALSE,TRUE,FALSE,0.1
1243,"region_rec_diffs(5,23)",0,-3,3,0,FALSE,"regional_recruitment_variation","region_rec_var",1191,NA,NA,NA,0,0,TRUE,NA,1243,1243,0.0404256742260536,"mean_preserving_scaled_beta","bounded_natural",0.06,0,0.673761237100893,0.1,3.53553390593274,FALSE,TRUE,FALSE,0.1
1244,"region_rec_diffs(5,24)",0,-3,3,0,FALSE,"regional_recruitment_variation","region_rec_var",1192,NA,NA,NA,0,0,TRUE,NA,1244,1244,-0.00679060362072281,"mean_preserving_scaled_beta","bounded_natural",0.06,0,-0.113176727012047,0.1,3.53553390593274,FALSE,TRUE,FALSE,0.1
1245,"region_rec_diffs(5,25)",0,-3,3,0,FALSE,"regional_recruitment_variation","region_rec_var",1193,NA,NA,NA,0,0,TRUE,NA,1245,1245,0.0269156993231574,"mean_preserving_scaled_beta","bounded_natural",0.06,0,0.44859498871929,0.1,3.53553390593274,FALSE,TRUE,FALSE,0.1
1246,"region_rec_diffs(5,26)",0,-3,3,0,FALSE,"regional_recruitment_variation","region_rec_var",1194,NA,NA,NA,0,0,TRUE,NA,1246,1246,-0.0371354145397733,"mean_preserving_scaled_beta","bounded_natural",0.06,0,-0.618923575662888,0.1,3.53553390593274,FALSE,TRUE,FALSE,0.1
1247,"region_rec_diffs(5,27)",0,-3,3,0,FALSE,"regional_recruitment_variation","region_rec_var",1195,NA,NA,NA,0,0,TRUE,NA,1247,1247,-0.00630574341836265,"mean_preserving_scaled_beta","bounded_natural",0.06,0,-0.105095723639378,0.1,3.53553390593274,FALSE,TRUE,FALSE,0.1
1248,"region_rec_diffs(5,28)",0,-3,3,0,FALSE,"regional_recruitment_variation","region_rec_var",1196,NA,NA,NA,0,0,TRUE,NA,1248,1248,-0.119308444347952,"mean_preserving_scaled_beta","bounded_natural",0.06,0,-1.98847407246586,0.1,3.53553390593274,FALSE,TRUE,FALSE,0.1
1249,"region_rec_diffs(5,29)",0,-3,3,0,FALSE,"regional_recruitment_variation","region_rec_var",1197,NA,NA,NA,0,0,TRUE,NA,1249,1249,-0.157692725307931,"mean_preserving_scaled_beta","bounded_natural",0.06,0,-2.62821208846552,0.1,3.53553390593274,FALSE,TRUE,FALSE,0.1
1250,"region_rec_diffs(5,30)",0,-3,3,0,FALSE,"regional_recruitment_variation","region_rec_var",1198,NA,NA,NA,0,0,TRUE,NA,1250,1250,0.010871168006692,"mean_preserving_scaled_beta","bounded_natural",0.06,0,0.181186133444866,0.1,3.53553390593274,FALSE,TRUE,FALSE,0.1
1251,"region_rec_diffs(5,31)",0,-3,3,0,FALSE,"regional_recruitment_variation","region_rec_var",1199,NA,NA,NA,0,0,TRUE,NA,1251,1251,0.0379820882350113,"mean_preserving_scaled_beta","bounded_natural",0.06,0,0.633034803916854,0.1,3.53553390593274,FALSE,TRUE,FALSE,0.1
1252,"region_rec_diffs(5,32)",0,-3,3,0,FALSE,"regional_recruitment_variation","region_rec_var",1200,NA,NA,NA,0,0,TRUE,NA,1252,1252,0.0216292920696617,"mean_preserving_scaled_beta","bounded_natural",0.06,0,0.360488201161028,0.1,3.53553390593274,FALSE,TRUE,FALSE,0.1
1253,"region_rec_diffs(5,33)",0,-3,3,0,FALSE,"regional_recruitment_variation","region_rec_var",1201,NA,NA,NA,0,0,TRUE,NA,1253,1253,-0.0216347723928219,"mean_preserving_scaled_beta","bounded_natural",0.06,0,-0.360579539880364,0.1,3.53553390593274,FALSE,TRUE,FALSE,0.1
1254,"region_rec_diffs(5,34)",0,-3,3,0,FALSE,"regional_recruitment_variation","region_rec_var",1202,NA,NA,NA,0,0,TRUE,NA,1254,1254,0.0449700482044095,"mean_preserving_scaled_beta","bounded_natural",0.06,0,0.749500803406825,0.1,3.53553390593274,FALSE,TRUE,FALSE,0.1
1255,"region_rec_diffs(5,35)",0,-3,3,0,FALSE,"regional_recruitment_variation","region_rec_var",1203,NA,NA,NA,0,0,TRUE,NA,1255,1255,-0.00111021006661183,"mean_preserving_scaled_beta","bounded_natural",0.06,0,-0.0185035011101971,0.1,3.53553390593274,FALSE,TRUE,FALSE,0.1
1256,"region_rec_diffs(5,36)",0,-3,3,0,FALSE,"regional_recruitment_variation","region_rec_var",1204,NA,NA,NA,0,0,TRUE,NA,1256,1256,0.012707134038747,"mean_preserving_scaled_beta","bounded_natural",0.06,0,0.21178556731245,0.1,3.53553390593274,FALSE,TRUE,FALSE,0.1
1257,"region_rec_diffs(5,37)",0,-3,3,0,FALSE,"regional_recruitment_variation","region_rec_var",1205,NA,NA,NA,0,0,TRUE,NA,1257,1257,0.083449579928764,"mean_preserving_scaled_beta","bounded_natural",0.06,0,1.39082633214607,0.1,3.53553390593274,FALSE,TRUE,FALSE,0.1
1258,"region_rec_diffs(5,38)",0,-3,3,0,FALSE,"regional_recruitment_variation","region_rec_var",1206,NA,NA,NA,0,0,TRUE,NA,1258,1258,-0.106940892416534,"mean_preserving_scaled_beta","bounded_natural",0.06,0,-1.78234820694224,0.1,3.53553390593274,FALSE,TRUE,FALSE,0.1
1259,"region_rec_diffs(5,39)",0,-3,3,0,FALSE,"regional_recruitment_variation","region_rec_var",1207,NA,NA,NA,0,0,TRUE,NA,1259,1259,-0.0443719814400381,"mean_preserving_scaled_beta","bounded_natural",0.06,0,-0.739533024000634,0.1,3.53553390593274,FALSE,TRUE,FALSE,0.1
1260,"region_rec_diffs(5,40)",0,-3,3,0,FALSE,"regional_recruitment_variation","region_rec_var",1208,NA,NA,NA,0,0,TRUE,NA,1260,1260,0.031869001995382,"mean_preserving_scaled_beta","bounded_natural",0.06,0,0.531150033256367,0.1,3.53553390593274,FALSE,TRUE,FALSE,0.1
1261,"region_rec_diffs(5,41)",0,-3,3,0,FALSE,"regional_recruitment_variation","region_rec_var",1209,NA,NA,NA,0,0,TRUE,NA,1261,1261,0.0438731029151693,"mean_preserving_scaled_beta","bounded_natural",0.06,0,0.731218381919489,0.1,3.53553390593274,FALSE,TRUE,FALSE,0.1
1262,"region_rec_diffs(5,42)",0,-3,3,0,FALSE,"regional_recruitment_variation","region_rec_var",1210,NA,NA,NA,0,0,TRUE,NA,1262,1262,-0.0261155511524258,"mean_preserving_scaled_beta","bounded_natural",0.06,0,-0.435259185873763,0.1,3.53553390593274,FALSE,TRUE,FALSE,0.1
1263,"region_rec_diffs(5,43)",0,-3,3,0,FALSE,"regional_recruitment_variation","region_rec_var",1211,NA,NA,NA,0,0,TRUE,NA,1263,1263,0.0139212684059689,"mean_preserving_scaled_beta","bounded_natural",0.06,0,0.232021140099481,0.1,3.53553390593274,FALSE,TRUE,FALSE,0.1
1264,"region_rec_diffs(5,44)",0,-3,3,0,FALSE,"regional_recruitment_variation","region_rec_var",1212,NA,NA,NA,0,0,TRUE,NA,1264,1264,0.104410871820887,"mean_preserving_scaled_beta","bounded_natural",0.06,0,1.74018119701479,0.1,3.53553390593274,FALSE,TRUE,FALSE,0.1
1265,"region_rec_diffs(5,45)",0,-3,3,0,FALSE,"regional_recruitment_variation","region_rec_var",1213,NA,NA,NA,0,0,TRUE,NA,1265,1265,-0.0615819802119311,"mean_preserving_scaled_beta","bounded_natural",0.06,0,-1.02636633686552,0.1,3.53553390593274,FALSE,TRUE,FALSE,0.1
1266,"region_rec_diffs(5,46)",0,-3,3,0,FALSE,"regional_recruitment_variation","region_rec_var",1214,NA,NA,NA,0,0,TRUE,NA,1266,1266,-0.0254340402486206,"mean_preserving_scaled_beta","bounded_natural",0.06,0,-0.423900670810343,0.1,3.53553390593274,FALSE,TRUE,FALSE,0.1
1267,"region_rec_diffs(5,47)",0,-3,3,0,FALSE,"regional_recruitment_variation","region_rec_var",1215,NA,NA,NA,0,0,TRUE,NA,1267,1267,0.0397384917178347,"mean_preserving_scaled_beta","bounded_natural",0.06,0,0.662308195297245,0.1,3.53553390593274,FALSE,TRUE,FALSE,0.1
1268,"region_rec_diffs(5,48)",0,-3,3,0,FALSE,"regional_recruitment_variation","region_rec_var",1216,NA,NA,NA,0,0,TRUE,NA,1268,1268,-0.134264588896113,"mean_preserving_scaled_beta","bounded_natural",0.06,0,-2.23774314826855,0.1,3.53553390593274,FALSE,TRUE,FALSE,0.1
1269,"region_rec_diffs(5,49)",0,-3,3,0,FALSE,"regional_recruitment_variation","region_rec_var",1217,NA,NA,NA,0,0,TRUE,NA,1269,1269,-0.0322426043561355,"mean_preserving_scaled_beta","bounded_natural",0.06,0,-0.537376739268924,0.1,3.53553390593274,FALSE,TRUE,FALSE,0.1
1270,"region_rec_diffs(5,50)",0,-3,3,0,FALSE,"regional_recruitment_variation","region_rec_var",1218,NA,NA,NA,0,0,TRUE,NA,1270,1270,0.00920388332914124,"mean_preserving_scaled_beta","bounded_natural",0.06,0,0.153398055485687,0.1,3.53553390593274,FALSE,TRUE,FALSE,0.1
1271,"region_rec_diffs(5,51)",0,-3,3,0,FALSE,"regional_recruitment_variation","region_rec_var",1219,NA,NA,NA,0,0,TRUE,NA,1271,1271,0.154449738099736,"mean_preserving_scaled_beta","bounded_natural",0.06,0,2.57416230166226,0.1,3.53553390593274,FALSE,TRUE,FALSE,0.1
1272,"region_rec_diffs(5,52)",0,-3,3,0,FALSE,"regional_recruitment_variation","region_rec_var",1220,NA,NA,NA,0,0,TRUE,NA,1272,1272,0.125525925555793,"mean_preserving_scaled_beta","bounded_natural",0.06,0,2.09209875926322,0.1,3.53553390593274,FALSE,TRUE,FALSE,0.1
1273,"region_rec_diffs(5,53)",0,-3,3,0,FALSE,"regional_recruitment_variation","region_rec_var",1221,NA,NA,NA,0,0,TRUE,NA,1273,1273,0.0435604568931369,"mean_preserving_scaled_beta","bounded_natural",0.06,0,0.726007614885615,0.1,3.53553390593274,FALSE,TRUE,FALSE,0.1
1274,"region_rec_diffs(5,54)",0,-3,3,0,FALSE,"regional_recruitment_variation","region_rec_var",1222,NA,NA,NA,0,0,TRUE,NA,1274,1274,0.111562858499807,"mean_preserving_scaled_beta","bounded_natural",0.06,0,1.85938097499678,0.1,3.53553390593274,FALSE,TRUE,FALSE,0.1
1275,"region_rec_diffs(5,55)",0,-3,3,0,FALSE,"regional_recruitment_variation","region_rec_var",1223,NA,NA,NA,0,0,TRUE,NA,1275,1275,0.160370643740149,"mean_preserving_scaled_beta","bounded_natural",0.06,0,2.67284406233581,0.1,3.53553390593274,FALSE,TRUE,FALSE,0.1
1276,"region_rec_diffs(5,56)",0,-3,3,0,FALSE,"regional_recruitment_variation","region_rec_var",1224,NA,NA,NA,0,0,TRUE,NA,1276,1276,-0.00698013855358992,"mean_preserving_scaled_beta","bounded_natural",0.06,0,-0.116335642559832,0.1,3.53553390593274,FALSE,TRUE,FALSE,0.1
1277,"region_rec_diffs(5,57)",0,-3,3,0,FALSE,"regional_recruitment_variation","region_rec_var",1225,NA,NA,NA,0,0,TRUE,NA,1277,1277,0.0972808119412427,"mean_preserving_scaled_beta","bounded_natural",0.06,0,1.62134686568738,0.1,3.53553390593274,FALSE,TRUE,FALSE,0.1
1278,"region_rec_diffs(5,58)",0,-3,3,0,FALSE,"regional_recruitment_variation","region_rec_var",1226,NA,NA,NA,0,0,TRUE,NA,1278,1278,0.00900990425401549,"mean_preserving_scaled_beta","bounded_natural",0.06,0,0.150165070900258,0.1,3.53553390593274,FALSE,TRUE,FALSE,0.1
1279,"region_rec_diffs(5,59)",0,-3,3,0,FALSE,"regional_recruitment_variation","region_rec_var",1227,NA,NA,NA,0,0,TRUE,NA,1279,1279,-0.0420989068536004,"mean_preserving_scaled_beta","bounded_natural",0.06,0,-0.701648447560007,0.1,3.53553390593274,FALSE,TRUE,FALSE,0.1
1280,"region_rec_diffs(5,60)",0,-3,3,0,FALSE,"regional_recruitment_variation","region_rec_var",1228,NA,NA,NA,0,0,TRUE,NA,1280,1280,0.0123856418474304,"mean_preserving_scaled_beta","bounded_natural",0.06,0,0.20642736412384,0.1,3.53553390593274,FALSE,TRUE,FALSE,0.1
1281,"region_rec_diffs(5,61)",0,-3,3,0,FALSE,"regional_recruitment_variation","region_rec_var",1229,NA,NA,NA,0,0,TRUE,NA,1281,1281,-0.00869005353028474,"mean_preserving_scaled_beta","bounded_natural",0.06,0,-0.144834225504746,0.1,3.53553390593274,FALSE,TRUE,FALSE,0.1
1282,"region_rec_diffs(5,62)",0,-3,3,0,FALSE,"regional_recruitment_variation","region_rec_var",1230,NA,NA,NA,0,0,TRUE,NA,1282,1282,0.0835744990617169,"mean_preserving_scaled_beta","bounded_natural",0.06,0,1.39290831769528,0.1,3.53553390593274,FALSE,TRUE,FALSE,0.1
1283,"region_rec_diffs(5,63)",0,-3,3,0,FALSE,"regional_recruitment_variation","region_rec_var",1231,NA,NA,NA,0,0,TRUE,NA,1283,1283,0.0319119757907886,"mean_preserving_scaled_beta","bounded_natural",0.06,0,0.531866263179811,0.1,3.53553390593274,FALSE,TRUE,FALSE,0.1
1284,"region_rec_diffs(5,64)",0,-3,3,0,FALSE,"regional_recruitment_variation","region_rec_var",1232,NA,NA,NA,0,0,TRUE,NA,1284,1284,0.0266209141672853,"mean_preserving_scaled_beta","bounded_natural",0.06,0,0.443681902788088,0.1,3.53553390593274,FALSE,TRUE,FALSE,0.1
1285,"region_rec_diffs(5,65)",0,-3,3,0,FALSE,"regional_recruitment_variation","region_rec_var",1233,NA,NA,NA,0,0,TRUE,NA,1285,1285,0.0148568643748757,"mean_preserving_scaled_beta","bounded_natural",0.06,0,0.247614406247928,0.1,3.53553390593274,FALSE,TRUE,FALSE,0.1
1286,"region_rec_diffs(5,66)",0,-3,3,0,FALSE,"regional_recruitment_variation","region_rec_var",1234,NA,NA,NA,0,0,TRUE,NA,1286,1286,0.0265326083752875,"mean_preserving_scaled_beta","bounded_natural",0.06,0,0.442210139588125,0.1,3.53553390593274,FALSE,TRUE,FALSE,0.1
1287,"region_rec_diffs(5,67)",0,-3,3,0,FALSE,"regional_recruitment_variation","region_rec_var",1235,NA,NA,NA,0,0,TRUE,NA,1287,1287,0.0847792454099192,"mean_preserving_scaled_beta","bounded_natural",0.06,0,1.41298742349865,0.1,3.53553390593274,FALSE,TRUE,FALSE,0.1
1288,"region_rec_diffs(5,68)",0,-3,3,0,FALSE,"regional_recruitment_variation","region_rec_var",1236,NA,NA,NA,0,0,TRUE,NA,1288,1288,-0.0509933887628771,"mean_preserving_scaled_beta","bounded_natural",0.06,0,-0.849889812714618,0.1,3.53553390593274,FALSE,TRUE,FALSE,0.1
1289,"region_rec_diffs(5,69)",0,-3,3,0,FALSE,"regional_recruitment_variation","region_rec_var",1237,NA,NA,NA,0,0,TRUE,NA,1289,1289,0.0329483267493904,"mean_preserving_scaled_beta","bounded_natural",0.06,0,0.549138779156507,0.1,3.53553390593274,FALSE,TRUE,FALSE,0.1
1290,"region_rec_diffs(5,70)",0,-3,3,0,FALSE,"regional_recruitment_variation","region_rec_var",1238,NA,NA,NA,0,0,TRUE,NA,1290,1290,-0.0238298697799761,"mean_preserving_scaled_beta","bounded_natural",0.06,0,-0.397164496332936,0.1,3.53553390593274,FALSE,TRUE,FALSE,0.1
1291,"region_rec_diffs(5,71)",0,-3,3,0,FALSE,"regional_recruitment_variation","region_rec_var",1239,NA,NA,NA,0,0,TRUE,NA,1291,1291,0.025293559873226,"mean_preserving_scaled_beta","bounded_natural",0.06,0,0.421559331220433,0.1,3.53553390593274,FALSE,TRUE,FALSE,0.1
1292,"region_rec_diffs(5,72)",0,-3,3,0,FALSE,"regional_recruitment_variation","region_rec_var",1240,NA,NA,NA,0,0,TRUE,NA,1292,1292,-0.0569869427243077,"mean_preserving_scaled_beta","bounded_natural",0.06,0,-0.949782378738462,0.1,3.53553390593274,FALSE,TRUE,FALSE,0.1
1293,"region_rec_diffs(5,73)",0,-3,3,0,FALSE,"regional_recruitment_variation","region_rec_var",1241,NA,NA,NA,0,0,TRUE,NA,1293,1293,-0.0109999785449539,"mean_preserving_scaled_beta","bounded_natural",0.06,0,-0.183332975749232,0.1,3.53553390593274,FALSE,TRUE,FALSE,0.1
1294,"region_rec_diffs(5,74)",0,-3,3,0,FALSE,"regional_recruitment_variation","region_rec_var",1242,NA,NA,NA,0,0,TRUE,NA,1294,1294,0.0213826118364544,"mean_preserving_scaled_beta","bounded_natural",0.06,0,0.356376863940907,0.1,3.53553390593274,FALSE,TRUE,FALSE,0.1
1295,"region_rec_diffs(5,75)",0,-3,3,0,FALSE,"regional_recruitment_variation","region_rec_var",1243,NA,NA,NA,0,0,TRUE,NA,1295,1295,0.0490286354262754,"mean_preserving_scaled_beta","bounded_natural",0.06,0,0.817143923771257,0.1,3.53553390593274,FALSE,TRUE,FALSE,0.1
1296,"region_rec_diffs(5,76)",0,-3,3,0,FALSE,"regional_recruitment_variation","region_rec_var",1244,NA,NA,NA,0,0,TRUE,NA,1296,1296,0.026266390097029,"mean_preserving_scaled_beta","bounded_natural",0.06,0,0.437773168283817,0.1,3.53553390593274,FALSE,TRUE,FALSE,0.1
1297,"region_rec_diffs(5,77)",0,-3,3,0,FALSE,"regional_recruitment_variation","region_rec_var",1245,NA,NA,NA,0,0,TRUE,NA,1297,1297,-0.00688193770827006,"mean_preserving_scaled_beta","bounded_natural",0.06,0,-0.114698961804501,0.1,3.53553390593274,FALSE,TRUE,FALSE,0.1
1298,"region_rec_diffs(5,78)",0,-3,3,0,FALSE,"regional_recruitment_variation","region_rec_var",1246,NA,NA,NA,0,0,TRUE,NA,1298,1298,0.0743256683844553,"mean_preserving_scaled_beta","bounded_natural",0.06,0,1.23876113974092,0.1,3.53553390593274,FALSE,TRUE,FALSE,0.1
1299,"region_rec_diffs(5,79)",0,-3,3,0,FALSE,"regional_recruitment_variation","region_rec_var",1247,NA,NA,NA,0,0,TRUE,NA,1299,1299,-0.0776678669156912,"mean_preserving_scaled_beta","bounded_natural",0.06,0,-1.29446444859485,0.1,3.53553390593274,FALSE,TRUE,FALSE,0.1
1300,"region_rec_diffs(5,80)",0,-3,3,0,FALSE,"regional_recruitment_variation","region_rec_var",1248,NA,NA,NA,0,0,TRUE,NA,1300,1300,0.0815086537254506,"mean_preserving_scaled_beta","bounded_natural",0.06,0,1.35847756209084,0.1,3.53553390593274,FALSE,TRUE,FALSE,0.1
1301,"region_rec_diffs(5,81)",0,-3,3,0,FALSE,"regional_recruitment_variation","region_rec_var",1249,NA,NA,NA,0,0,TRUE,NA,1301,1301,-0.0708146840325812,"mean_preserving_scaled_beta","bounded_natural",0.06,0,-1.18024473387635,0.1,3.53553390593274,FALSE,TRUE,FALSE,0.1
1302,"region_rec_diffs(5,82)",0,-3,3,0,FALSE,"regional_recruitment_variation","region_rec_var",1250,NA,NA,NA,0,0,TRUE,NA,1302,1302,-0.0699217701460833,"mean_preserving_scaled_beta","bounded_natural",0.06,0,-1.16536283576805,0.1,3.53553390593274,FALSE,TRUE,FALSE,0.1
1303,"region_rec_diffs(5,83)",0,-3,3,0,FALSE,"regional_recruitment_variation","region_rec_var",1251,NA,NA,NA,0,0,TRUE,NA,1303,1303,0.11467197037787,"mean_preserving_scaled_beta","bounded_natural",0.06,0,1.91119950629783,0.1,3.53553390593274,FALSE,TRUE,FALSE,0.1
1304,"region_rec_diffs(5,84)",0,-3,3,0,FALSE,"regional_recruitment_variation","region_rec_var",1252,NA,NA,NA,0,0,TRUE,NA,1304,1304,0.0776060848893212,"mean_preserving_scaled_beta","bounded_natural",0.06,0,1.29343474815535,0.1,3.53553390593274,FALSE,TRUE,FALSE,0.1
1305,"region_rec_diffs(5,85)",0,-3,3,0,FALSE,"regional_recruitment_variation","region_rec_var",1253,NA,NA,NA,0,0,TRUE,NA,1305,1305,-0.00871557096518449,"mean_preserving_scaled_beta","bounded_natural",0.06,0,-0.145259516086408,0.1,3.53553390593274,FALSE,TRUE,FALSE,0.1
1306,"region_rec_diffs(5,86)",0,-3,3,0,FALSE,"regional_recruitment_variation","region_rec_var",1254,NA,NA,NA,0,0,TRUE,NA,1306,1306,0.0211015227767382,"mean_preserving_scaled_beta","bounded_natural",0.06,0,0.351692046278969,0.1,3.53553390593274,FALSE,TRUE,FALSE,0.1
1307,"region_rec_diffs(5,87)",0,-3,3,0,FALSE,"regional_recruitment_variation","region_rec_var",1255,NA,NA,NA,0,0,TRUE,NA,1307,1307,0.0347600379305986,"mean_preserving_scaled_beta","bounded_natural",0.06,0,0.579333965509976,0.1,3.53553390593274,FALSE,TRUE,FALSE,0.1
1308,"region_rec_diffs(5,88)",0,-3,3,0,FALSE,"regional_recruitment_variation","region_rec_var",1256,NA,NA,NA,0,0,TRUE,NA,1308,1308,-0.0396378426738759,"mean_preserving_scaled_beta","bounded_natural",0.06,0,-0.660630711231265,0.1,3.53553390593274,FALSE,TRUE,FALSE,0.1
1309,"region_rec_diffs(5,89)",0,-3,3,0,FALSE,"regional_recruitment_variation","region_rec_var",1257,NA,NA,NA,0,0,TRUE,NA,1309,1309,0.0116672025645803,"mean_preserving_scaled_beta","bounded_natural",0.06,0,0.194453376076339,0.1,3.53553390593274,FALSE,TRUE,FALSE,0.1
1310,"region_rec_diffs(5,90)",0,-3,3,0,FALSE,"regional_recruitment_variation","region_rec_var",1258,NA,NA,NA,0,0,TRUE,NA,1310,1310,0.036904537392652,"mean_preserving_scaled_beta","bounded_natural",0.06,0,0.615075623210866,0.1,3.53553390593274,FALSE,TRUE,FALSE,0.1
1311,"region_rec_diffs(5,91)",0,-3,3,0,FALSE,"regional_recruitment_variation","region_rec_var",1259,NA,NA,NA,0,0,TRUE,NA,1311,1311,-0.0065827020873015,"mean_preserving_scaled_beta","bounded_natural",0.06,0,-0.109711701455025,0.1,3.53553390593274,FALSE,TRUE,FALSE,0.1
1312,"region_rec_diffs(5,92)",0,-3,3,0,FALSE,"regional_recruitment_variation","region_rec_var",1260,NA,NA,NA,0,0,TRUE,NA,1312,1312,-0.104899352049163,"mean_preserving_scaled_beta","bounded_natural",0.06,0,-1.74832253415271,0.1,3.53553390593274,FALSE,TRUE,FALSE,0.1
1313,"region_rec_diffs(5,93)",0,-3,3,0,FALSE,"regional_recruitment_variation","region_rec_var",1261,NA,NA,NA,0,0,TRUE,NA,1313,1313,0.00311763528144304,"mean_preserving_scaled_beta","bounded_natural",0.06,0,0.0519605880240507,0.1,3.53553390593274,FALSE,TRUE,FALSE,0.1
1314,"region_rec_diffs(5,94)",0,-3,3,0,FALSE,"regional_recruitment_variation","region_rec_var",1262,NA,NA,NA,0,0,TRUE,NA,1314,1314,-0.00147819407667438,"mean_preserving_scaled_beta","bounded_natural",0.06,0,-0.0246365679445729,0.1,3.53553390593274,FALSE,TRUE,FALSE,0.1
1315,"region_rec_diffs(5,95)",0,-3,3,0,FALSE,"regional_recruitment_variation","region_rec_var",1263,NA,NA,NA,0,0,TRUE,NA,1315,1315,0.0222182139916649,"mean_preserving_scaled_beta","bounded_natural",0.06,0,0.370303566527748,0.1,3.53553390593274,FALSE,TRUE,FALSE,0.1
1316,"region_rec_diffs(5,96)",0,-3,3,0,FALSE,"regional_recruitment_variation","region_rec_var",1264,NA,NA,NA,0,0,TRUE,NA,1316,1316,0.0731951997129814,"mean_preserving_scaled_beta","bounded_natural",0.06,0,1.21991999521636,0.1,3.53553390593274,FALSE,TRUE,FALSE,0.1
1317,"region_rec_diffs(5,97)",0,-3,3,0,FALSE,"regional_recruitment_variation","region_rec_var",1265,NA,NA,NA,0,0,TRUE,NA,1317,1317,-0.0253703779567687,"mean_preserving_scaled_beta","bounded_natural",0.06,0,-0.422839632612811,0.1,3.53553390593274,FALSE,TRUE,FALSE,0.1
1318,"region_rec_diffs(5,98)",0,-3,3,0,FALSE,"regional_recruitment_variation","region_rec_var",1266,NA,NA,NA,0,0,TRUE,NA,1318,1318,-0.0933667193942962,"mean_preserving_scaled_beta","bounded_natural",0.06,0,-1.55611198990494,0.1,3.53553390593274,FALSE,TRUE,FALSE,0.1
1319,"region_rec_diffs(5,99)",0,-3,3,0,FALSE,"regional_recruitment_variation","region_rec_var",1267,NA,NA,NA,0,0,TRUE,NA,1319,1319,0.00814528598728792,"mean_preserving_scaled_beta","bounded_natural",0.06,0,0.135754766454799,0.1,3.53553390593274,FALSE,TRUE,FALSE,0.1
1320,"region_rec_diffs(5,100)",0,-3,3,0,FALSE,"regional_recruitment_variation","region_rec_var",1268,NA,NA,NA,0,0,TRUE,NA,1320,1320,-0.0193934444271004,"mean_preserving_scaled_beta","bounded_natural",0.06,0,-0.323224073785007,0.1,3.53553390593274,FALSE,TRUE,FALSE,0.1
1321,"region_rec_diffs(5,101)",0,-3,3,0,FALSE,"regional_recruitment_variation","region_rec_var",1269,NA,NA,NA,0,0,TRUE,NA,1321,1321,0.125892386898534,"mean_preserving_scaled_beta","bounded_natural",0.06,0,2.09820644830889,0.1,3.53553390593274,FALSE,TRUE,FALSE,0.1
1322,"region_rec_diffs(5,102)",0,-3,3,0,FALSE,"regional_recruitment_variation","region_rec_var",1270,NA,NA,NA,0,0,TRUE,NA,1322,1322,0.0379671425442849,"mean_preserving_scaled_beta","bounded_natural",0.06,0,0.632785709071415,0.1,3.53553390593274,FALSE,TRUE,FALSE,0.1
1323,"region_rec_diffs(5,103)",0,-3,3,0,FALSE,"regional_recruitment_variation","region_rec_var",1271,NA,NA,NA,0,0,TRUE,NA,1323,1323,0.0614939211386547,"mean_preserving_scaled_beta","bounded_natural",0.06,0,1.02489868564424,0.1,3.53553390593274,FALSE,TRUE,FALSE,0.1
1324,"region_rec_diffs(5,104)",0,-3,3,0,FALSE,"regional_recruitment_variation","region_rec_var",1272,NA,NA,NA,0,0,TRUE,NA,1324,1324,-0.0568909328316574,"mean_preserving_scaled_beta","bounded_natural",0.06,0,-0.948182213860956,0.1,3.53553390593274,FALSE,TRUE,FALSE,0.1
1325,"region_rec_diffs(5,105)",0,-3,3,0,FALSE,"regional_recruitment_variation","region_rec_var",1273,NA,NA,NA,0,0,TRUE,NA,1325,1325,0.0103070424341394,"mean_preserving_scaled_beta","bounded_natural",0.06,0,0.17178404056899,0.1,3.53553390593274,FALSE,TRUE,FALSE,0.1
1326,"region_rec_diffs(5,106)",0,-3,3,0,FALSE,"regional_recruitment_variation","region_rec_var",1274,NA,NA,NA,0,0,TRUE,NA,1326,1326,-0.0462188737997629,"mean_preserving_scaled_beta","bounded_natural",0.06,0,-0.770314563329381,0.1,3.53553390593274,FALSE,TRUE,FALSE,0.1
1327,"region_rec_diffs(5,107)",0,-3,3,0,FALSE,"regional_recruitment_variation","region_rec_var",1275,NA,NA,NA,0,0,TRUE,NA,1327,1327,-0.0157009515861084,"mean_preserving_scaled_beta","bounded_natural",0.06,0,-0.26168252643514,0.1,3.53553390593274,FALSE,TRUE,FALSE,0.1
1328,"region_rec_diffs(5,108)",0,-3,3,0,FALSE,"regional_recruitment_variation","region_rec_var",1276,NA,NA,NA,0,0,TRUE,NA,1328,1328,-0.0497746202029448,"mean_preserving_scaled_beta","bounded_natural",0.06,0,-0.829577003382413,0.1,3.53553390593274,FALSE,TRUE,FALSE,0.1
1329,"region_rec_diffs(5,109)",0,-3,3,0,FALSE,"regional_recruitment_variation","region_rec_var",1277,NA,NA,NA,0,0,TRUE,NA,1329,1329,-0.091217803711698,"mean_preserving_scaled_beta","bounded_natural",0.06,0,-1.5202967285283,0.1,3.53553390593274,FALSE,TRUE,FALSE,0.1
1330,"region_rec_diffs(5,110)",0,-3,3,0,FALSE,"regional_recruitment_variation","region_rec_var",1278,NA,NA,NA,0,0,TRUE,NA,1330,1330,0.113916302304362,"mean_preserving_scaled_beta","bounded_natural",0.06,0,1.89860503840603,0.1,3.53553390593274,FALSE,TRUE,FALSE,0.1
1331,"region_rec_diffs(5,111)",0,-3,3,0,FALSE,"regional_recruitment_variation","region_rec_var",1279,NA,NA,NA,0,0,TRUE,NA,1331,1331,-0.0536530345926889,"mean_preserving_scaled_beta","bounded_natural",0.06,0,-0.894217243211481,0.1,3.53553390593274,FALSE,TRUE,FALSE,0.1
1332,"region_rec_diffs(5,112)",0,-3,3,0,FALSE,"regional_recruitment_variation","region_rec_var",1280,NA,NA,NA,0,0,TRUE,NA,1332,1332,0.0346038852239117,"mean_preserving_scaled_beta","bounded_natural",0.06,0,0.576731420398528,0.1,3.53553390593274,FALSE,TRUE,FALSE,0.1
1333,"region_rec_diffs(5,113)",0,-3,3,0,FALSE,"regional_recruitment_variation","region_rec_var",1281,NA,NA,NA,0,0,TRUE,NA,1333,1333,-0.0225966260003023,"mean_preserving_scaled_beta","bounded_natural",0.06,0,-0.376610433338372,0.1,3.53553390593274,FALSE,TRUE,FALSE,0.1
1334,"region_rec_diffs(5,114)",0,-3,3,0,FALSE,"regional_recruitment_variation","region_rec_var",1282,NA,NA,NA,0,0,TRUE,NA,1334,1334,-0.0380095622493357,"mean_preserving_scaled_beta","bounded_natural",0.06,0,-0.633492704155595,0.1,3.53553390593274,FALSE,TRUE,FALSE,0.1
1335,"region_rec_diffs(5,115)",0,-3,3,0,FALSE,"regional_recruitment_variation","region_rec_var",1283,NA,NA,NA,0,0,TRUE,NA,1335,1335,-0.0550935873646052,"mean_preserving_scaled_beta","bounded_natural",0.06,0,-0.918226456076754,0.1,3.53553390593274,FALSE,TRUE,FALSE,0.1
1336,"region_rec_diffs(5,116)",0,-3,3,0,FALSE,"regional_recruitment_variation","region_rec_var",1284,NA,NA,NA,0,0,TRUE,NA,1336,1336,0.0934942803210896,"mean_preserving_scaled_beta","bounded_natural",0.06,0,1.55823800535149,0.1,3.53553390593274,FALSE,TRUE,FALSE,0.1
1337,"region_rec_diffs(5,117)",0,-3,3,0,FALSE,"regional_recruitment_variation","region_rec_var",1285,NA,NA,NA,0,0,TRUE,NA,1337,1337,-0.0255027220150903,"mean_preserving_scaled_beta","bounded_natural",0.06,0,-0.425045366918172,0.1,3.53553390593274,FALSE,TRUE,FALSE,0.1
1338,"region_rec_diffs(5,118)",0,-3,3,0,FALSE,"regional_recruitment_variation","region_rec_var",1286,NA,NA,NA,0,0,TRUE,NA,1338,1338,0.0178091502290556,"mean_preserving_scaled_beta","bounded_natural",0.06,0,0.29681917048426,0.1,3.53553390593274,FALSE,TRUE,FALSE,0.1
1339,"region_rec_diffs(5,119)",0,-3,3,0,FALSE,"regional_recruitment_variation","region_rec_var",1287,NA,NA,NA,0,0,TRUE,NA,1339,1339,-0.0102394914241808,"mean_preserving_scaled_beta","bounded_natural",0.06,0,-0.170658190403013,0.1,3.53553390593274,FALSE,TRUE,FALSE,0.1
1340,"region_rec_diffs(5,120)",0,-3,3,0,FALSE,"regional_recruitment_variation","region_rec_var",1288,NA,NA,NA,0,0,TRUE,NA,1340,1340,-0.0439105657174714,"mean_preserving_scaled_beta","bounded_natural",0.06,0,-0.731842761957857,0.1,3.53553390593274,FALSE,TRUE,FALSE,0.1
1341,"region_rec_diffs(5,121)",0,-3,3,0,FALSE,"regional_recruitment_variation","region_rec_var",1289,NA,NA,NA,0,0,TRUE,NA,1341,1341,-0.00576688619961674,"mean_preserving_scaled_beta","bounded_natural",0.06,0,-0.0961147699936123,0.1,3.53553390593274,FALSE,TRUE,FALSE,0.1
1342,"region_rec_diffs(5,122)",0,-3,3,0,FALSE,"regional_recruitment_variation","region_rec_var",1290,NA,NA,NA,0,0,TRUE,NA,1342,1342,-0.0811289675342834,"mean_preserving_scaled_beta","bounded_natural",0.06,0,-1.35214945890472,0.1,3.53553390593274,FALSE,TRUE,FALSE,0.1
1343,"region_rec_diffs(5,123)",0,-3,3,0,FALSE,"regional_recruitment_variation","region_rec_var",1291,NA,NA,NA,0,0,TRUE,NA,1343,1343,0.0149916586780581,"mean_preserving_scaled_beta","bounded_natural",0.06,0,0.249860977967635,0.1,3.53553390593274,FALSE,TRUE,FALSE,0.1
1344,"region_rec_diffs(5,124)",0,-3,3,0,FALSE,"regional_recruitment_variation","region_rec_var",1292,NA,NA,NA,0,0,TRUE,NA,1344,1344,-0.0861400925614921,"mean_preserving_scaled_beta","bounded_natural",0.06,0,-1.4356682093582,0.1,3.53553390593274,FALSE,TRUE,FALSE,0.1
1345,"region_rec_diffs(5,125)",0,-3,3,0,FALSE,"regional_recruitment_variation","region_rec_var",1293,NA,NA,NA,0,0,TRUE,NA,1345,1345,-0.0272597575467328,"mean_preserving_scaled_beta","bounded_natural",0.06,0,-0.454329292445547,0.1,3.53553390593274,FALSE,TRUE,FALSE,0.1
1346,"region_rec_diffs(5,126)",0,-3,3,0,FALSE,"regional_recruitment_variation","region_rec_var",1294,NA,NA,NA,0,0,TRUE,NA,1346,1346,0.0746281947181542,"mean_preserving_scaled_beta","bounded_natural",0.06,0,1.24380324530257,0.1,3.53553390593274,FALSE,TRUE,FALSE,0.1
1347,"region_rec_diffs(5,127)",0,-3,3,0,FALSE,"regional_recruitment_variation","region_rec_var",1295,NA,NA,NA,0,0,TRUE,NA,1347,1347,-0.00557201279097352,"mean_preserving_scaled_beta","bounded_natural",0.06,0,-0.0928668798495587,0.1,3.53553390593274,FALSE,TRUE,FALSE,0.1
1348,"region_rec_diffs(5,128)",0,-3,3,0,FALSE,"regional_recruitment_variation","region_rec_var",1296,NA,NA,NA,0,0,TRUE,NA,1348,1348,0.0218218980320026,"mean_preserving_scaled_beta","bounded_natural",0.06,0,0.363698300533377,0.1,3.53553390593274,FALSE,TRUE,FALSE,0.1
1349,"region_rec_diffs(5,129)",0,-3,3,0,FALSE,"regional_recruitment_variation","region_rec_var",1297,NA,NA,NA,0,0,TRUE,NA,1349,1349,0.00345291235994871,"mean_preserving_scaled_beta","bounded_natural",0.06,0,0.0575485393324785,0.1,3.53553390593274,FALSE,TRUE,FALSE,0.1
1350,"region_rec_diffs(5,130)",0,-3,3,0,FALSE,"regional_recruitment_variation","region_rec_var",1298,NA,NA,NA,0,0,TRUE,NA,1350,1350,0.0630074022691751,"mean_preserving_scaled_beta","bounded_natural",0.06,0,1.05012337115292,0.1,3.53553390593274,FALSE,TRUE,FALSE,0.1
1351,"region_rec_diffs(5,131)",0,-3,3,0,FALSE,"regional_recruitment_variation","region_rec_var",1299,NA,NA,NA,0,0,TRUE,NA,1351,1351,0.14938267678358,"mean_preserving_scaled_beta","bounded_natural",0.06,0,2.48971127972632,0.1,3.53553390593274,FALSE,TRUE,FALSE,0.1
1352,"region_rec_diffs(5,132)",0,-3,3,0,FALSE,"regional_recruitment_variation","region_rec_var",1300,NA,NA,NA,0,0,TRUE,NA,1352,1352,-0.0429063393185922,"mean_preserving_scaled_beta","bounded_natural",0.06,0,-0.71510565530987,0.1,3.53553390593274,FALSE,TRUE,FALSE,0.1
1353,"region_rec_diffs(5,133)",0,-3,3,0,FALSE,"regional_recruitment_variation","region_rec_var",1301,NA,NA,NA,0,0,TRUE,NA,1353,1353,-0.0587818329739802,"mean_preserving_scaled_beta","bounded_natural",0.06,0,-0.979697216233003,0.1,3.53553390593274,FALSE,TRUE,FALSE,0.1
1354,"region_rec_diffs(5,134)",0,-3,3,0,FALSE,"regional_recruitment_variation","region_rec_var",1302,NA,NA,NA,0,0,TRUE,NA,1354,1354,0.114916344794877,"mean_preserving_scaled_beta","bounded_natural",0.06,0,1.91527241324795,0.1,3.53553390593274,FALSE,TRUE,FALSE,0.1
1355,"region_rec_diffs(5,135)",0,-3,3,0,FALSE,"regional_recruitment_variation","region_rec_var",1303,NA,NA,NA,0,0,TRUE,NA,1355,1355,-0.00750737769895693,"mean_preserving_scaled_beta","bounded_natural",0.06,0,-0.125122961649282,0.1,3.53553390593274,FALSE,TRUE,FALSE,0.1
1356,"region_rec_diffs(5,136)",0,-3,3,0,FALSE,"regional_recruitment_variation","region_rec_var",1304,NA,NA,NA,0,0,TRUE,NA,1356,1356,-0.0377146115693279,"mean_preserving_scaled_beta","bounded_natural",0.06,0,-0.628576859488798,0.1,3.53553390593274,FALSE,TRUE,FALSE,0.1
1357,"region_rec_diffs(5,137)",0,-3,3,0,FALSE,"regional_recruitment_variation","region_rec_var",1305,NA,NA,NA,0,0,TRUE,NA,1357,1357,0.0260401586645767,"mean_preserving_scaled_beta","bounded_natural",0.06,0,0.434002644409611,0.1,3.53553390593274,FALSE,TRUE,FALSE,0.1
1358,"region_rec_diffs(5,138)",0,-3,3,0,FALSE,"regional_recruitment_variation","region_rec_var",1306,NA,NA,NA,0,0,TRUE,NA,1358,1358,0.0453291239731559,"mean_preserving_scaled_beta","bounded_natural",0.06,0,0.755485399552598,0.1,3.53553390593274,FALSE,TRUE,FALSE,0.1
1359,"region_rec_diffs(5,139)",0,-3,3,0,FALSE,"regional_recruitment_variation","region_rec_var",1307,NA,NA,NA,0,0,TRUE,NA,1359,1359,0.053487074836621,"mean_preserving_scaled_beta","bounded_natural",0.06,0,0.891451247277016,0.1,3.53553390593274,FALSE,TRUE,FALSE,0.1
1360,"region_rec_diffs(5,140)",0,-3,3,0,FALSE,"regional_recruitment_variation","region_rec_var",1308,NA,NA,NA,0,0,TRUE,NA,1360,1360,-0.0993134596286351,"mean_preserving_scaled_beta","bounded_natural",0.06,0,-1.65522432714392,0.1,3.53553390593274,FALSE,TRUE,FALSE,0.1
1361,"region_rec_diffs(5,141)",0,-3,3,0,FALSE,"regional_recruitment_variation","region_rec_var",1309,NA,NA,NA,0,0,TRUE,NA,1361,1361,0.0339202830967804,"mean_preserving_scaled_beta","bounded_natural",0.06,0,0.565338051613007,0.1,3.53553390593274,FALSE,TRUE,FALSE,0.1
1362,"region_rec_diffs(5,142)",0,-3,3,0,FALSE,"regional_recruitment_variation","region_rec_var",1310,NA,NA,NA,0,0,TRUE,NA,1362,1362,0.00584057470107791,"mean_preserving_scaled_beta","bounded_natural",0.06,0,0.0973429116846317,0.1,3.53553390593274,FALSE,TRUE,FALSE,0.1
1363,"region_rec_diffs(5,143)",0,-3,3,0,FALSE,"regional_recruitment_variation","region_rec_var",1311,NA,NA,NA,0,0,TRUE,NA,1363,1363,-0.0347318302611255,"mean_preserving_scaled_beta","bounded_natural",0.06,0,-0.578863837685424,0.1,3.53553390593274,FALSE,TRUE,FALSE,0.1
1364,"region_rec_diffs(5,144)",0,-3,3,0,FALSE,"regional_recruitment_variation","region_rec_var",1312,NA,NA,NA,0,0,TRUE,NA,1364,1364,-0.12020948093773,"mean_preserving_scaled_beta","bounded_natural",0.06,0,-2.00349134896217,0.1,3.53553390593274,FALSE,TRUE,FALSE,0.1
1365,"region_rec_diffs(5,145)",0,-3,3,0,FALSE,"regional_recruitment_variation","region_rec_var",1313,NA,NA,NA,0,0,TRUE,NA,1365,1365,0.105714214235035,"mean_preserving_scaled_beta","bounded_natural",0.06,0,1.76190357058392,0.1,3.53553390593274,FALSE,TRUE,FALSE,0.1
1366,"region_rec_diffs(5,146)",0,-3,3,0,FALSE,"regional_recruitment_variation","region_rec_var",1314,NA,NA,NA,0,0,TRUE,NA,1366,1366,0.080086913232674,"mean_preserving_scaled_beta","bounded_natural",0.06,0,1.33478188721123,0.1,3.53553390593274,FALSE,TRUE,FALSE,0.1
1367,"region_rec_diffs(5,147)",0,-3,3,0,FALSE,"regional_recruitment_variation","region_rec_var",1315,NA,NA,NA,0,0,TRUE,NA,1367,1367,0.0449416256119228,"mean_preserving_scaled_beta","bounded_natural",0.06,0,0.749027093532047,0.1,3.53553390593274,FALSE,TRUE,FALSE,0.1
1368,"region_rec_diffs(5,148)",0,-3,3,0,FALSE,"regional_recruitment_variation","region_rec_var",1316,NA,NA,NA,0,0,TRUE,NA,1368,1368,-0.0450779945088335,"mean_preserving_scaled_beta","bounded_natural",0.06,0,-0.751299908480559,0.1,3.53553390593274,FALSE,TRUE,FALSE,0.1
1369,"region_rec_diffs(5,149)",0,-3,3,0,FALSE,"regional_recruitment_variation","region_rec_var",1317,NA,NA,NA,0,0,TRUE,NA,1369,1369,-0.00982706902504349,"mean_preserving_scaled_beta","bounded_natural",0.06,0,-0.163784483750725,0.1,3.53553390593274,FALSE,TRUE,FALSE,0.1
1370,"region_rec_diffs(5,150)",0,-3,3,0,FALSE,"regional_recruitment_variation","region_rec_var",1318,NA,NA,NA,0,0,TRUE,NA,1370,1370,-0.045734289421187,"mean_preserving_scaled_beta","bounded_natural",0.06,0,-0.762238157019782,0.1,3.53553390593274,FALSE,TRUE,FALSE,0.1
1371,"region_rec_diffs(5,151)",0,-3,3,0,FALSE,"regional_recruitment_variation","region_rec_var",1319,NA,NA,NA,0,0,TRUE,NA,1371,1371,0.0278256296202297,"mean_preserving_scaled_beta","bounded_natural",0.06,0,0.463760493670495,0.1,3.53553390593274,FALSE,TRUE,FALSE,0.1
1372,"region_rec_diffs(5,152)",0,-3,3,0,FALSE,"regional_recruitment_variation","region_rec_var",1320,NA,NA,NA,0,0,TRUE,NA,1372,1372,0.00335537461278745,"mean_preserving_scaled_beta","bounded_natural",0.06,0,0.0559229102131242,0.1,3.53553390593274,FALSE,TRUE,FALSE,0.1
1373,"region_rec_diffs(5,153)",0,-3,3,0,FALSE,"regional_recruitment_variation","region_rec_var",1321,NA,NA,NA,0,0,TRUE,NA,1373,1373,-0.00917626260314464,"mean_preserving_scaled_beta","bounded_natural",0.06,0,-0.152937710052411,0.1,3.53553390593274,FALSE,TRUE,FALSE,0.1
1374,"region_rec_diffs(5,154)",0,-3,3,0,FALSE,"regional_recruitment_variation","region_rec_var",1322,NA,NA,NA,0,0,TRUE,NA,1374,1374,-0.118539402257869,"mean_preserving_scaled_beta","bounded_natural",0.06,0,-1.97565670429781,0.1,3.53553390593274,FALSE,TRUE,FALSE,0.1
1375,"region_rec_diffs(5,155)",0,-3,3,0,FALSE,"regional_recruitment_variation","region_rec_var",1323,NA,NA,NA,0,0,TRUE,NA,1375,1375,0.0292779639328815,"mean_preserving_scaled_beta","bounded_natural",0.06,0,0.487966065548025,0.1,3.53553390593274,FALSE,TRUE,FALSE,0.1
1376,"region_rec_diffs(5,156)",0,-3,3,0,FALSE,"regional_recruitment_variation","region_rec_var",1324,NA,NA,NA,0,0,TRUE,NA,1376,1376,0.0287079062392914,"mean_preserving_scaled_beta","bounded_natural",0.06,0,0.47846510398819,0.1,3.53553390593274,FALSE,TRUE,FALSE,0.1
1377,"region_rec_diffs(5,157)",0,-3,3,0,FALSE,"regional_recruitment_variation","region_rec_var",1325,NA,NA,NA,0,0,TRUE,NA,1377,1377,-0.120187379487361,"mean_preserving_scaled_beta","bounded_natural",0.06,0,-2.00312299145602,0.1,3.53553390593274,FALSE,TRUE,FALSE,0.1
1378,"region_rec_diffs(5,158)",0,-3,3,0,FALSE,"regional_recruitment_variation","region_rec_var",1326,NA,NA,NA,0,0,TRUE,NA,1378,1378,0.132199911334845,"mean_preserving_scaled_beta","bounded_natural",0.06,0,2.20333185558075,0.1,3.53553390593274,FALSE,TRUE,FALSE,0.1
1379,"region_rec_diffs(5,159)",0,-3,3,0,FALSE,"regional_recruitment_variation","region_rec_var",1327,NA,NA,NA,0,0,TRUE,NA,1379,1379,-0.0370382816700965,"mean_preserving_scaled_beta","bounded_natural",0.06,0,-0.617304694501608,0.1,3.53553390593274,FALSE,TRUE,FALSE,0.1
1380,"region_rec_diffs(5,160)",0,-3,3,0,FALSE,"regional_recruitment_variation","region_rec_var",1328,NA,NA,NA,0,0,TRUE,NA,1380,1380,0.0914810095830472,"mean_preserving_scaled_beta","bounded_natural",0.06,0,1.52468349305079,0.1,3.53553390593274,FALSE,TRUE,FALSE,0.1
1381,"region_rec_diffs(5,161)",0,-3,3,0,FALSE,"regional_recruitment_variation","region_rec_var",1329,NA,NA,NA,0,0,TRUE,NA,1381,1381,-0.0405331272350349,"mean_preserving_scaled_beta","bounded_natural",0.06,0,-0.675552120583915,0.1,3.53553390593274,FALSE,TRUE,FALSE,0.1
1382,"region_rec_diffs(5,162)",0,-3,3,0,FALSE,"regional_recruitment_variation","region_rec_var",1330,NA,NA,NA,0,0,TRUE,NA,1382,1382,0.0311936488063123,"mean_preserving_scaled_beta","bounded_natural",0.06,0,0.519894146771871,0.1,3.53553390593274,FALSE,TRUE,FALSE,0.1
1383,"region_rec_diffs(5,163)",0,-3,3,0,FALSE,"regional_recruitment_variation","region_rec_var",1331,NA,NA,NA,0,0,TRUE,NA,1383,1383,0.00558984752785019,"mean_preserving_scaled_beta","bounded_natural",0.06,0,0.0931641254641698,0.1,3.53553390593274,FALSE,TRUE,FALSE,0.1
1384,"region_rec_diffs(5,164)",0,-3,3,0,FALSE,"regional_recruitment_variation","region_rec_var",1332,NA,NA,NA,0,0,TRUE,NA,1384,1384,-0.0900190483554875,"mean_preserving_scaled_beta","bounded_natural",0.06,0,-1.50031747259146,0.1,3.53553390593274,FALSE,TRUE,FALSE,0.1
1385,"region_rec_diffs(5,165)",0,-3,3,0,FALSE,"regional_recruitment_variation","region_rec_var",1333,NA,NA,NA,0,0,TRUE,NA,1385,1385,0.0596250750995981,"mean_preserving_scaled_beta","bounded_natural",0.06,0,0.993751251659969,0.1,3.53553390593274,FALSE,TRUE,FALSE,0.1
1386,"region_rec_diffs(5,166)",0,-3,3,0,FALSE,"regional_recruitment_variation","region_rec_var",1334,NA,NA,NA,0,0,TRUE,NA,1386,1386,0.106345866259478,"mean_preserving_scaled_beta","bounded_natural",0.06,0,1.77243110432463,0.1,3.53553390593274,FALSE,TRUE,FALSE,0.1
1387,"region_rec_diffs(5,167)",0,-3,3,0,FALSE,"regional_recruitment_variation","region_rec_var",1335,NA,NA,NA,0,0,TRUE,NA,1387,1387,0.036225835410435,"mean_preserving_scaled_beta","bounded_natural",0.06,0,0.60376392350725,0.1,3.53553390593274,FALSE,TRUE,FALSE,0.1
1388,"region_rec_diffs(5,168)",0,-3,3,0,FALSE,"regional_recruitment_variation","region_rec_var",1336,NA,NA,NA,0,0,TRUE,NA,1388,1388,0.0265835547646476,"mean_preserving_scaled_beta","bounded_natural",0.06,0,0.44305924607746,0.1,3.53553390593274,FALSE,TRUE,FALSE,0.1
1389,"region_rec_diffs(5,169)",0,-3,3,0,FALSE,"regional_recruitment_variation","region_rec_var",1337,NA,NA,NA,0,0,TRUE,NA,1389,1389,0.0270632532612369,"mean_preserving_scaled_beta","bounded_natural",0.06,0,0.451054221020615,0.1,3.53553390593274,FALSE,TRUE,FALSE,0.1
1390,"region_rec_diffs(5,170)",0,-3,3,0,FALSE,"regional_recruitment_variation","region_rec_var",1338,NA,NA,NA,0,0,TRUE,NA,1390,1390,-0.047869666170703,"mean_preserving_scaled_beta","bounded_natural",0.06,0,-0.797827769511716,0.1,3.53553390593274,FALSE,TRUE,FALSE,0.1
1391,"region_rec_diffs(5,171)",0,-3,3,0,FALSE,"regional_recruitment_variation","region_rec_var",1339,NA,NA,NA,0,0,TRUE,NA,1391,1391,0.010537197433929,"mean_preserving_scaled_beta","bounded_natural",0.06,0,0.17561995723215,0.1,3.53553390593274,FALSE,TRUE,FALSE,0.1
1392,"region_rec_diffs(5,172)",0,-3,3,0,FALSE,"regional_recruitment_variation","region_rec_var",1340,NA,NA,NA,0,0,TRUE,NA,1392,1392,-0.0545435597694492,"mean_preserving_scaled_beta","bounded_natural",0.06,0,-0.909059329490821,0.1,3.53553390593274,FALSE,TRUE,FALSE,0.1
1393,"region_rec_diffs(5,173)",0,-3,3,0,FALSE,"regional_recruitment_variation","region_rec_var",1341,NA,NA,NA,0,0,TRUE,NA,1393,1393,0.00538288445378843,"mean_preserving_scaled_beta","bounded_natural",0.06,0,0.0897147408964738,0.1,3.53553390593274,FALSE,TRUE,FALSE,0.1
1394,"region_rec_diffs(5,174)",0,-3,3,0,FALSE,"regional_recruitment_variation","region_rec_var",1342,NA,NA,NA,0,0,TRUE,NA,1394,1394,0.0483337283448533,"mean_preserving_scaled_beta","bounded_natural",0.06,0,0.805562139080888,0.1,3.53553390593274,FALSE,TRUE,FALSE,0.1
1395,"region_rec_diffs(5,175)",0,-3,3,0,FALSE,"regional_recruitment_variation","region_rec_var",1343,NA,NA,NA,0,0,TRUE,NA,1395,1395,0.0415161609338091,"mean_preserving_scaled_beta","bounded_natural",0.06,0,0.691936015563484,0.1,3.53553390593274,FALSE,TRUE,FALSE,0.1
1396,"region_rec_diffs(5,176)",0,-3,3,0,FALSE,"regional_recruitment_variation","region_rec_var",1344,NA,NA,NA,0,0,TRUE,NA,1396,1396,-0.104288568570693,"mean_preserving_scaled_beta","bounded_natural",0.06,0,-1.73814280951154,0.1,3.53553390593274,FALSE,TRUE,FALSE,0.1
1397,"region_rec_diffs(5,177)",0,-3,3,0,FALSE,"regional_recruitment_variation","region_rec_var",1345,NA,NA,NA,0,0,TRUE,NA,1397,1397,0.023636320019393,"mean_preserving_scaled_beta","bounded_natural",0.06,0,0.393938666989883,0.1,3.53553390593274,FALSE,TRUE,FALSE,0.1
1398,"region_rec_diffs(5,178)",0,-3,3,0,FALSE,"regional_recruitment_variation","region_rec_var",1346,NA,NA,NA,0,0,TRUE,NA,1398,1398,0.113467957253556,"mean_preserving_scaled_beta","bounded_natural",0.06,0,1.8911326208926,0.1,3.53553390593274,FALSE,TRUE,FALSE,0.1
1399,"region_rec_diffs(5,179)",0,-3,3,0,FALSE,"regional_recruitment_variation","region_rec_var",1347,NA,NA,NA,0,0,TRUE,NA,1399,1399,-0.063999094835494,"mean_preserving_scaled_beta","bounded_natural",0.06,0,-1.06665158059157,0.1,3.53553390593274,FALSE,TRUE,FALSE,0.1
1400,"region_rec_diffs(5,180)",0,-3,3,0,FALSE,"regional_recruitment_variation","region_rec_var",1348,NA,NA,NA,0,0,TRUE,NA,1400,1400,-0.0350128549406579,"mean_preserving_scaled_beta","bounded_natural",0.06,0,-0.583547582344298,0.1,3.53553390593274,FALSE,TRUE,FALSE,0.1
1401,"region_rec_diffs(5,181)",0,-3,3,0,FALSE,"regional_recruitment_variation","region_rec_var",1349,NA,NA,NA,0,0,TRUE,NA,1401,1401,0.0275601901509113,"mean_preserving_scaled_beta","bounded_natural",0.06,0,0.459336502515188,0.1,3.53553390593274,FALSE,TRUE,FALSE,0.1
1402,"region_rec_diffs(5,182)",0,-3,3,0,FALSE,"regional_recruitment_variation","region_rec_var",1350,NA,NA,NA,0,0,TRUE,NA,1402,1402,-0.107149287463252,"mean_preserving_scaled_beta","bounded_natural",0.06,0,-1.78582145772087,0.1,3.53553390593274,FALSE,TRUE,FALSE,0.1
1403,"region_rec_diffs(5,183)",0,-3,3,0,FALSE,"regional_recruitment_variation","region_rec_var",1351,NA,NA,NA,0,0,TRUE,NA,1403,1403,0.00569899035638688,"mean_preserving_scaled_beta","bounded_natural",0.06,0,0.094983172606448,0.1,3.53553390593274,FALSE,TRUE,FALSE,0.1
1404,"region_rec_diffs(5,184)",0,-3,3,0,FALSE,"regional_recruitment_variation","region_rec_var",1352,NA,NA,NA,0,0,TRUE,NA,1404,1404,-0.00280765496836421,"mean_preserving_scaled_beta","bounded_natural",0.06,0,-0.0467942494727369,0.1,3.53553390593274,FALSE,TRUE,FALSE,0.1
1405,"region_rec_diffs(5,185)",0,-3,3,0,FALSE,"regional_recruitment_variation","region_rec_var",1353,NA,NA,NA,0,0,TRUE,NA,1405,1405,-0.0355585075518685,"mean_preserving_scaled_beta","bounded_natural",0.06,0,-0.592641792531142,0.1,3.53553390593274,FALSE,TRUE,FALSE,0.1
1406,"region_rec_diffs(5,186)",0,-3,3,0,FALSE,"regional_recruitment_variation","region_rec_var",1354,NA,NA,NA,0,0,TRUE,NA,1406,1406,-0.0447245048825167,"mean_preserving_scaled_beta","bounded_natural",0.06,0,-0.745408414708611,0.1,3.53553390593274,FALSE,TRUE,FALSE,0.1
1407,"region_rec_diffs(5,187)",0,-3,3,0,FALSE,"regional_recruitment_variation","region_rec_var",1355,NA,NA,NA,0,0,TRUE,NA,1407,1407,-0.000965067181546431,"mean_preserving_scaled_beta","bounded_natural",0.06,0,-0.0160844530257738,0.1,3.53553390593274,FALSE,TRUE,FALSE,0.1
1408,"region_rec_diffs(5,188)",0,-3,3,0,FALSE,"regional_recruitment_variation","region_rec_var",1356,NA,NA,NA,0,0,TRUE,NA,1408,1408,0.0146187242869114,"mean_preserving_scaled_beta","bounded_natural",0.06,0,0.243645404781856,0.1,3.53553390593274,FALSE,TRUE,FALSE,0.1
1409,"region_rec_diffs(5,189)",0,-3,3,0,FALSE,"regional_recruitment_variation","region_rec_var",1357,NA,NA,NA,0,0,TRUE,NA,1409,1409,0.00635452890172594,"mean_preserving_scaled_beta","bounded_natural",0.06,0,0.105908815028766,0.1,3.53553390593274,FALSE,TRUE,FALSE,0.1
1410,"region_rec_diffs(5,190)",0,-3,3,0,FALSE,"regional_recruitment_variation","region_rec_var",1358,NA,NA,NA,0,0,TRUE,NA,1410,1410,0.0280409713694079,"mean_preserving_scaled_beta","bounded_natural",0.06,0,0.467349522823464,0.1,3.53553390593274,FALSE,TRUE,FALSE,0.1
1411,"region_rec_diffs(5,191)",0,-3,3,0,FALSE,"regional_recruitment_variation","region_rec_var",1359,NA,NA,NA,0,0,TRUE,NA,1411,1411,-0.0307148409402012,"mean_preserving_scaled_beta","bounded_natural",0.06,0,-0.511914015670019,0.1,3.53553390593274,FALSE,TRUE,FALSE,0.1
1412,"region_rec_diffs(5,192)",0,-3,3,0,FALSE,"regional_recruitment_variation","region_rec_var",1360,NA,NA,NA,0,0,TRUE,NA,1412,1412,-0.0418215557036028,"mean_preserving_scaled_beta","bounded_natural",0.06,0,-0.69702592839338,0.1,3.53553390593274,FALSE,TRUE,FALSE,0.1
1413,"region_rec_diffs(5,193)",0,-3,3,0,FALSE,"regional_recruitment_variation","region_rec_var",1361,NA,NA,NA,0,0,TRUE,NA,1413,1413,0.0528829348275153,"mean_preserving_scaled_beta","bounded_natural",0.06,0,0.881382247125254,0.1,3.53553390593274,FALSE,TRUE,FALSE,0.1
1414,"region_rec_diffs(5,194)",0,-3,3,0,FALSE,"regional_recruitment_variation","region_rec_var",1362,NA,NA,NA,0,0,TRUE,NA,1414,1414,-0.0546145522236703,"mean_preserving_scaled_beta","bounded_natural",0.06,0,-0.910242537061171,0.1,3.53553390593274,FALSE,TRUE,FALSE,0.1
1415,"region_rec_diffs(5,195)",0,-3,3,0,FALSE,"regional_recruitment_variation","region_rec_var",1363,NA,NA,NA,0,0,TRUE,NA,1415,1415,-0.103668100571337,"mean_preserving_scaled_beta","bounded_natural",0.06,0,-1.72780167618895,0.1,3.53553390593274,FALSE,TRUE,FALSE,0.1
1416,"region_rec_diffs(5,196)",0,-3,3,0,FALSE,"regional_recruitment_variation","region_rec_var",1364,NA,NA,NA,0,0,TRUE,NA,1416,1416,0.0155156805731615,"mean_preserving_scaled_beta","bounded_natural",0.06,0,0.258594676219359,0.1,3.53553390593274,FALSE,TRUE,FALSE,0.1
1417,"region_rec_diffs(5,197)",0,-3,3,0,FALSE,"regional_recruitment_variation","region_rec_var",1365,NA,NA,NA,0,0,TRUE,NA,1417,1417,0.00703214880883429,"mean_preserving_scaled_beta","bounded_natural",0.06,0,0.117202480147238,0.1,3.53553390593274,FALSE,TRUE,FALSE,0.1
1418,"region_rec_diffs(5,198)",0,-3,3,0,FALSE,"regional_recruitment_variation","region_rec_var",1366,NA,NA,NA,0,0,TRUE,NA,1418,1418,0.0293212553651339,"mean_preserving_scaled_beta","bounded_natural",0.06,0,0.488687589418898,0.1,3.53553390593274,FALSE,TRUE,FALSE,0.1
1419,"region_rec_diffs(5,199)",0,-3,3,0,FALSE,"regional_recruitment_variation","region_rec_var",1367,NA,NA,NA,0,0,TRUE,NA,1419,1419,-0.0242214522107571,"mean_preserving_scaled_beta","bounded_natural",0.06,0,-0.403690870179285,0.1,3.53553390593274,FALSE,TRUE,FALSE,0.1
1420,"region_rec_diffs(5,200)",0,-3,3,0,FALSE,"regional_recruitment_variation","region_rec_var",1368,NA,NA,NA,0,0,TRUE,NA,1420,1420,-0.0564184187109098,"mean_preserving_scaled_beta","bounded_natural",0.06,0,-0.940306978515163,0.1,3.53553390593274,FALSE,TRUE,FALSE,0.1
1421,"region_rec_diffs(5,201)",0,-3,3,0,FALSE,"regional_recruitment_variation","region_rec_var",1369,NA,NA,NA,0,0,TRUE,NA,1421,1421,-0.0054457182193377,"mean_preserving_scaled_beta","bounded_natural",0.06,0,-0.090761970322295,0.1,3.53553390593274,FALSE,TRUE,FALSE,0.1
1422,"region_rec_diffs(5,202)",0,-3,3,0,FALSE,"regional_recruitment_variation","region_rec_var",1370,NA,NA,NA,0,0,TRUE,NA,1422,1422,0.0415490245561525,"mean_preserving_scaled_beta","bounded_natural",0.06,0,0.692483742602542,0.1,3.53553390593274,FALSE,TRUE,FALSE,0.1
1423,"region_rec_diffs(5,203)",0,-3,3,0,FALSE,"regional_recruitment_variation","region_rec_var",1371,NA,NA,NA,0,0,TRUE,NA,1423,1423,0.0801589792422375,"mean_preserving_scaled_beta","bounded_natural",0.06,0,1.33598298737062,0.1,3.53553390593274,FALSE,TRUE,FALSE,0.1
1424,"region_rec_diffs(5,204)",0,-3,3,0,FALSE,"regional_recruitment_variation","region_rec_var",1372,NA,NA,NA,0,0,TRUE,NA,1424,1424,0.0524959129845768,"mean_preserving_scaled_beta","bounded_natural",0.06,0,0.87493188307628,0.1,3.53553390593274,FALSE,TRUE,FALSE,0.1
1425,"region_rec_diffs(5,205)",0,-3,3,0,FALSE,"regional_recruitment_variation","region_rec_var",1373,NA,NA,NA,0,0,TRUE,NA,1425,1425,0.0551211052397651,"mean_preserving_scaled_beta","bounded_natural",0.06,0,0.918685087329418,0.1,3.53553390593274,FALSE,TRUE,FALSE,0.1
1426,"region_rec_diffs(5,206)",0,-3,3,0,FALSE,"regional_recruitment_variation","region_rec_var",1374,NA,NA,NA,0,0,TRUE,NA,1426,1426,-0.0269367037422192,"mean_preserving_scaled_beta","bounded_natural",0.06,0,-0.448945062370321,0.1,3.53553390593274,FALSE,TRUE,FALSE,0.1
1427,"region_rec_diffs(5,207)",0,-3,3,0,FALSE,"regional_recruitment_variation","region_rec_var",1375,NA,NA,NA,0,0,TRUE,NA,1427,1427,-0.00715280003841112,"mean_preserving_scaled_beta","bounded_natural",0.06,0,-0.119213333973519,0.1,3.53553390593274,FALSE,TRUE,FALSE,0.1
1428,"region_rec_diffs(5,208)",0,-3,3,0,FALSE,"regional_recruitment_variation","region_rec_var",1376,NA,NA,NA,0,0,TRUE,NA,1428,1428,-0.162379227215572,"mean_preserving_scaled_beta","bounded_natural",0.06,0,-2.70632045359287,0.1,3.53553390593274,FALSE,TRUE,FALSE,0.1
1429,"region_rec_diffs(5,209)",0,-3,3,0,FALSE,"regional_recruitment_variation","region_rec_var",1377,NA,NA,NA,0,0,TRUE,NA,1429,1429,-0.00236183037997062,"mean_preserving_scaled_beta","bounded_natural",0.06,0,-0.039363839666177,0.1,3.53553390593274,FALSE,TRUE,FALSE,0.1
1430,"region_rec_diffs(5,210)",0,-3,3,0,FALSE,"regional_recruitment_variation","region_rec_var",1378,NA,NA,NA,0,0,TRUE,NA,1430,1430,0.00263783551428265,"mean_preserving_scaled_beta","bounded_natural",0.06,0,0.0439639252380441,0.1,3.53553390593274,FALSE,TRUE,FALSE,0.1
1431,"region_rec_diffs(5,211)",0,-3,3,0,FALSE,"regional_recruitment_variation","region_rec_var",1379,NA,NA,NA,0,0,TRUE,NA,1431,1431,-0.056675090381793,"mean_preserving_scaled_beta","bounded_natural",0.06,0,-0.944584839696549,0.1,3.53553390593274,FALSE,TRUE,FALSE,0.1
1432,"region_rec_diffs(5,212)",0,-3,3,0,FALSE,"regional_recruitment_variation","region_rec_var",1380,NA,NA,NA,0,0,TRUE,NA,1432,1432,-0.0178070365267988,"mean_preserving_scaled_beta","bounded_natural",0.06,0,-0.296783942113314,0.1,3.53553390593274,FALSE,TRUE,FALSE,0.1
1433,"region_rec_diffs(5,213)",0,-3,3,0,FALSE,"regional_recruitment_variation","region_rec_var",1381,NA,NA,NA,0,0,TRUE,NA,1433,1433,0.0556948890142914,"mean_preserving_scaled_beta","bounded_natural",0.06,0,0.92824815023819,0.1,3.53553390593274,FALSE,TRUE,FALSE,0.1
1434,"region_rec_diffs(5,214)",0,-3,3,0,FALSE,"regional_recruitment_variation","region_rec_var",1382,NA,NA,NA,0,0,TRUE,NA,1434,1434,0.0583104675766606,"mean_preserving_scaled_beta","bounded_natural",0.06,0,0.971841126277676,0.1,3.53553390593274,FALSE,TRUE,FALSE,0.1
1435,"region_rec_diffs(5,215)",0,-3,3,0,FALSE,"regional_recruitment_variation","region_rec_var",1383,NA,NA,NA,0,0,TRUE,NA,1435,1435,-0.0114233552313507,"mean_preserving_scaled_beta","bounded_natural",0.06,0,-0.190389253855846,0.1,3.53553390593274,FALSE,TRUE,FALSE,0.1
1436,"region_rec_diffs(5,216)",0,-3,3,0,FALSE,"regional_recruitment_variation","region_rec_var",1384,NA,NA,NA,0,0,TRUE,NA,1436,1436,0.0493388149931393,"mean_preserving_scaled_beta","bounded_natural",0.06,0,0.822313583218988,0.1,3.53553390593274,FALSE,TRUE,FALSE,0.1
1437,"region_rec_diffs(5,217)",0,-3,3,0,FALSE,"regional_recruitment_variation","region_rec_var",1385,NA,NA,NA,0,0,TRUE,NA,1437,1437,-0.0631233210457931,"mean_preserving_scaled_beta","bounded_natural",0.06,0,-1.05205535076322,0.1,3.53553390593274,FALSE,TRUE,FALSE,0.1
1438,"region_rec_diffs(5,218)",0,-3,3,0,FALSE,"regional_recruitment_variation","region_rec_var",1386,NA,NA,NA,0,0,TRUE,NA,1438,1438,0.058291052260032,"mean_preserving_scaled_beta","bounded_natural",0.06,0,0.971517537667199,0.1,3.53553390593274,FALSE,TRUE,FALSE,0.1
1439,"region_rec_diffs(5,219)",0,-3,3,0,FALSE,"regional_recruitment_variation","region_rec_var",1387,NA,NA,NA,0,0,TRUE,NA,1439,1439,0.00262155299836841,"mean_preserving_scaled_beta","bounded_natural",0.06,0,0.0436925499728069,0.1,3.53553390593274,FALSE,TRUE,FALSE,0.1
1440,"region_rec_diffs(5,220)",0,-3,3,0,FALSE,"regional_recruitment_variation","region_rec_var",1388,NA,NA,NA,0,0,TRUE,NA,1440,1440,-0.0629866225230518,"mean_preserving_scaled_beta","bounded_natural",0.06,0,-1.04977704205086,0.1,3.53553390593274,FALSE,TRUE,FALSE,0.1
1441,"region_rec_diffs(5,221)",0,-3,3,0,FALSE,"regional_recruitment_variation","region_rec_var",1389,NA,NA,NA,0,0,TRUE,NA,1441,1441,0.000582612416520245,"mean_preserving_scaled_beta","bounded_natural",0.06,0,0.00971020694200408,0.1,3.53553390593274,FALSE,TRUE,FALSE,0.1
1442,"region_rec_diffs(5,222)",0,-3,3,0,FALSE,"regional_recruitment_variation","region_rec_var",1390,NA,NA,NA,0,0,TRUE,NA,1442,1442,0.0344392566517699,"mean_preserving_scaled_beta","bounded_natural",0.06,0,0.573987610862832,0.1,3.53553390593274,FALSE,TRUE,FALSE,0.1
1443,"region_rec_diffs(5,223)",0,-3,3,0,FALSE,"regional_recruitment_variation","region_rec_var",1391,NA,NA,NA,0,0,TRUE,NA,1443,1443,-0.0232602021383732,"mean_preserving_scaled_beta","bounded_natural",0.06,0,-0.387670035639553,0.1,3.53553390593274,FALSE,TRUE,FALSE,0.1
1444,"region_rec_diffs(5,224)",0,-3,3,0,FALSE,"regional_recruitment_variation","region_rec_var",1392,NA,NA,NA,0,0,TRUE,NA,1444,1444,0.0419100970453883,"mean_preserving_scaled_beta","bounded_natural",0.06,0,0.698501617423138,0.1,3.53553390593274,FALSE,TRUE,FALSE,0.1
1445,"region_rec_diffs(5,225)",0,-3,3,0,FALSE,"regional_recruitment_variation","region_rec_var",1393,NA,NA,NA,0,0,TRUE,NA,1445,1445,-0.0185307486596558,"mean_preserving_scaled_beta","bounded_natural",0.06,0,-0.308845810994263,0.1,3.53553390593274,FALSE,TRUE,FALSE,0.1
1446,"region_rec_diffs(5,226)",0,-3,3,0,FALSE,"regional_recruitment_variation","region_rec_var",1394,NA,NA,NA,0,0,TRUE,NA,1446,1446,0.0151061454816079,"mean_preserving_scaled_beta","bounded_natural",0.06,0,0.251769091360132,0.1,3.53553390593274,FALSE,TRUE,FALSE,0.1
1447,"region_rec_diffs(5,227)",0,-3,3,0,FALSE,"regional_recruitment_variation","region_rec_var",1395,NA,NA,NA,0,0,TRUE,NA,1447,1447,0.0484638968054374,"mean_preserving_scaled_beta","bounded_natural",0.06,0,0.807731613423956,0.1,3.53553390593274,FALSE,TRUE,FALSE,0.1
1448,"region_rec_diffs(5,228)",0,-3,3,0,FALSE,"regional_recruitment_variation","region_rec_var",1396,NA,NA,NA,0,0,TRUE,NA,1448,1448,-0.010027154464205,"mean_preserving_scaled_beta","bounded_natural",0.06,0,-0.167119241070083,0.1,3.53553390593274,FALSE,TRUE,FALSE,0.1
1449,"region_rec_diffs(5,229)",0,-3,3,0,FALSE,"regional_recruitment_variation","region_rec_var",1397,NA,NA,NA,0,0,TRUE,NA,1449,1449,-0.039947469413359,"mean_preserving_scaled_beta","bounded_natural",0.06,0,-0.665791156889317,0.1,3.53553390593274,FALSE,TRUE,FALSE,0.1
1450,"region_rec_diffs(5,230)",0,-3,3,0,FALSE,"regional_recruitment_variation","region_rec_var",1398,NA,NA,NA,0,0,TRUE,NA,1450,1450,0.0134100354220106,"mean_preserving_scaled_beta","bounded_natural",0.06,0,0.223500590366843,0.1,3.53553390593274,FALSE,TRUE,FALSE,0.1
1451,"region_rec_diffs(5,231)",0,-3,3,0,FALSE,"regional_recruitment_variation","region_rec_var",1399,NA,NA,NA,0,0,TRUE,NA,1451,1451,0.0428850507276772,"mean_preserving_scaled_beta","bounded_natural",0.06,0,0.714750845461287,0.1,3.53553390593274,FALSE,TRUE,FALSE,0.1
1452,"region_rec_diffs(5,232)",0,-3,3,0,FALSE,"regional_recruitment_variation","region_rec_var",1400,NA,NA,NA,0,0,TRUE,NA,1452,1452,-0.141708018020211,"mean_preserving_scaled_beta","bounded_natural",0.06,0,-2.36180030033684,0.1,3.53553390593274,FALSE,TRUE,FALSE,0.1
1453,"region_rec_diffs(5,233)",0,-3,3,0,FALSE,"regional_recruitment_variation","region_rec_var",1401,NA,NA,NA,0,0,TRUE,NA,1453,1453,-0.109463905819251,"mean_preserving_scaled_beta","bounded_natural",0.06,0,-1.82439843032086,0.1,3.53553390593274,FALSE,TRUE,FALSE,0.1
1454,"region_rec_diffs(5,234)",0,-3,3,0,FALSE,"regional_recruitment_variation","region_rec_var",1402,NA,NA,NA,0,0,TRUE,NA,1454,1454,-0.0180259540475078,"mean_preserving_scaled_beta","bounded_natural",0.06,0,-0.300432567458464,0.1,3.53553390593274,FALSE,TRUE,FALSE,0.1
1455,"region_rec_diffs(5,235)",0,-3,3,0,FALSE,"regional_recruitment_variation","region_rec_var",1403,NA,NA,NA,0,0,TRUE,NA,1455,1455,0.0552240580620902,"mean_preserving_scaled_beta","bounded_natural",0.06,0,0.920400967701503,0.1,3.53553390593274,FALSE,TRUE,FALSE,0.1
1456,"region_rec_diffs(5,236)",0,-3,3,0,FALSE,"regional_recruitment_variation","region_rec_var",1404,NA,NA,NA,0,0,TRUE,NA,1456,1456,0.0732416411373791,"mean_preserving_scaled_beta","bounded_natural",0.06,0,1.22069401895632,0.1,3.53553390593274,FALSE,TRUE,FALSE,0.1
1457,"region_rec_diffs(5,237)",0,-3,3,0,FALSE,"regional_recruitment_variation","region_rec_var",1405,NA,NA,NA,0,0,TRUE,NA,1457,1457,-0.0571370179211117,"mean_preserving_scaled_beta","bounded_natural",0.06,0,-0.952283632018528,0.1,3.53553390593274,FALSE,TRUE,FALSE,0.1
1458,"region_rec_diffs(5,238)",0,-3,3,0,FALSE,"regional_recruitment_variation","region_rec_var",1406,NA,NA,NA,0,0,TRUE,NA,1458,1458,0.0516886481712984,"mean_preserving_scaled_beta","bounded_natural",0.06,0,0.861477469521639,0.1,3.53553390593274,FALSE,TRUE,FALSE,0.1
1459,"region_rec_diffs(5,239)",0,-3,3,0,FALSE,"regional_recruitment_variation","region_rec_var",1407,NA,NA,NA,0,0,TRUE,NA,1459,1459,-0.0119519529047758,"mean_preserving_scaled_beta","bounded_natural",0.06,0,-0.199199215079597,0.1,3.53553390593274,FALSE,TRUE,FALSE,0.1
1460,"region_rec_diffs(5,240)",0,-3,3,0,FALSE,"regional_recruitment_variation","region_rec_var",1408,NA,NA,NA,0,0,TRUE,NA,1460,1460,0.0232751080102949,"mean_preserving_scaled_beta","bounded_natural",0.06,0,0.387918466838248,0.1,3.53553390593274,FALSE,TRUE,FALSE,0.1
1461,"region_rec_diffs(5,241)",0,-3,3,0,FALSE,"regional_recruitment_variation","region_rec_var",1409,NA,NA,NA,0,0,TRUE,NA,1461,1461,-0.00650083377251454,"mean_preserving_scaled_beta","bounded_natural",0.06,0,-0.108347229541909,0.1,3.53553390593274,FALSE,TRUE,FALSE,0.1
1462,"region_rec_diffs(5,242)",0,-3,3,0,FALSE,"regional_recruitment_variation","region_rec_var",1410,NA,NA,NA,0,0,TRUE,NA,1462,1462,0.157304467461055,"mean_preserving_scaled_beta","bounded_natural",0.06,0,2.62174112435091,0.1,3.53553390593274,FALSE,TRUE,FALSE,0.1
1463,"region_rec_diffs(5,243)",0,-3,3,0,FALSE,"regional_recruitment_variation","region_rec_var",1411,NA,NA,NA,0,0,TRUE,NA,1463,1463,-0.0353575415046046,"mean_preserving_scaled_beta","bounded_natural",0.06,0,-0.589292358410076,0.1,3.53553390593274,FALSE,TRUE,FALSE,0.1
1464,"region_rec_diffs(5,244)",0,-3,3,0,FALSE,"regional_recruitment_variation","region_rec_var",1412,NA,NA,NA,0,0,TRUE,NA,1464,1464,0.0361860535205638,"mean_preserving_scaled_beta","bounded_natural",0.06,0,0.603100892009397,0.1,3.53553390593274,FALSE,TRUE,FALSE,0.1
1465,"region_rec_diffs(5,245)",0,-3,3,0,FALSE,"regional_recruitment_variation","region_rec_var",1413,NA,NA,NA,0,0,TRUE,NA,1465,1465,-0.0327539629310123,"mean_preserving_scaled_beta","bounded_natural",0.06,0,-0.545899382183538,0.1,3.53553390593274,FALSE,TRUE,FALSE,0.1
1466,"region_rec_diffs(5,246)",0,-3,3,0,FALSE,"regional_recruitment_variation","region_rec_var",1414,NA,NA,NA,0,0,TRUE,NA,1466,1466,-0.0939715469049967,"mean_preserving_scaled_beta","bounded_natural",0.06,0,-1.56619244841661,0.1,3.53553390593274,FALSE,TRUE,FALSE,0.1
1467,"region_rec_diffs(5,247)",0,-3,3,0,FALSE,"regional_recruitment_variation","region_rec_var",1415,NA,NA,NA,0,0,TRUE,NA,1467,1467,0.0301796889155956,"mean_preserving_scaled_beta","bounded_natural",0.06,0,0.502994815259927,0.1,3.53553390593274,FALSE,TRUE,FALSE,0.1
1468,"region_rec_diffs(5,248)",0,-3,3,0,FALSE,"regional_recruitment_variation","region_rec_var",1416,NA,NA,NA,0,0,TRUE,NA,1468,1468,0.00427264746813094,"mean_preserving_scaled_beta","bounded_natural",0.06,0,0.0712107911355157,0.1,3.53553390593274,FALSE,TRUE,FALSE,0.1
1469,"region_rec_diffs(5,249)",0,-3,3,0,FALSE,"regional_recruitment_variation","region_rec_var",1417,NA,NA,NA,0,0,TRUE,NA,1469,1469,-0.0508253217568582,"mean_preserving_scaled_beta","bounded_natural",0.06,0,-0.847088695947636,0.1,3.53553390593274,FALSE,TRUE,FALSE,0.1
1470,"region_rec_diffs(5,250)",0,-3,3,0,FALSE,"regional_recruitment_variation","region_rec_var",1418,NA,NA,NA,0,0,TRUE,NA,1470,1470,0.0333043068933949,"mean_preserving_scaled_beta","bounded_natural",0.06,0,0.555071781556582,0.1,3.53553390593274,FALSE,TRUE,FALSE,0.1
1471,"region_rec_diffs(5,251)",0,-3,3,0,FALSE,"regional_recruitment_variation","region_rec_var",1419,NA,NA,NA,0,0,TRUE,NA,1471,1471,-0.0361704658597248,"mean_preserving_scaled_beta","bounded_natural",0.06,0,-0.60284109766208,0.1,3.53553390593274,FALSE,TRUE,FALSE,0.1
1472,"region_rec_diffs(5,252)",0,-3,3,0,FALSE,"regional_recruitment_variation","region_rec_var",1420,NA,NA,NA,0,0,TRUE,NA,1472,1472,-0.00855075969150221,"mean_preserving_scaled_beta","bounded_natural",0.06,0,-0.142512661525037,0.1,3.53553390593274,FALSE,TRUE,FALSE,0.1
1473,"region_rec_diffs(5,253)",0,-3,3,0,FALSE,"regional_recruitment_variation","region_rec_var",1421,NA,NA,NA,0,0,TRUE,NA,1473,1473,-0.0676512434173531,"mean_preserving_scaled_beta","bounded_natural",0.06,0,-1.12752072362255,0.1,3.53553390593274,FALSE,TRUE,FALSE,0.1
1474,"region_rec_diffs(5,254)",0,-3,3,0,FALSE,"regional_recruitment_variation","region_rec_var",1422,NA,NA,NA,0,0,TRUE,NA,1474,1474,0.00938510944270288,"mean_preserving_scaled_beta","bounded_natural",0.06,0,0.156418490711715,0.1,3.53553390593274,FALSE,TRUE,FALSE,0.1
1475,"region_rec_diffs(5,255)",0,-3,3,0,FALSE,"regional_recruitment_variation","region_rec_var",1423,NA,NA,NA,0,0,TRUE,NA,1475,1475,-0.00906023803639755,"mean_preserving_scaled_beta","bounded_natural",0.06,0,-0.151003967273292,0.1,3.53553390593274,FALSE,TRUE,FALSE,0.1
1476,"region_rec_diffs(5,256)",0,-3,3,0,FALSE,"regional_recruitment_variation","region_rec_var",1424,NA,NA,NA,0,0,TRUE,NA,1476,1476,-0.0973933082634804,"mean_preserving_scaled_beta","bounded_natural",0.06,0,-1.62322180439134,0.1,3.53553390593274,FALSE,TRUE,FALSE,0.1
1477,"region_rec_diffs(5,257)",0,-3,3,0,FALSE,"regional_recruitment_variation","region_rec_var",1425,NA,NA,NA,0,0,TRUE,NA,1477,1477,-0.00645244333985096,"mean_preserving_scaled_beta","bounded_natural",0.06,0,-0.107540722330849,0.1,3.53553390593274,FALSE,TRUE,FALSE,0.1
1478,"region_rec_diffs(5,258)",0,-3,3,0,FALSE,"regional_recruitment_variation","region_rec_var",1426,NA,NA,NA,0,0,TRUE,NA,1478,1478,-0.147234468485161,"mean_preserving_scaled_beta","bounded_natural",0.06,0,-2.45390780808602,0.1,3.53553390593274,FALSE,TRUE,FALSE,0.1
1479,"region_rec_diffs(5,259)",0,-3,3,0,FALSE,"regional_recruitment_variation","region_rec_var",1427,NA,NA,NA,0,0,TRUE,NA,1479,1479,0.097642902040644,"mean_preserving_scaled_beta","bounded_natural",0.06,0,1.6273817006774,0.1,3.53553390593274,FALSE,TRUE,FALSE,0.1
1480,"region_rec_diffs(5,260)",0,-3,3,0,FALSE,"regional_recruitment_variation","region_rec_var",1428,NA,NA,NA,0,0,TRUE,NA,1480,1480,-0.0979254486054155,"mean_preserving_scaled_beta","bounded_natural",0.06,0,-1.63209081009026,0.1,3.53553390593274,FALSE,TRUE,FALSE,0.1
1481,"region_rec_diffs(5,261)",0,-3,3,0,FALSE,"regional_recruitment_variation","region_rec_var",1429,NA,NA,NA,0,0,TRUE,NA,1481,1481,0.00860946351641623,"mean_preserving_scaled_beta","bounded_natural",0.06,0,0.143491058606937,0.1,3.53553390593274,FALSE,TRUE,FALSE,0.1
1482,"region_rec_diffs(5,262)",0,-3,3,0,FALSE,"regional_recruitment_variation","region_rec_var",1430,NA,NA,NA,0,0,TRUE,NA,1482,1482,0.00186018945382393,"mean_preserving_scaled_beta","bounded_natural",0.06,0,0.0310031575637322,0.1,3.53553390593274,FALSE,TRUE,FALSE,0.1
1483,"region_rec_diffs(5,263)",0,-3,3,0,FALSE,"regional_recruitment_variation","region_rec_var",1431,NA,NA,NA,0,0,TRUE,NA,1483,1483,-0.0137833719767149,"mean_preserving_scaled_beta","bounded_natural",0.06,0,-0.229722866278581,0.1,3.53553390593274,FALSE,TRUE,FALSE,0.1
1484,"region_rec_diffs(5,264)",0,-3,3,0,FALSE,"regional_recruitment_variation","region_rec_var",1432,NA,NA,NA,0,0,TRUE,NA,1484,1484,-0.00319088896175135,"mean_preserving_scaled_beta","bounded_natural",0.06,0,-0.0531814826958558,0.1,3.53553390593274,FALSE,TRUE,FALSE,0.1
1485,"region_rec_diffs(5,265)",0,-3,3,0,FALSE,"regional_recruitment_variation","region_rec_var",1433,NA,NA,NA,0,0,TRUE,NA,1485,1485,-0.0928133187854367,"mean_preserving_scaled_beta","bounded_natural",0.06,0,-1.54688864642395,0.1,3.53553390593274,FALSE,TRUE,FALSE,0.1
1486,"region_rec_diffs(5,266)",0,-3,3,0,FALSE,"regional_recruitment_variation","region_rec_var",1434,NA,NA,NA,0,0,TRUE,NA,1486,1486,0.101003100980059,"mean_preserving_scaled_beta","bounded_natural",0.06,0,1.68338501633432,0.1,3.53553390593274,FALSE,TRUE,FALSE,0.1
1487,"region_rec_diffs(5,267)",0,-3,3,0,FALSE,"regional_recruitment_variation","region_rec_var",1435,NA,NA,NA,0,0,TRUE,NA,1487,1487,-0.0218190952089352,"mean_preserving_scaled_beta","bounded_natural",0.06,0,-0.363651586815587,0.1,3.53553390593274,FALSE,TRUE,FALSE,0.1
1488,"region_rec_diffs(5,268)",0,-3,3,0,FALSE,"regional_recruitment_variation","region_rec_var",1436,NA,NA,NA,0,0,TRUE,NA,1488,1488,-0.124341383443743,"mean_preserving_scaled_beta","bounded_natural",0.06,0,-2.07235639072905,0.1,3.53553390593274,FALSE,TRUE,FALSE,0.1
1489,"region_rec_diffs(5,269)",0,-3,3,0,FALSE,"regional_recruitment_variation","region_rec_var",1437,NA,NA,NA,0,0,TRUE,NA,1489,1489,0.0697030111609491,"mean_preserving_scaled_beta","bounded_natural",0.06,0,1.16171685268249,0.1,3.53553390593274,FALSE,TRUE,FALSE,0.1
1490,"region_rec_diffs(5,270)",0,-3,3,0,FALSE,"regional_recruitment_variation","region_rec_var",1438,NA,NA,NA,0,0,TRUE,NA,1490,1490,-0.0750943919957208,"mean_preserving_scaled_beta","bounded_natural",0.06,0,-1.25157319992868,0.1,3.53553390593274,FALSE,TRUE,FALSE,0.1
1491,"region_rec_diffs(5,271)",0,-3,3,0,FALSE,"regional_recruitment_variation","region_rec_var",1439,NA,NA,NA,0,0,TRUE,NA,1491,1491,0.035252660068378,"mean_preserving_scaled_beta","bounded_natural",0.06,0,0.587544334472967,0.1,3.53553390593274,FALSE,TRUE,FALSE,0.1
1492,"region_rec_diffs(5,272)",0,-3,3,0,FALSE,"regional_recruitment_variation","region_rec_var",1440,NA,NA,NA,0,0,TRUE,NA,1492,1492,-0.0612041349639982,"mean_preserving_scaled_beta","bounded_natural",0.06,0,-1.02006891606664,0.1,3.53553390593274,FALSE,TRUE,FALSE,0.1
1493,"region_rec_diffs(5,273)",0,-3,3,0,FALSE,"regional_recruitment_variation","region_rec_var",1441,NA,NA,NA,0,0,TRUE,NA,1493,1493,0.103592213536652,"mean_preserving_scaled_beta","bounded_natural",0.06,0,1.72653689227754,0.1,3.53553390593274,FALSE,TRUE,FALSE,0.1
1494,"region_rec_diffs(5,274)",0,-3,3,0,FALSE,"regional_recruitment_variation","region_rec_var",1442,NA,NA,NA,0,0,TRUE,NA,1494,1494,-0.111582582132004,"mean_preserving_scaled_beta","bounded_natural",0.06,0,-1.85970970220006,0.1,3.53553390593274,FALSE,TRUE,FALSE,0.1
1495,"region_rec_diffs(5,275)",0,-3,3,0,FALSE,"regional_recruitment_variation","region_rec_var",1443,NA,NA,NA,0,0,TRUE,NA,1495,1495,-0.119795206728154,"mean_preserving_scaled_beta","bounded_natural",0.06,0,-1.99658677880256,0.1,3.53553390593274,FALSE,TRUE,FALSE,0.1
1496,"region_rec_diffs(5,276)",0,-3,3,0,FALSE,"regional_recruitment_variation","region_rec_var",1444,NA,NA,NA,0,0,TRUE,NA,1496,1496,0.0591263011097509,"mean_preserving_scaled_beta","bounded_natural",0.06,0,0.985438351829182,0.1,3.53553390593274,FALSE,TRUE,FALSE,0.1
1497,"region_rec_diffs(5,277)",0,-3,3,0,FALSE,"regional_recruitment_variation","region_rec_var",1445,NA,NA,NA,0,0,TRUE,NA,1497,1497,-0.0206253803770551,"mean_preserving_scaled_beta","bounded_natural",0.06,0,-0.343756339617585,0.1,3.53553390593274,FALSE,TRUE,FALSE,0.1
1498,"region_rec_diffs(5,278)",0,-3,3,0,FALSE,"regional_recruitment_variation","region_rec_var",1446,NA,NA,NA,0,0,TRUE,NA,1498,1498,-0.0355016603555844,"mean_preserving_scaled_beta","bounded_natural",0.06,0,-0.591694339259741,0.1,3.53553390593274,FALSE,TRUE,FALSE,0.1
1499,"region_rec_diffs(5,279)",0,-3,3,0,FALSE,"regional_recruitment_variation","region_rec_var",1447,NA,NA,NA,0,0,TRUE,NA,1499,1499,-0.0829080578047208,"mean_preserving_scaled_beta","bounded_natural",0.06,0,-1.38180096341201,0.1,3.53553390593274,FALSE,TRUE,FALSE,0.1
1500,"region_rec_diffs(5,280)",0,-3,3,0,FALSE,"regional_recruitment_variation","region_rec_var",1448,NA,NA,NA,0,0,TRUE,NA,1500,1500,0.107391871015876,"mean_preserving_scaled_beta","bounded_natural",0.06,0,1.78986451693127,0.1,3.53553390593274,FALSE,TRUE,FALSE,0.1
1501,"region_rec_diffs(5,281)",0,-3,3,0,FALSE,"regional_recruitment_variation","region_rec_var",1449,NA,NA,NA,0,0,TRUE,NA,1501,1501,0.00118176657088664,"mean_preserving_scaled_beta","bounded_natural",0.06,0,0.0196961095147774,0.1,3.53553390593274,FALSE,TRUE,FALSE,0.1
1502,"region_rec_diffs(5,282)",0,-3,3,0,FALSE,"regional_recruitment_variation","region_rec_var",1450,NA,NA,NA,0,0,TRUE,NA,1502,1502,0.0513025514579244,"mean_preserving_scaled_beta","bounded_natural",0.06,0,0.85504252429874,0.1,3.53553390593274,FALSE,TRUE,FALSE,0.1
1503,"region_rec_diffs(5,283)",0,-3,3,0,FALSE,"regional_recruitment_variation","region_rec_var",1451,NA,NA,NA,0,0,TRUE,NA,1503,1503,0.0912747023386395,"mean_preserving_scaled_beta","bounded_natural",0.06,0,1.52124503897733,0.1,3.53553390593274,FALSE,TRUE,FALSE,0.1
1504,"region_rec_diffs(5,284)",0,-3,3,0,FALSE,"regional_recruitment_variation","region_rec_var",1452,NA,NA,NA,0,0,TRUE,NA,1504,1504,-0.0318254619201133,"mean_preserving_scaled_beta","bounded_natural",0.06,0,-0.530424365335221,0.1,3.53553390593274,FALSE,TRUE,FALSE,0.1
1505,"region_rec_diffs(5,285)",0,-3,3,0,FALSE,"regional_recruitment_variation","region_rec_var",1453,NA,NA,NA,0,0,TRUE,NA,1505,1505,-0.0299432631225183,"mean_preserving_scaled_beta","bounded_natural",0.06,0,-0.499054385375304,0.1,3.53553390593274,FALSE,TRUE,FALSE,0.1
1506,"region_rec_diffs(5,286)",0,-3,3,0,FALSE,"regional_recruitment_variation","region_rec_var",1454,NA,NA,NA,0,0,TRUE,NA,1506,1506,0.0165492000747851,"mean_preserving_scaled_beta","bounded_natural",0.06,0,0.275820001246418,0.1,3.53553390593274,FALSE,TRUE,FALSE,0.1
1507,"region_rec_diffs(5,287)",0,-3,3,0,FALSE,"regional_recruitment_variation","region_rec_var",1455,NA,NA,NA,0,0,TRUE,NA,1507,1507,0.0598159298322387,"mean_preserving_scaled_beta","bounded_natural",0.06,0,0.996932163870645,0.1,3.53553390593274,FALSE,TRUE,FALSE,0.1
1508,"region_rec_diffs(5,288)",0,-3,3,0,FALSE,"regional_recruitment_variation","region_rec_var",1456,NA,NA,NA,0,0,TRUE,NA,1508,1508,0.0297349473966939,"mean_preserving_scaled_beta","bounded_natural",0.06,0,0.495582456611565,0.1,3.53553390593274,FALSE,TRUE,FALSE,0.1
1509,"region_rec_diffs(5,289)",0,-3,3,0,FALSE,"regional_recruitment_variation","region_rec_var",1457,NA,NA,NA,0,0,TRUE,NA,1509,1509,-0.0616128044597257,"mean_preserving_scaled_beta","bounded_natural",0.06,0,-1.02688007432876,0.1,3.53553390593274,FALSE,TRUE,FALSE,0.1
1510,"region_rec_diffs(5,290)",0,-3,3,0,FALSE,"regional_recruitment_variation","region_rec_var",1458,NA,NA,NA,0,0,TRUE,NA,1510,1510,-0.0538142873494847,"mean_preserving_scaled_beta","bounded_natural",0.06,0,-0.896904789158078,0.1,3.53553390593274,FALSE,TRUE,FALSE,0.1
1511,"region_rec_diffs(5,291)",0,-3,3,0,FALSE,"regional_recruitment_variation","region_rec_var",1459,NA,NA,NA,0,0,TRUE,NA,1511,1511,0.0508354043042454,"mean_preserving_scaled_beta","bounded_natural",0.06,0,0.84725673840409,0.1,3.53553390593274,FALSE,TRUE,FALSE,0.1
1512,"bs_selcoff_gp:1(1,1,1,1)",-3.95467776683219,-20,7,0,FALSE,"selectivity_coff","fishery_sel_group",1,1,1,1,-3.95467776683219,0,TRUE,NA,1512,1512,-4.64739867977132,"mean_preserving_scaled_beta","bounded_natural",0.395467776683219,-3.95467776683219,-1.75164944853149,0.1,2.24378765526398,FALSE,TRUE,FALSE,0.1
1513,"bs_selcoff_gp:1(1,1,1,2)",-1.0845900620874,-20,7,0,FALSE,"selectivity_coff","fishery_sel_group",1,2,1,1,-1.0845900620874,0,TRUE,NA,1513,1513,-1.03622307196275,"mean_preserving_scaled_beta","bounded_natural",0.10845900620874,-1.0845900620874,0.445947199917775,0.1,6.97795812901248,FALSE,TRUE,FALSE,0.1
1514,"bs_selcoff_gp:1(1,1,1,3)",0.687621303720167,-20,7,0,FALSE,"selectivity_coff","fishery_sel_group",1,3,1,1,0.687621303720167,0,TRUE,NA,1514,1514,0.644117637120772,"mean_preserving_scaled_beta","bounded_natural",0.0687621303720167,0.687621303720167,-0.632668975845165,0.1,9.38060157795361,FALSE,TRUE,FALSE,0.1
1515,"bs_selcoff_gp:1(1,1,1,4)",0.283845363590221,-20,7,0,FALSE,"selectivity_coff","fishery_sel_group",1,4,1,1,0.283845363590221,0,TRUE,NA,1515,1515,0.274045494155949,"mean_preserving_scaled_beta","bounded_natural",0.0283845363590221,0.283845363590221,-0.345253813918875,0.1,23.7008953302377,FALSE,TRUE,FALSE,0.1
1516,"bs_selcoff_gp:1(1,1,1,5)",0.305143317180271,-20,7,0,FALSE,"selectivity_coff","fishery_sel_group",2,1,1,1,0.305143317180271,0,TRUE,NA,1516,1516,0.322827764779447,"mean_preserving_scaled_beta","bounded_natural",0.0305143317180271,0.305143317180271,0.579545629987659,0.1,21.9998674021615,FALSE,TRUE,FALSE,0.1
1517,"bs_selcoff_gp:2(2,1,1,1)",-4.30058860859932,-20,7,0,FALSE,"selectivity_coff","fishery_sel_group",1,1,2,2,-4.30058860859932,0,TRUE,NA,1517,1517,-4.53473393118113,"mean_preserving_scaled_beta","bounded_natural",0.430058860859932,-4.30058860859932,-0.544449478644913,0.1,2.0906621444789,FALSE,TRUE,FALSE,0.1
1518,"bs_selcoff_gp:2(2,1,1,2)",-2.23811323181978,-20,7,0,FALSE,"selectivity_coff","fishery_sel_group",1,2,2,2,-2.23811323181978,0,TRUE,NA,1518,1518,-2.65520047239749,"mean_preserving_scaled_beta","bounded_natural",0.223811323181978,-2.23811323181978,-1.86356630508178,0.1,3.64811535471664,FALSE,TRUE,FALSE,0.1
1519,"bs_selcoff_gp:2(2,1,1,3)",0.219925423065618,-20,7,0,FALSE,"selectivity_coff","fishery_sel_group",1,3,2,2,0.219925423065618,0,TRUE,NA,1519,1519,0.232710730668767,"mean_preserving_scaled_beta","bounded_natural",0.0219925423065618,0.219925423065618,0.58134741427027,0.1,30.7832192579431,FALSE,TRUE,FALSE,0.1
1520,"bs_selcoff_gp:2(2,1,1,4)",0.321274143273801,-20,7,0,FALSE,"selectivity_coff","fishery_sel_group",1,4,2,2,0.321274143273801,0,TRUE,NA,1520,1520,0.322059396863885,"mean_preserving_scaled_beta","bounded_natural",0.0321274143273801,0.321274143273801,0.024441854613096,0.1,20.8615436245635,FALSE,TRUE,FALSE,0.1
1521,"bs_selcoff_gp:2(2,1,1,5)",0.795964616892761,-20,7,0,FALSE,"selectivity_coff","fishery_sel_group",2,1,2,2,0.795964616892761,0,TRUE,NA,1521,1521,0.726000171993782,"mean_preserving_scaled_beta","bounded_natural",0.0795964616892761,0.795964616892761,-0.878989384881224,0.1,8.007417063566,FALSE,TRUE,FALSE,0.1
1522,"bs_selcoff_gp:3(3,1,1,1)",-5.1228782685877,-20,7,0,FALSE,"selectivity_coff","fishery_sel_group",1,1,3,3,-5.1228782685877,0,TRUE,NA,1522,1522,-5.10576228249129,"mean_preserving_scaled_beta","bounded_natural",0.51228782685877,-5.1228782685877,0.0334108780240978,0.1,1.80317222746095,FALSE,TRUE,FALSE,0.1
1523,"bs_selcoff_gp:3(3,1,1,2)",-2.31898704607659,-20,7,0,FALSE,"selectivity_coff","fishery_sel_group",1,2,3,3,-2.31898704607659,0,TRUE,NA,1523,1523,-2.6181915338802,"mean_preserving_scaled_beta","bounded_natural",0.231898704607659,-2.31898704607659,-1.29023785755866,0.1,3.53733161510061,FALSE,TRUE,FALSE,0.1
1524,"bs_selcoff_gp:3(3,1,1,3)",0.503562249838993,-20,7,0,FALSE,"selectivity_coff","fishery_sel_group",1,3,3,3,0.503562249838993,0,TRUE,NA,1524,1524,0.523749554183365,"mean_preserving_scaled_beta","bounded_natural",0.0503562249838993,0.503562249838993,0.400889946592035,0.1,13.0635273512476,FALSE,TRUE,FALSE,0.1
1525,"bs_selcoff_gp:3(3,1,1,4)",0.428042952058281,-20,7,0,FALSE,"selectivity_coff","fishery_sel_group",1,4,3,3,0.428042952058281,0,TRUE,NA,1525,1525,0.468608780046726,"mean_preserving_scaled_beta","bounded_natural",0.0428042952058281,0.428042952058281,0.947704612197926,0.1,15.4890894375652,FALSE,TRUE,FALSE,0.1
1526,"bs_selcoff_gp:3(3,1,1,5)",0.505070524696048,-20,7,0,FALSE,"selectivity_coff","fishery_sel_group",2,1,3,3,0.505070524696048,0,TRUE,NA,1526,1526,0.44078811209576,"mean_preserving_scaled_beta","bounded_natural",0.0505070524696048,0.505070524696048,-1.27274131942215,0.1,13.0224623551408,FALSE,TRUE,FALSE,0.1
1527,"bs_selcoff_gp:4(4,1,1,1)",-4.15622969891188,-20,7,0,FALSE,"selectivity_coff","fishery_sel_group",1,1,4,4,-4.15622969891188,0,TRUE,NA,1527,1527,-5.10851448159149,"mean_preserving_scaled_beta","bounded_natural",0.415622969891188,-4.15622969891188,-2.29122269861294,0.1,2.15171051038765,FALSE,TRUE,FALSE,0.1
1528,"bs_selcoff_gp:4(4,1,1,2)",-0.368399923798282,-20,7,0,FALSE,"selectivity_coff","fishery_sel_group",1,2,4,4,-0.368399923798282,0,TRUE,NA,1528,1528,-0.303380358223045,"mean_preserving_scaled_beta","bounded_natural",0.0368399923798282,-0.368399923798282,1.7649179974,0.1,19.3993389560423,FALSE,TRUE,FALSE,0.1
1529,"bs_selcoff_gp:4(4,1,1,3)",0.288349141344479,-20,7,0,FALSE,"selectivity_coff","fishery_sel_group",1,3,4,4,0.288349141344479,0,TRUE,NA,1529,1529,0.273586099717491,"mean_preserving_scaled_beta","bounded_natural",0.0288349141344479,0.288349141344479,-0.511984934588433,0.1,23.3202474875567,FALSE,TRUE,FALSE,0.1
1530,"bs_selcoff_gp:4(4,1,1,4)",0.527894144011888,-20,7,0,FALSE,"selectivity_coff","fishery_sel_group",1,4,4,4,0.527894144011888,0,TRUE,NA,1530,1530,0.531922240076451,"mean_preserving_scaled_beta","bounded_natural",0.0527894144011888,0.527894144011888,0.0763049961863516,0.1,12.4296539470402,FALSE,TRUE,FALSE,0.1
1531,"bs_selcoff_gp:4(4,1,1,5)",0.217952109348339,-20,7,0,FALSE,"selectivity_coff","fishery_sel_group",2,1,4,4,0.217952109348339,0,TRUE,NA,1531,1531,0.22448716114452,"mean_preserving_scaled_beta","bounded_natural",0.0217952109348339,0.217952109348339,0.299838887346418,0.1,31.0679398389176,FALSE,TRUE,FALSE,0.1
1532,"bs_selcoff_gp:5(5,1,1,1)",-3.29640052362498,-20,7,0,FALSE,"selectivity_coff","fishery_sel_group",1,1,5,5,-3.29640052362498,0,TRUE,NA,1532,1532,-2.96913889085533,"mean_preserving_scaled_beta","bounded_natural",0.329640052362498,-3.29640052362498,0.992784797915775,0.1,2.61694654993015,FALSE,TRUE,FALSE,0.1
1533,"bs_selcoff_gp:5(5,1,1,2)",-3.45636006834548,-20,7,0,FALSE,"selectivity_coff","fishery_sel_group",1,2,5,5,-3.45636006834548,0,TRUE,NA,1533,1533,-3.24416377368043,"mean_preserving_scaled_beta","bounded_natural",0.345636006834548,-3.45636006834548,0.613929944997371,0.1,2.51400808173793,FALSE,TRUE,FALSE,0.1
1534,"bs_selcoff_gp:5(5,1,1,3)",-2.99242061732569,-20,7,0,FALSE,"selectivity_coff","fishery_sel_group",1,3,5,5,-2.99242061732569,0,TRUE,NA,1534,1534,-3.11519545673864,"mean_preserving_scaled_beta","bounded_natural",0.299242061732569,-2.99242061732569,-0.410286036334929,0.1,2.84122375986624,FALSE,TRUE,FALSE,0.1
1535,"bs_selcoff_gp:5(5,1,1,4)",0.707112392349536,-20,7,0,FALSE,"selectivity_coff","fishery_sel_group",1,4,5,5,0.707112392349536,0,TRUE,NA,1535,1535,0.668685108626601,"mean_preserving_scaled_beta","bounded_natural",0.0707112392349536,0.707112392349536,-0.543439545660518,0.1,9.1026263906807,FALSE,TRUE,FALSE,0.1
1536,"bs_selcoff_gp:5(5,1,1,5)",1.0418614026139,-20,7,0,FALSE,"selectivity_coff","fishery_sel_group",2,1,5,5,1.0418614026139,0,TRUE,NA,1536,1536,0.955957520904761,"mean_preserving_scaled_beta","bounded_natural",0.10418614026139,1.0418614026139,-0.82452312268808,0.1,5.94691983056299,FALSE,TRUE,FALSE,0.1
1537,"bs_selcoff_gp:6(6,1,1,1)",-3.59812917284581,-20,7,0,FALSE,"selectivity_coff","fishery_sel_group",1,1,6,6,-3.59812917284581,0,TRUE,NA,1537,1537,-3.3261632458529,"mean_preserving_scaled_beta","bounded_natural",0.359812917284581,-3.59812917284581,0.755853705990782,0.1,2.43000679322247,FALSE,TRUE,FALSE,0.1
1538,"bs_selcoff_gp:6(6,1,1,2)",-1.10797770353226,-20,7,0,FALSE,"selectivity_coff","fishery_sel_group",1,2,6,6,-1.10797770353226,0,TRUE,NA,1538,1538,-1.10562226158668,"mean_preserving_scaled_beta","bounded_natural",0.110797770353226,-1.10797770353226,0.021258929110873,0.1,6.84248238447244,FALSE,TRUE,FALSE,0.1
1539,"bs_selcoff_gp:6(6,1,1,3)",0.667807672042137,-20,7,0,FALSE,"selectivity_coff","fishery_sel_group",1,3,6,6,0.667807672042137,0,TRUE,NA,1539,1539,0.709129038093089,"mean_preserving_scaled_beta","bounded_natural",0.0667807672042137,0.667807672042137,0.618761475509733,0.1,9.67975880996879,FALSE,TRUE,FALSE,0.1
1540,"bs_selcoff_gp:6(6,1,1,4)",0.762318788269205,-20,7,0,FALSE,"selectivity_coff","fishery_sel_group",1,4,6,6,0.762318788269205,0,TRUE,NA,1540,1540,0.752603407034368,"mean_preserving_scaled_beta","bounded_natural",0.0762318788269205,0.762318788269205,-0.127445123803068,0.1,8.39221138232358,FALSE,TRUE,FALSE,0.1
1541,"bs_selcoff_gp:6(6,1,1,5)",-0.629441250582772,-20,7,0,FALSE,"selectivity_coff","fishery_sel_group",2,1,6,6,-0.629441250582772,0,TRUE,NA,1541,1541,-0.628974411275234,"mean_preserving_scaled_beta","bounded_natural",0.0629441250582772,-0.629441250582772,0.00741672566115122,0.1,11.6055198796086,FALSE,TRUE,FALSE,0.1
1542,"bs_selcoff_gp:7(7,1,1,1)",-3.57009272228115,-20,7,0,FALSE,"selectivity_coff","fishery_sel_group",1,1,7,7,-3.57009272228115,0,TRUE,NA,1542,1542,-4.31259384126055,"mean_preserving_scaled_beta","bounded_natural",0.357009272228115,-3.57009272228115,-2.07978104979014,0.1,2.446121224313,FALSE,TRUE,FALSE,0.1
1543,"bs_selcoff_gp:7(7,1,1,2)",-1.6014706474344,-20,7,0,FALSE,"selectivity_coff","fishery_sel_group",1,2,7,7,-1.6014706474344,0,TRUE,NA,1543,1543,-1.44780403539848,"mean_preserving_scaled_beta","bounded_natural",0.16014706474344,-1.6014706474344,0.959534364754637,0.1,4.90043572273661,FALSE,TRUE,FALSE,0.1
1544,"bs_selcoff_gp:7(7,1,1,3)",-0.0308805796268707,-20,7,0,FALSE,"selectivity_coff","fishery_sel_group",1,3,7,7,-0.0308805796268707,0,TRUE,NA,1544,1544,-0.0269744006266883,"mean_preserving_scaled_beta","bounded_natural",0.00308805796268707,-0.0308805796268707,1.26493059631027,0.1,224.543220230247,FALSE,TRUE,FALSE,0.1
1545,"bs_selcoff_gp:7(7,1,1,4)",0.839451756860427,-20,7,0,FALSE,"selectivity_coff","fishery_sel_group",1,4,7,7,0.839451756860427,0,TRUE,NA,1545,1545,0.91011492344488,"mean_preserving_scaled_beta","bounded_natural",0.0839451756860427,0.839451756860427,0.841777576935866,0.1,7.555599916263,FALSE,TRUE,FALSE,0.1
1546,"bs_selcoff_gp:7(7,1,1,5)",0.385092467772541,-20,7,0,FALSE,"selectivity_coff","fishery_sel_group",2,1,7,7,0.385092467772541,0,TRUE,NA,1546,1546,0.380261253565205,"mean_preserving_scaled_beta","bounded_natural",0.0385092467772541,0.385092467772541,-0.125455951794655,0.1,17.2924319874235,FALSE,TRUE,FALSE,0.1
1547,"bs_selcoff_gp:8(8,1,1,1)",-2.83495563899842,-20,7,0,FALSE,"selectivity_coff","fishery_sel_group",1,1,8,8,-2.83495563899842,0,TRUE,NA,1547,1547,-2.71727292187161,"mean_preserving_scaled_beta","bounded_natural",0.283495563899842,-2.83495563899842,0.415113081516819,0.1,2.97539831770928,FALSE,TRUE,FALSE,0.1
1548,"bs_selcoff_gp:8(8,1,1,2)",-1.95047692625185,-20,7,0,FALSE,"selectivity_coff","fishery_sel_group",1,2,8,8,-1.95047692625185,0,TRUE,NA,1548,1548,-2.10840943277905,"mean_preserving_scaled_beta","bounded_natural",0.195047692625185,-1.95047692625185,-0.809712252432,0.1,4.1145793300974,FALSE,TRUE,FALSE,0.1
1549,"bs_selcoff_gp:8(8,1,1,3)",-0.488943642101354,-20,7,0,FALSE,"selectivity_coff","fishery_sel_group",1,3,8,8,-0.488943642101354,0,TRUE,NA,1549,1549,-0.484135160366275,"mean_preserving_scaled_beta","bounded_natural",0.0488943642101354,-0.488943642101354,0.0983442941279176,0.1,14.76749593851,FALSE,TRUE,FALSE,0.1
1550,"bs_selcoff_gp:8(8,1,1,4)",0.592405761489662,-20,7,0,FALSE,"selectivity_coff","fishery_sel_group",1,4,8,8,0.592405761489662,0,TRUE,NA,1550,1550,0.539497941595087,"mean_preserving_scaled_beta","bounded_natural",0.0592405761489662,0.592405761489662,-0.893101035370298,0.1,11.0006888756646,FALSE,TRUE,FALSE,0.1
1551,"bs_selcoff_gp:8(8,1,1,5)",0.846400338775943,-20,7,0,FALSE,"selectivity_coff","fishery_sel_group",2,1,8,8,0.846400338775943,0,TRUE,NA,1551,1551,0.941396958073884,"mean_preserving_scaled_beta","bounded_natural",0.0846400338775943,0.846400338775943,1.1223603647811,0.1,7.48769066560262,FALSE,TRUE,FALSE,0.1
1552,"bs_selcoff_gp:9(9,1,1,1)",-4.63073103991128,-20,7,0,FALSE,"selectivity_coff","fishery_sel_group",1,1,9,9,-4.63073103991128,0,TRUE,NA,1552,1552,-5.21039970877157,"mean_preserving_scaled_beta","bounded_natural",0.463073103991128,-4.63073103991128,-1.25178651894106,0.1,1.96418097366877,FALSE,TRUE,FALSE,0.1
1553,"bs_selcoff_gp:9(9,1,1,2)",-3.2427198675646,-20,7,0,FALSE,"selectivity_coff","fishery_sel_group",1,2,9,9,-3.2427198675646,0,TRUE,NA,1553,1553,-2.70992254856928,"mean_preserving_scaled_beta","bounded_natural",0.32427198675646,-3.2427198675646,1.64305688050528,0.1,2.65364237387302,FALSE,TRUE,FALSE,0.1
1554,"bs_selcoff_gp:9(9,1,1,3)",-0.853831767013961,-20,7,0,FALSE,"selectivity_coff","fishery_sel_group",1,3,9,9,-0.853831767013961,0,TRUE,NA,1554,1554,-0.857876338160256,"mean_preserving_scaled_beta","bounded_natural",0.0853831767013961,-0.853831767013961,-0.0473696494151283,0.1,8.70988282254515,FALSE,TRUE,FALSE,0.1
1555,"bs_selcoff_gp:9(9,1,1,4)",1.05824551591849,-20,7,0,FALSE,"selectivity_coff","fishery_sel_group",1,4,9,9,1.05824551591849,0,TRUE,NA,1555,1555,0.927086333404041,"mean_preserving_scaled_beta","bounded_natural",0.105824551591849,1.05824551591849,-1.23940220432317,0.1,5.84348092692406,FALSE,TRUE,FALSE,0.1
1556,"bs_selcoff_gp:9(9,1,1,5)",0.456504450615576,-20,7,0,FALSE,"selectivity_coff","fishery_sel_group",2,1,9,9,0.456504450615576,0,TRUE,NA,1556,1556,0.427750169288352,"mean_preserving_scaled_beta","bounded_natural",0.0456504450615576,0.456504450615576,-0.629879539804049,0.1,14.4808406916757,FALSE,TRUE,FALSE,0.1
1557,"bs_selcoff_gp:10(10,1,1,1)",-2.60696312872771,-20,7,0,FALSE,"selectivity_coff","fishery_sel_group",1,1,10,10,-2.60696312872771,0,TRUE,NA,1557,1557,-2.50663508974439,"mean_preserving_scaled_beta","bounded_natural",0.260696312872771,-2.60696312872771,0.384846405680791,0.1,3.19718309662,FALSE,TRUE,FALSE,0.1
1558,"bs_selcoff_gp:10(10,1,1,2)",-1.10741708169801,-20,7,0,FALSE,"selectivity_coff","fishery_sel_group",1,2,10,10,-1.10741708169801,0,TRUE,NA,1558,1558,-1.17524088481141,"mean_preserving_scaled_beta","bounded_natural",0.110741708169801,-1.10741708169801,-0.612450396822523,0.1,6.84566335755735,FALSE,TRUE,FALSE,0.1
1559,"bs_selcoff_gp:10(10,1,1,3)",0.243719491331859,-20,7,0,FALSE,"selectivity_coff","fishery_sel_group",1,3,10,10,0.243719491331859,0,TRUE,NA,1559,1559,0.269611156497998,"mean_preserving_scaled_beta","bounded_natural",0.0243719491331859,0.243719491331859,1.06235512903166,0.1,27.7129471501355,FALSE,TRUE,FALSE,0.1
1560,"bs_selcoff_gp:10(10,1,1,4)",0.513372874092294,-20,7,0,FALSE,"selectivity_coff","fishery_sel_group",1,4,10,10,0.513372874092294,0,TRUE,NA,1560,1560,0.488416067123811,"mean_preserving_scaled_beta","bounded_natural",0.0513372874092294,0.513372874092294,-0.486134118648348,0.1,12.800731803249,FALSE,TRUE,FALSE,0.1
1561,"bs_selcoff_gp:10(10,1,1,5)",0.469175944139284,-20,7,0,FALSE,"selectivity_coff","fishery_sel_group",2,1,10,10,0.469175944139284,0,TRUE,NA,1561,1561,0.502953476889282,"mean_preserving_scaled_beta","bounded_natural",0.0469175944139284,0.469175944139284,0.71993317585716,0.1,14.0712609979094,FALSE,TRUE,FALSE,0.1
1562,"bs_selcoff_gp:11(11,1,1,1)",-5.38991837206101,-20,7,0,FALSE,"selectivity_coff","fishery_sel_group",1,1,11,11,-5.38991837206101,0,TRUE,NA,1562,1562,-5.33035743073372,"mean_preserving_scaled_beta","bounded_natural",0.538991837206101,-5.38991837206101,0.110504347590916,0.1,1.72682066686053,FALSE,TRUE,FALSE,0.1
1563,"bs_selcoff_gp:11(11,1,1,2)",-2.86793802917736,-20,7,0,FALSE,"selectivity_coff","fishery_sel_group",1,2,11,11,-2.86793802917736,0,TRUE,NA,1563,1563,-2.90047953355079,"mean_preserving_scaled_beta","bounded_natural",0.286793802917736,-2.86793802917736,-0.113466553469304,0.1,2.94612570184402,FALSE,TRUE,FALSE,0.1
1564,"bs_selcoff_gp:11(11,1,1,3)",0.351622329195134,-20,7,0,FALSE,"selectivity_coff","fishery_sel_group",1,3,11,11,0.351622329195134,0,TRUE,NA,1564,1564,0.34796886407652,"mean_preserving_scaled_beta","bounded_natural",0.0351622329195134,0.351622329195134,-0.10390310328063,0.1,19.0028487509827,FALSE,TRUE,FALSE,0.1
1565,"bs_selcoff_gp:11(11,1,1,4)",0.777280043762282,-20,7,0,FALSE,"selectivity_coff","fishery_sel_group",1,4,11,11,0.777280043762282,0,TRUE,NA,1565,1565,0.769181440876196,"mean_preserving_scaled_beta","bounded_natural",0.0777280043762282,0.777280043762282,-0.104191570992695,0.1,8.21700746846632,FALSE,TRUE,FALSE,0.1
1566,"bs_selcoff_gp:11(11,1,1,5)",0.260947500040814,-20,7,0,FALSE,"selectivity_coff","fishery_sel_group",2,1,11,11,0.260947500040814,0,TRUE,NA,1566,1566,0.289750535345792,"mean_preserving_scaled_beta","bounded_natural",0.0260947500040814,0.260947500040814,1.10378659693898,0.1,25.8392846550023,FALSE,TRUE,FALSE,0.1
1567,"bs_selcoff_gp:12(12,1,1,1)",0.734212346042558,-20,7,0,FALSE,"selectivity_coff","fishery_sel_group",1,1,12,12,0.734212346042558,0,TRUE,NA,1567,1567,0.602638100540425,"mean_preserving_scaled_beta","bounded_natural",0.0734212346042558,0.734212346042558,-1.79204621403229,0.1,8.74058897166509,FALSE,TRUE,FALSE,0.1
1568,"bs_selcoff_gp:12(12,1,1,2)",0.635224424518864,-20,7,0,FALSE,"selectivity_coff","fishery_sel_group",1,2,12,12,0.635224424518864,0,TRUE,NA,1568,1568,0.675390751155359,"mean_preserving_scaled_beta","bounded_natural",0.0635224424518864,0.635224424518864,0.632317100636014,0.1,10.2121849881244,FALSE,TRUE,FALSE,0.1
1569,"bs_selcoff_gp:12(12,1,1,3)",-0.222244023197462,-20,7,0,FALSE,"selectivity_coff","fishery_sel_group",1,3,12,12,-0.222244023197462,0,TRUE,NA,1569,1569,-0.236080031820908,"mean_preserving_scaled_beta","bounded_natural",0.0222244023197462,-0.222244023197462,-0.622559312254403,0.1,31.7476938094575,FALSE,TRUE,FALSE,0.1
1570,"bs_selcoff_gp:12(12,1,1,4)",-1.97742988796442,-20,7,0,FALSE,"selectivity_coff","fishery_sel_group",1,4,12,12,-1.97742988796442,0,TRUE,NA,1570,1570,-2.33586294165925,"mean_preserving_scaled_beta","bounded_natural",0.197742988796442,-1.97742988796442,-1.81262079569254,0.1,4.06523788315831,FALSE,TRUE,FALSE,0.1
1571,"bs_selcoff_gp:12(12,1,1,5)",-2.30011518201475,-20,7,0,FALSE,"selectivity_coff","fishery_sel_group",2,1,12,12,-2.30011518201475,0,TRUE,NA,1571,1571,-2.24982530794698,"mean_preserving_scaled_beta","bounded_natural",0.230011518201475,-2.30011518201475,0.218640677045217,0.1,3.56250467039592,FALSE,TRUE,FALSE,0.1
1572,"bs_selcoff_gp:13(13,1,1,1)",-0.847154402567131,-20,7,0,FALSE,"selectivity_coff","fishery_sel_group",1,1,13,13,-0.847154402567131,0,TRUE,NA,1572,1572,-0.949392556363097,"mean_preserving_scaled_beta","bounded_natural",0.0847154402567131,-0.847154402567131,-1.20684202886928,0.1,8.77397280439059,FALSE,TRUE,FALSE,0.1
1573,"bs_selcoff_gp:13(13,1,1,2)",1.1188760107302,-20,7,0,FALSE,"selectivity_coff","fishery_sel_group",1,2,13,13,1.1188760107302,0,TRUE,NA,1573,1573,1.22716179418975,"mean_preserving_scaled_beta","bounded_natural",0.11188760107302,1.1188760107302,0.967808608112682,0.1,5.48686523371947,FALSE,TRUE,FALSE,0.1
1574,"bs_selcoff_gp:13(13,1,1,3)",-0.0412541422063448,-20,7,0,FALSE,"selectivity_coff","fishery_sel_group",1,3,13,13,-0.0412541422063448,0,TRUE,NA,1574,1574,-0.0428625346818983,"mean_preserving_scaled_beta","bounded_natural",0.00412541422063448,-0.0412541422063448,-0.389874177363474,0.1,168.242457955932,FALSE,TRUE,FALSE,0.1
1575,"bs_selcoff_gp:13(13,1,1,4)",-0.678540045104949,-20,7,0,FALSE,"selectivity_coff","fishery_sel_group",1,4,13,13,-0.678540045104949,0,TRUE,NA,1575,1575,-0.703105834414057,"mean_preserving_scaled_beta","bounded_natural",0.0678540045104949,-0.678540045104949,-0.362038902292174,0.1,10.8087415031427,FALSE,TRUE,FALSE,0.1
1576,"bs_selcoff_gp:13(13,1,1,5)",-3.41287572800028,-20,7,0,FALSE,"selectivity_coff","fishery_sel_group",2,1,13,13,-3.41287572800028,0,TRUE,NA,1576,1576,-3.18882717040892,"mean_preserving_scaled_beta","bounded_natural",0.341287572800028,-3.41287572800028,0.656480268980203,0.1,2.54108888412202,FALSE,TRUE,FALSE,0.1
1577,"bs_selcoff_gp:14(14,1,1,1)",-3.33177091596755,-20,7,0,FALSE,"selectivity_coff","fishery_sel_group",1,1,14,14,-3.33177091596755,0,TRUE,NA,1577,1577,-3.88549762462641,"mean_preserving_scaled_beta","bounded_natural",0.333177091596755,-3.33177091596755,-1.66195912811747,0.1,2.59338030214061,FALSE,TRUE,FALSE,0.1
1578,"bs_selcoff_gp:14(14,1,1,2)",-2.10374255131922,-20,7,0,FALSE,"selectivity_coff","fishery_sel_group",1,2,14,14,-2.10374255131922,0,TRUE,NA,1578,1578,-2.05029055180328,"mean_preserving_scaled_beta","bounded_natural",0.210374255131922,-2.10374255131922,0.254080517040567,0.1,3.85051047863546,FALSE,TRUE,FALSE,0.1
1579,"bs_selcoff_gp:14(14,1,1,3)",0.28909348022961,-20,7,0,FALSE,"selectivity_coff","fishery_sel_group",1,3,14,14,0.28909348022961,0,TRUE,NA,1579,1579,0.341059736300373,"mean_preserving_scaled_beta","bounded_natural",0.028909348022961,0.28909348022961,1.79755890826349,0.1,23.2584793431581,FALSE,TRUE,FALSE,0.1
1580,"bs_selcoff_gp:14(14,1,1,4)",-0.951345837625578,-20,7,0,FALSE,"selectivity_coff","fishery_sel_group",1,4,14,14,-0.951345837625578,0,TRUE,NA,1580,1580,-0.98614552221802,"mean_preserving_scaled_beta","bounded_natural",0.0951345837625578,-0.951345837625578,-0.365794259207543,0.1,7.87602519973631,FALSE,TRUE,FALSE,0.1
1581,"bs_selcoff_gp:14(14,1,1,5)",1.1400614839802,-20,7,0,FALSE,"selectivity_coff","fishery_sel_group",2,1,14,14,1.1400614839802,0,TRUE,NA,1581,1581,1.12319554324427,"mean_preserving_scaled_beta","bounded_natural",0.11400614839802,1.1400614839802,-0.14793886972701,0.1,5.37113318964291,FALSE,TRUE,FALSE,0.1
1582,"bs_selcoff_gp:15(15,1,1,1)",-1.07630733795479,-20,7,0,FALSE,"selectivity_coff","fishery_sel_group",1,1,15,15,-1.07630733795479,0,TRUE,NA,1582,1582,-1.26532926045491,"mean_preserving_scaled_beta","bounded_natural",0.107630733795479,-1.07630733795479,-1.75620769119072,0.1,7.02733924094997,FALSE,TRUE,FALSE,0.1
1583,"bs_selcoff_gp:15(15,1,1,2)",-1.47193046446618,-20,7,0,FALSE,"selectivity_coff","fishery_sel_group",1,2,15,15,-1.47193046446618,0,TRUE,NA,1583,1583,-1.4634669760162,"mean_preserving_scaled_beta","bounded_natural",0.147193046446618,-1.47193046446618,0.0574992409919944,0.1,5.28537816953634,FALSE,TRUE,FALSE,0.1
1584,"bs_selcoff_gp:15(15,1,1,3)",-0.807211486277115,-20,7,0,FALSE,"selectivity_coff","fishery_sel_group",1,3,15,15,-0.807211486277115,0,TRUE,NA,1584,1584,-0.831900675142702,"mean_preserving_scaled_beta","bounded_natural",0.0807211486277115,-0.807211486277115,-0.305857749614714,0.1,9.17940098244418,FALSE,TRUE,FALSE,0.1
1585,"bs_selcoff_gp:15(15,1,1,4)",-3.0062507655855,-20,7,0,FALSE,"selectivity_coff","fishery_sel_group",1,4,15,15,-3.0062507655855,0,TRUE,NA,1585,1585,-3.50833185087362,"mean_preserving_scaled_beta","bounded_natural",0.30062507655855,-3.0062507655855,-1.67012376690517,0.1,2.83008251651139,FALSE,TRUE,FALSE,0.1
1586,"bs_selcoff_gp:15(15,1,1,5)",1.37068566303683,-20,7,0,FALSE,"selectivity_coff","fishery_sel_group",2,1,15,15,1.37068566303683,0,TRUE,NA,1586,1586,1.32023955351462,"mean_preserving_scaled_beta","bounded_natural",0.137068566303683,1.37068566303683,-0.368035581625935,0.1,4.34087376215599,FALSE,TRUE,FALSE,0.1
1587,"bs_selcoff_gp:16(16,1,1,1)",-0.312127009569224,-20,7,0,FALSE,"selectivity_coff","fishery_sel_group",1,1,16,16,-0.312127009569224,0,TRUE,NA,1587,1587,-0.289937142640181,"mean_preserving_scaled_beta","bounded_natural",0.0312127009569224,-0.312127009569224,0.710924279179432,0.1,22.7852364930147,FALSE,TRUE,FALSE,0.1
1588,"bs_selcoff_gp:16(16,1,1,2)",1.29161535009285,-20,7,0,FALSE,"selectivity_coff","fishery_sel_group",1,2,16,16,1.29161535009285,0,TRUE,NA,1588,1588,1.32056771938545,"mean_preserving_scaled_beta","bounded_natural",0.129161535009285,1.29161535009285,0.224156280664484,0.1,4.65306281910225,FALSE,TRUE,FALSE,0.1
1589,"bs_selcoff_gp:16(16,1,1,3)",-3.38001499936063,-20,7,0,FALSE,"selectivity_coff","fishery_sel_group",1,3,16,16,-3.38001499936063,0,TRUE,NA,1589,1589,-3.42189422913862,"mean_preserving_scaled_beta","bounded_natural",0.338001499936063,-3.38001499936063,-0.12390249684072,0.1,2.56198964255078,FALSE,TRUE,FALSE,0.1
1590,"bs_selcoff_gp:16(16,1,1,4)",-0.696486179819363,-20,7,0,FALSE,"selectivity_coff","fishery_sel_group",1,4,16,16,-0.696486179819363,0,TRUE,NA,1590,1590,-0.75612628268755,"mean_preserving_scaled_beta","bounded_natural",0.0696486179819363,-0.696486179819363,-0.856299874947335,0.1,10.545477269112,FALSE,TRUE,FALSE,0.1
1591,"bs_selcoff_gp:16(16,1,1,5)",-1.62632731465852,-20,7,0,FALSE,"selectivity_coff","fishery_sel_group",2,1,16,16,-1.62632731465852,0,TRUE,NA,1591,1591,-1.37789908136709,"mean_preserving_scaled_beta","bounded_natural",0.162632731465852,-1.62632731465852,1.52754141833741,0.1,4.83349527184608,FALSE,TRUE,FALSE,0.1
1592,"bs_selcoff_gp:17(17,1,1,1)",0.00063440912205337,-20,7,0,FALSE,"selectivity_coff","fishery_sel_group",1,1,17,17,0.00063440912205337,0,TRUE,NA,1592,1592,0.000644541293446821,"mean_preserving_scaled_beta","bounded_natural",6.3440912205337e-05,0.00063440912205337,0.159710367351853,0.1,10897.8527250601,FALSE,TRUE,FALSE,0.1
1593,"bs_selcoff_gp:17(17,1,1,2)",1.31252078347961,-20,7,0,FALSE,"selectivity_coff","fishery_sel_group",1,2,17,17,1.31252078347961,0,TRUE,NA,1593,1593,1.1403792141631,"mean_preserving_scaled_beta","bounded_natural",0.131252078347961,1.31252078347961,-1.31153404565637,0.1,4.56690610100301,FALSE,TRUE,FALSE,0.1
1594,"bs_selcoff_gp:17(17,1,1,3)",-3.50360134873535,-20,7,0,FALSE,"selectivity_coff","fishery_sel_group",1,3,17,17,-3.50360134873535,0,TRUE,NA,1594,1594,-3.45516203009274,"mean_preserving_scaled_beta","bounded_natural",0.350360134873535,-3.50360134873535,0.138255794027753,0.1,2.48530626345441,FALSE,TRUE,FALSE,0.1
1595,"bs_selcoff_gp:17(17,1,1,4)",-1.79320366648384,-20,7,0,FALSE,"selectivity_coff","fishery_sel_group",1,4,17,17,-1.79320366648384,0,TRUE,NA,1595,1595,-1.70452738188703,"mean_preserving_scaled_beta","bounded_natural",0.179320366648384,-1.79320366648384,0.494513179145421,0.1,4.43147230373728,FALSE,TRUE,FALSE,0.1
1596,"bs_selcoff_gp:17(17,1,1,5)",-1.91925445356389,-20,7,0,FALSE,"selectivity_coff","fishery_sel_group",2,1,17,17,-1.91925445356389,0,TRUE,NA,1596,1596,-2.29157312362553,"mean_preserving_scaled_beta","bounded_natural",0.191925445356389,-1.91925445356389,-1.93991301867388,0.1,4.17343429907748,FALSE,TRUE,FALSE,0.1
1597,"bs_selcoff_gp:18(18,1,1,1)",0.210574558676623,-20,7,0,FALSE,"selectivity_coff","fishery_sel_group",1,1,18,18,0.210574558676623,0,TRUE,NA,1597,1597,0.215924848257959,"mean_preserving_scaled_beta","bounded_natural",0.0210574558676623,0.210574558676623,0.254080531616026,0.1,32.1796695393085,FALSE,TRUE,FALSE,0.1
1598,"bs_selcoff_gp:18(18,1,1,2)",1.20787067198651,-20,7,0,FALSE,"selectivity_coff","fishery_sel_group",1,2,18,18,1.20787067198651,0,TRUE,NA,1598,1598,1.13801558344942,"mean_preserving_scaled_beta","bounded_natural",0.120787067198651,1.20787067198651,-0.57833251652847,0.1,5.02777998540505,FALSE,TRUE,FALSE,0.1
1599,"bs_selcoff_gp:18(18,1,1,3)",-1.28156791629444,-20,7,0,FALSE,"selectivity_coff","fishery_sel_group",1,3,18,18,-1.28156791629444,0,TRUE,NA,1599,1599,-1.32879834799632,"mean_preserving_scaled_beta","bounded_natural",0.128156791629444,-1.28156791629444,-0.368536314785776,0.1,5.9904728758576,FALSE,TRUE,FALSE,0.1
1600,"bs_selcoff_gp:18(18,1,1,4)",-2.35586951085205,-20,7,0,FALSE,"selectivity_coff","fishery_sel_group",1,4,18,18,-2.35586951085205,0,TRUE,NA,1600,1600,-2.2780701100256,"mean_preserving_scaled_beta","bounded_natural",0.235586951085205,-2.35586951085205,0.330236460330588,0.1,3.48926682108016,FALSE,TRUE,FALSE,0.1
1601,"bs_selcoff_gp:18(18,1,1,5)",-2.27455195070426,-20,7,0,FALSE,"selectivity_coff","fishery_sel_group",2,1,18,18,-2.27455195070426,0,TRUE,NA,1601,1601,-2.19783251850253,"mean_preserving_scaled_beta","bounded_natural",0.227455195070426,-2.27455195070426,0.337294701833373,0.1,3.59725121267463,FALSE,TRUE,FALSE,0.1
1602,"bs_selcoff_gp:19(19,1,1,1)",-0.373200251597389,-20,7,0,FALSE,"selectivity_coff","fishery_sel_group",1,1,19,19,-0.373200251597389,0,TRUE,NA,1602,1602,-0.379641794018134,"mean_preserving_scaled_beta","bounded_natural",0.0373200251597389,-0.373200251597389,-0.172602842392897,0.1,19.1577423090009,FALSE,TRUE,FALSE,0.1
1603,"bs_selcoff_gp:19(19,1,1,2)",1.30996642648934,-20,7,0,FALSE,"selectivity_coff","fishery_sel_group",1,2,19,19,1.30996642648934,0,TRUE,NA,1603,1603,1.1182907620728,"mean_preserving_scaled_beta","bounded_natural",0.130996642648934,1.30996642648934,-1.46321051090006,0.1,4.57728737220883,FALSE,TRUE,FALSE,0.1
1604,"bs_selcoff_gp:19(19,1,1,3)",-0.920722508679514,-20,7,0,FALSE,"selectivity_coff","fishery_sel_group",1,3,19,19,-0.920722508679514,0,TRUE,NA,1604,1604,-0.936811622157972,"mean_preserving_scaled_beta","bounded_natural",0.0920722508679514,-0.920722508679514,-0.174744435231984,0.1,8.11895142205439,FALSE,TRUE,FALSE,0.1
1605,"bs_selcoff_gp:19(19,1,1,4)",-2.07832367777174,-20,7,0,FALSE,"selectivity_coff","fishery_sel_group",1,4,19,19,-2.07832367777174,0,TRUE,NA,1605,1605,-1.95407920274705,"mean_preserving_scaled_beta","bounded_natural",0.207832367777174,-2.07832367777174,0.597810997168179,0.1,3.89166944794187,FALSE,TRUE,FALSE,0.1
1606,"bs_selcoff_gp:19(19,1,1,5)",-2.49306254004294,-20,7,0,FALSE,"selectivity_coff","fishery_sel_group",2,1,19,19,-2.49306254004294,0,TRUE,NA,1606,1606,-2.03923493961902,"mean_preserving_scaled_beta","bounded_natural",0.249306254004294,-2.49306254004294,1.82036187674657,0.1,3.32261367883728,FALSE,TRUE,FALSE,0.1
1607,"bs_selcoff_gp:20(20,1,1,1)",-1.20523648084254,-20,7,0,FALSE,"selectivity_coff","fishery_sel_group",1,1,20,20,-1.20523648084254,0,TRUE,NA,1607,1607,-1.31190692526869,"mean_preserving_scaled_beta","bounded_natural",0.120523648084254,-1.20523648084254,-0.885058211576678,0.1,6.33512233009195,FALSE,TRUE,FALSE,0.1
1608,"bs_selcoff_gp:20(20,1,1,2)",-0.016864812126812,-20,7,0,FALSE,"selectivity_coff","fishery_sel_group",1,2,20,20,-0.016864812126812,0,TRUE,NA,1608,1608,-0.0158017260206655,"mean_preserving_scaled_beta","bounded_natural",0.0016864812126812,-0.016864812126812,0.630357514897161,0.1,410.617936982527,FALSE,TRUE,FALSE,0.1
1609,"bs_selcoff_gp:20(20,1,1,3)",0.415706648186653,-20,7,0,FALSE,"selectivity_coff","fishery_sel_group",1,3,20,20,0.415706648186653,0,TRUE,NA,1609,1609,0.402426984773147,"mean_preserving_scaled_beta","bounded_natural",0.0415706648186653,0.415706648186653,-0.319447944155648,0.1,15.9689415838246,FALSE,TRUE,FALSE,0.1
1610,"bs_selcoff_gp:20(20,1,1,4)",0.32739152588606,-20,7,0,FALSE,"selectivity_coff","fishery_sel_group",1,4,20,20,0.32739152588606,0,TRUE,NA,1610,1610,0.327284051121179,"mean_preserving_scaled_beta","bounded_natural",0.032739152588606,0.32739152588606,-0.0032827595213595,0.1,20.4591697158493,FALSE,TRUE,FALSE,0.1
1611,"bs_selcoff_gp:20(20,1,1,5)",-0.187009413061741,-20,7,0,FALSE,"selectivity_coff","fishery_sel_group",2,1,20,20,-0.187009413061741,0,TRUE,NA,1611,1611,-0.178732907309517,"mean_preserving_scaled_beta","bounded_natural",0.0187009413061741,-0.187009413061741,0.442571612664867,0.1,37.6106558853813,FALSE,TRUE,FALSE,0.1
1612,"bs_selcoff_gp:21(21,1,1,1)",-1.43750618574481,-20,7,0,FALSE,"selectivity_coff","fishery_sel_group",1,1,21,21,-1.43750618574481,0,TRUE,NA,1612,1612,-1.47644187718244,"mean_preserving_scaled_beta","bounded_natural",0.143750618574481,-1.43750618574481,-0.270855818387005,0.1,5.3991937808437,FALSE,TRUE,FALSE,0.1
1613,"bs_selcoff_gp:21(21,1,1,2)",1.37356830054738,-20,7,0,FALSE,"selectivity_coff","fishery_sel_group",1,2,21,21,1.37356830054738,0,TRUE,NA,1613,1613,1.09597874097109,"mean_preserving_scaled_beta","bounded_natural",0.137356830054738,1.37356830054738,-2.02093743329445,0.1,4.33016386365792,FALSE,TRUE,FALSE,0.1
1614,"bs_selcoff_gp:21(21,1,1,3)",-1.43725404537244,-20,7,0,FALSE,"selectivity_coff","fishery_sel_group",1,3,21,21,-1.43725404537244,0,TRUE,NA,1614,1614,-1.46421445054183,"mean_preserving_scaled_beta","bounded_natural",0.143725404537244,-1.43725404537244,-0.187582739851701,0.1,5.4000473060779,FALSE,TRUE,FALSE,0.1
1615,"bs_selcoff_gp:21(21,1,1,4)",-0.875053850862933,-20,7,0,FALSE,"selectivity_coff","fishery_sel_group",1,4,21,21,-0.875053850862933,0,TRUE,NA,1615,1615,-0.801094711965497,"mean_preserving_scaled_beta","bounded_natural",0.0875053850862933,-0.875053850862933,0.845195285118755,0.1,8.51265932996979,FALSE,TRUE,FALSE,0.1
1616,"bs_selcoff_gp:21(21,1,1,5)",-1.3813477772368,-20,7,0,FALSE,"selectivity_coff","fishery_sel_group",2,1,21,21,-1.3813477772368,0,TRUE,NA,1616,1616,-1.29468804714111,"mean_preserving_scaled_beta","bounded_natural",0.13813477772368,-1.3813477772368,0.627356350976561,0.1,5.59690472511887,FALSE,TRUE,FALSE,0.1
1617,"bs_selcoff_gp:22(22,1,1,1)",0.140509870371964,-20,7,0,FALSE,"selectivity_coff","fishery_sel_group",1,1,22,22,0.140509870371964,0,TRUE,NA,1617,1617,0.149176548386201,"mean_preserving_scaled_beta","bounded_natural",0.0140509870371964,0.140509870371964,0.616802078835727,0.1,48.5553159021709,FALSE,TRUE,FALSE,0.1
1618,"bs_selcoff_gp:22(22,1,1,2)",0.83078342016837,-20,7,0,FALSE,"selectivity_coff","fishery_sel_group",1,2,22,22,0.83078342016837,0,TRUE,NA,1618,1618,0.748165643132118,"mean_preserving_scaled_beta","bounded_natural",0.083078342016837,0.83078342016837,-0.994456256956929,0.1,7.64190205051255,FALSE,TRUE,FALSE,0.1
1619,"bs_selcoff_gp:22(22,1,1,3)",0.0363739825467277,-20,7,0,FALSE,"selectivity_coff","fishery_sel_group",1,3,22,22,0.0363739825467277,0,TRUE,NA,1619,1619,0.038671544473317,"mean_preserving_scaled_beta","bounded_natural",0.00363739825467277,0.0363739825467277,0.631649812785196,0.1,189.436148207794,FALSE,TRUE,FALSE,0.1
1620,"bs_selcoff_gp:22(22,1,1,4)",-1.11895096731235,-20,7,0,FALSE,"selectivity_coff","fishery_sel_group",1,4,22,22,-1.11895096731235,0,TRUE,NA,1620,1620,-1.105573708427,"mean_preserving_scaled_beta","bounded_natural",0.111895096731235,-1.11895096731235,0.119551788024133,0.1,6.78085744591783,FALSE,TRUE,FALSE,0.1
1621,"bs_selcoff_gp:22(22,1,1,5)",-2.87818425791957,-20,7,0,FALSE,"selectivity_coff","fishery_sel_group",2,1,22,22,-2.87818425791957,0,TRUE,NA,1621,1621,-3.07588156007387,"mean_preserving_scaled_beta","bounded_natural",0.287818425791957,-2.87818425791957,-0.686882021574256,0.1,2.93716301022183,FALSE,TRUE,FALSE,0.1
1622,"bs_selcoff_gp:23(23,1,1,1)",-2.49499687558537,-20,7,0,FALSE,"selectivity_coff","fishery_sel_group",1,1,23,23,-2.49499687558537,0,TRUE,NA,1622,1622,-2.94081918429922,"mean_preserving_scaled_beta","bounded_natural",0.249499687558537,-2.49499687558537,-1.78686519841531,0.1,3.32039108328328,FALSE,TRUE,FALSE,0.1
1623,"bs_selcoff_gp:23(23,1,1,2)",1.03708830047492,-20,7,0,FALSE,"selectivity_coff","fishery_sel_group",1,2,23,23,1.03708830047492,0,TRUE,NA,1623,1623,0.817352111538522,"mean_preserving_scaled_beta","bounded_natural",0.103708830047492,1.03708830047492,-2.11877994222645,0.1,5.97766471604052,FALSE,TRUE,FALSE,0.1
1624,"bs_selcoff_gp:23(23,1,1,3)",0.459800277083303,-20,7,0,FALSE,"selectivity_coff","fishery_sel_group",1,3,23,23,0.459800277083303,0,TRUE,NA,1624,1624,0.463840794256509,"mean_preserving_scaled_beta","bounded_natural",0.0459800277083303,0.459800277083303,0.0878754836520768,0.1,14.3721405113267,FALSE,TRUE,FALSE,0.1
1625,"bs_selcoff_gp:23(23,1,1,4)",-0.912177101658692,-20,7,0,FALSE,"selectivity_coff","fishery_sel_group",1,4,23,23,-0.912177101658692,0,TRUE,NA,1625,1625,-0.921429372599121,"mean_preserving_scaled_beta","bounded_natural",0.0912177101658692,-0.912177101658692,-0.101430642400527,0.1,8.18963636580328,FALSE,TRUE,FALSE,0.1
1626,"bs_selcoff_gp:23(23,1,1,5)",-2.09564088803603,-20,7,0,FALSE,"selectivity_coff","fishery_sel_group",2,1,23,23,-2.09564088803603,0,TRUE,NA,1626,1626,-1.90403214365768,"mean_preserving_scaled_beta","bounded_natural",0.209564088803603,-2.09564088803603,0.914320509168548,0.1,3.86352298221768,FALSE,TRUE,FALSE,0.1
1627,"bs_selcoff_gp:24(24,1,1,1)",-1.9533087745653,-20,7,0,FALSE,"selectivity_coff","fishery_sel_group",1,1,24,24,-1.9533087745653,0,TRUE,NA,1627,1627,-1.68379660946326,"mean_preserving_scaled_beta","bounded_natural",0.19533087745653,-1.9533087745653,1.37977245897552,0.1,4.10933248039831,FALSE,TRUE,FALSE,0.1
1628,"bs_selcoff_gp:24(24,1,1,2)",1.56720825869046,-20,7,0,FALSE,"selectivity_coff","fishery_sel_group",1,2,24,24,1.56720825869046,0,TRUE,NA,1628,1628,1.80006993897294,"mean_preserving_scaled_beta","bounded_natural",0.156720825869046,1.56720825869046,1.4858375011184,0.1,3.6998658938582,FALSE,TRUE,FALSE,0.1
1629,"bs_selcoff_gp:24(24,1,1,3)",-2.69852907731671,-20,7,0,FALSE,"selectivity_coff","fishery_sel_group",1,3,24,24,-2.69852907731671,0,TRUE,NA,1629,1629,-2.3200016079618,"mean_preserving_scaled_beta","bounded_natural",0.269852907731671,-2.69852907731671,1.40271777145828,0.1,3.10377377489352,FALSE,TRUE,FALSE,0.1
1630,"bs_selcoff_gp:24(24,1,1,4)",-2.97643307368085,-20,7,0,FALSE,"selectivity_coff","fishery_sel_group",1,4,24,24,-2.97643307368085,0,TRUE,NA,1630,1630,-2.99105125357037,"mean_preserving_scaled_beta","bounded_natural",0.297643307368085,-2.97643307368085,-0.0491130810861329,0.1,2.85422625519415,FALSE,TRUE,FALSE,0.1
1631,"bs_selcoff_gp:24(24,1,1,5)",-2.89849419589882,-20,7,0,FALSE,"selectivity_coff","fishery_sel_group",2,1,24,24,-2.89849419589882,0,TRUE,NA,1631,1631,-3.16413255940255,"mean_preserving_scaled_beta","bounded_natural",0.289849419589882,-2.89849419589882,-0.916470227470492,0.1,2.91957690178355,FALSE,TRUE,FALSE,0.1
1632,"bs_selcoff_gp:25(25,1,1,1)",-2.09297244892021,-20,7,0,FALSE,"selectivity_coff","fishery_sel_group",1,1,25,25,-2.09297244892021,0,TRUE,NA,1632,1632,-2.0269015424278,"mean_preserving_scaled_beta","bounded_natural",0.209297244892021,-2.09297244892021,0.315679771735649,0.1,3.86783045121562,FALSE,TRUE,FALSE,0.1
1633,"bs_selcoff_gp:25(25,1,1,2)",0.45065634381281,-20,7,0,FALSE,"selectivity_coff","fishery_sel_group",1,2,25,25,0.45065634381281,0,TRUE,NA,1633,1633,0.519112080378154,"mean_preserving_scaled_beta","bounded_natural",0.045065634381281,0.45065634381281,1.51902303174453,0.1,14.6776266253778,FALSE,TRUE,FALSE,0.1
1634,"bs_selcoff_gp:25(25,1,1,3)",0.788233853964382,-20,7,0,FALSE,"selectivity_coff","fishery_sel_group",1,3,25,25,0.788233853964382,0,TRUE,NA,1634,1634,0.754335211623953,"mean_preserving_scaled_beta","bounded_natural",0.0788233853964382,0.788233853964382,-0.430058188568495,0.1,8.09293480393308,FALSE,TRUE,FALSE,0.1
1635,"bs_selcoff_gp:25(25,1,1,4)",0.687644712460564,-20,7,0,FALSE,"selectivity_coff","fishery_sel_group",1,4,25,25,0.687644712460564,0,TRUE,NA,1635,1635,0.71166377942011,"mean_preserving_scaled_beta","bounded_natural",0.0687644712460564,0.687644712460564,0.34929472334049,0.1,9.38025830715176,FALSE,TRUE,FALSE,0.1
1636,"bs_selcoff_gp:25(25,1,1,5)",-0.569885304291091,-20,7,0,FALSE,"selectivity_coff","fishery_sel_group",2,1,25,25,-0.569885304291091,0,TRUE,NA,1636,1636,-0.603651858695478,"mean_preserving_scaled_beta","bounded_natural",0.0569885304291091,-0.569885304291091,-0.592514917477845,0.1,12.7558216322487,FALSE,TRUE,FALSE,0.1
1637,"bs_selcoff_gp:25(25,1,1,6)",-1.31589318903362,-20,7,0,FALSE,"selectivity_coff","fishery_sel_group",2,2,25,25,-1.31589318903362,0,TRUE,NA,1637,1637,-1.30631072008516,"mean_preserving_scaled_beta","bounded_natural",0.131589318903362,-1.31589318903362,0.0728210239882733,0.1,5.8484116673109,FALSE,TRUE,FALSE,0.1
1638,"bs_selcoff_gp:25(25,1,1,7)",-1.71554776976296,-20,7,0,FALSE,"selectivity_coff","fishery_sel_group",2,3,25,25,-1.71554776976296,0,TRUE,NA,1638,1638,-1.61770870530415,"mean_preserving_scaled_beta","bounded_natural",0.171554776976296,-1.71554776976296,0.570308015802587,0.1,4.60897482605867,FALSE,TRUE,FALSE,0.1
1639,"bs_selcoff_gp:26(26,1,1,1)",-1.54497531444007,-20,7,0,FALSE,"selectivity_coff","fishery_sel_group",1,1,26,26,-1.54497531444007,0,TRUE,NA,1639,1639,-1.81794675911095,"mean_preserving_scaled_beta","bounded_natural",0.154497531444007,-1.54497531444007,-1.76683369707956,0.1,5.06048071975452,FALSE,TRUE,FALSE,0.1
1640,"bs_selcoff_gp:26(26,1,1,2)",0.744712513974942,-20,7,0,FALSE,"selectivity_coff","fishery_sel_group",1,2,26,26,0.744712513974942,0,TRUE,NA,1640,1640,0.849497556660204,"mean_preserving_scaled_beta","bounded_natural",0.0744712513974942,0.744712513974942,1.4070536041615,0.1,8.60737363957704,FALSE,TRUE,FALSE,0.1
1641,"bs_selcoff_gp:26(26,1,1,3)",0.707106611324079,-20,7,0,FALSE,"selectivity_coff","fishery_sel_group",1,3,26,26,0.707106611324079,0,TRUE,NA,1641,1641,0.676742152069053,"mean_preserving_scaled_beta","bounded_natural",0.0707106611324079,0.707106611324079,-0.42941840408149,0.1,9.10270657247106,FALSE,TRUE,FALSE,0.1
1642,"bs_selcoff_gp:26(26,1,1,4)",0.831924011276193,-20,7,0,FALSE,"selectivity_coff","fishery_sel_group",1,4,26,26,0.831924011276193,0,TRUE,NA,1642,1642,0.959762617732174,"mean_preserving_scaled_beta","bounded_natural",0.0831924011276193,0.831924011276193,1.53666205955365,0.1,7.63044398934357,FALSE,TRUE,FALSE,0.1
1643,"bs_selcoff_gp:26(26,1,1,5)",-1.07166926668573,-20,7,0,FALSE,"selectivity_coff","fishery_sel_group",2,1,26,26,-1.07166926668573,0,TRUE,NA,1643,1643,-1.09800215528874,"mean_preserving_scaled_beta","bounded_natural",0.107166926668573,-1.07166926668573,-0.245718426585525,0.1,7.05532239345363,FALSE,TRUE,FALSE,0.1
1644,"bs_selcoff_gp:26(26,1,1,6)",-3.36932235419074,-20,7,0,FALSE,"selectivity_coff","fishery_sel_group",2,2,26,26,-3.36932235419074,0,TRUE,NA,1644,1644,-3.14582161999865,"mean_preserving_scaled_beta","bounded_natural",0.336932235419074,-3.36932235419074,0.663340312078177,0.1,2.56887362845993,FALSE,TRUE,FALSE,0.1
1645,"bs_selcoff_gp:26(26,1,1,7)",-4.36013551281331,-20,7,0,FALSE,"selectivity_coff","fishery_sel_group",2,3,26,26,-4.36013551281331,0,TRUE,NA,1645,1645,-3.87816378677899,"mean_preserving_scaled_beta","bounded_natural",0.436013551281331,-4.36013551281331,1.10540538159407,0.1,2.06656120264789,FALSE,TRUE,FALSE,0.1
1646,"bs_selcoff_gp:27(27,1,1,1)",-2.81503383181434,-20,7,0,FALSE,"selectivity_coff","fishery_sel_group",1,1,27,27,-2.81503383181434,0,TRUE,NA,1646,1646,-2.96877525963903,"mean_preserving_scaled_beta","bounded_natural",0.281503383181434,-2.81503383181434,-0.546144156731497,0.1,2.99339823322107,FALSE,TRUE,FALSE,0.1
1647,"bs_selcoff_gp:27(27,1,1,2)",1.16713009657617,-20,7,0,FALSE,"selectivity_coff","fishery_sel_group",1,2,27,27,1.16713009657617,0,TRUE,NA,1647,1647,1.04747696153959,"mean_preserving_scaled_beta","bounded_natural",0.116713009657617,1.16713009657617,-1.02519106813873,0.1,5.2293275668503,FALSE,TRUE,FALSE,0.1
1648,"bs_selcoff_gp:27(27,1,1,3)",0.399501519795205,-20,7,0,FALSE,"selectivity_coff","fishery_sel_group",1,3,27,27,0.399501519795205,0,TRUE,NA,1648,1648,0.336885900359086,"mean_preserving_scaled_beta","bounded_natural",0.0399501519795205,0.399501519795205,-1.56734371043739,0.1,16.6442665914632,FALSE,TRUE,FALSE,0.1
1649,"bs_selcoff_gp:27(27,1,1,4)",-1.56867081972695,-20,7,0,FALSE,"selectivity_coff","fishery_sel_group",1,4,27,27,-1.56867081972695,0,TRUE,NA,1649,1649,-1.55052982710645,"mean_preserving_scaled_beta","bounded_natural",0.156867081972695,-1.56867081972695,0.115645630634347,0.1,4.99196900909409,FALSE,TRUE,FALSE,0.1
1650,"bs_selcoff_gp:27(27,1,1,5)",-2.57610897397269,-20,7,0,FALSE,"selectivity_coff","fishery_sel_group",2,1,27,27,-2.57610897397269,0,TRUE,NA,1650,1650,-2.65780062728503,"mean_preserving_scaled_beta","bounded_natural",0.257610897397269,-2.57610897397269,-0.317112568364534,0.1,3.23010121856911,FALSE,TRUE,FALSE,0.1
1651,"bs_selcoff_gp:28(28,1,1,1)",-2.65962170479768,-20,7,0,FALSE,"selectivity_coff","fishery_sel_group",1,1,28,28,-2.65962170479768,0,TRUE,NA,1651,1651,-2.79399442695997,"mean_preserving_scaled_beta","bounded_natural",0.265962170479768,-2.65962170479768,-0.505232461894457,0.1,3.14270635267503,FALSE,TRUE,FALSE,0.1
1652,"bs_selcoff_gp:28(28,1,1,2)",1.04092340476462,-20,7,0,FALSE,"selectivity_coff","fishery_sel_group",1,2,28,28,1.04092340476462,0,TRUE,NA,1652,1652,0.967055524255805,"mean_preserving_scaled_beta","bounded_natural",0.104092340476462,1.04092340476462,-0.709638001900031,0.1,5.95293962609811,FALSE,TRUE,FALSE,0.1
1653,"bs_selcoff_gp:28(28,1,1,3)",-1.45287114089358,-20,7,0,FALSE,"selectivity_coff","fishery_sel_group",1,3,28,28,-1.45287114089358,0,TRUE,NA,1653,1653,-1.696551802688,"mean_preserving_scaled_beta","bounded_natural",0.145287114089358,-1.45287114089358,-1.67723519956863,0.1,5.34773442802088,FALSE,TRUE,FALSE,0.1
1654,"bs_selcoff_gp:28(28,1,1,4)",-0.135641035683921,-20,7,0,FALSE,"selectivity_coff","fishery_sel_group",1,4,28,28,-0.135641035683921,0,TRUE,NA,1654,1654,-0.131374365823554,"mean_preserving_scaled_beta","bounded_natural",0.0135641035683921,-0.135641035683921,0.314555977758085,0.1,51.6143178865065,FALSE,TRUE,FALSE,0.1
1655,"bs_selcoff_gp:28(28,1,1,5)",0.00638843345928208,-20,7,0,FALSE,"selectivity_coff","fishery_sel_group",2,1,28,28,0.00638843345928208,0,TRUE,NA,1655,1655,0.00682073729101162,"mean_preserving_scaled_beta","bounded_natural",0.000638843345928208,0.00638843345928208,0.676697713899524,0.1,1081.63873081536,FALSE,TRUE,FALSE,0.1
1656,"recr(2)",0.834170658891879,-20,20,0,FALSE,"recruit_dev","rel_rec_log",2,NA,NA,NA,0.834170658891879,0,TRUE,NA,1656,1656,0.843047742981147,"mean_preserving_log_multiplier","log_multiplier",0.0997513451195927,0.829195493465295,0.138867796712358,0.1,NA,FALSE,TRUE,FALSE,0.1
1657,"recr(3)",0.850200440075136,-20,20,0,FALSE,"recruit_dev","rel_rec_log",3,NA,NA,NA,0.850200440075136,0,TRUE,NA,1657,1657,0.735114480155242,"mean_preserving_log_multiplier","log_multiplier",0.0997513451195927,0.845225274648552,-1.10385272861531,0.1,NA,FALSE,TRUE,FALSE,0.1
1658,"recr(4)",0.82749566134812,-20,20,0,FALSE,"recruit_dev","rel_rec_log",4,NA,NA,NA,0.82749566134812,0,TRUE,NA,1658,1658,0.928728609273713,"mean_preserving_log_multiplier","log_multiplier",0.0997513451195927,0.822520495921536,1.0647286332314,0.1,NA,FALSE,TRUE,FALSE,0.1
1659,"recr(5)",0.8074641037572,-20,20,0,FALSE,"recruit_dev","rel_rec_log",5,NA,NA,NA,0.8074641037572,0,TRUE,NA,1659,1659,0.655486455046252,"mean_preserving_log_multiplier","log_multiplier",0.0997513451195927,0.802488938330616,-1.47368923304364,0.1,NA,FALSE,TRUE,FALSE,0.1
1660,"recr(6)",-1.05923732015922,-20,20,0,FALSE,"recruit_dev","rel_rec_log",6,NA,NA,NA,-1.05923732015922,0,TRUE,NA,1660,1660,-0.940148038181345,"mean_preserving_log_multiplier","log_multiplier",0.0997513451195927,-1.06421248558581,1.24373708701091,0.1,NA,FALSE,TRUE,FALSE,0.1
1661,"recr(7)",-0.883337732268259,-20,20,0,FALSE,"recruit_dev","rel_rec_log",7,NA,NA,NA,-0.883337732268259,0,TRUE,NA,1661,1661,-0.993174739811793,"mean_preserving_log_multiplier","log_multiplier",0.0997513451195927,-0.888312897694843,-1.05123236174139,0.1,NA,FALSE,TRUE,FALSE,0.1
1662,"recr(8)",-0.603892861013278,-20,20,0,FALSE,"recruit_dev","rel_rec_log",8,NA,NA,NA,-0.603892861013278,0,TRUE,NA,1662,1662,-0.534036543461711,"mean_preserving_log_multiplier","log_multiplier",0.0997513451195927,-0.608868026439862,0.750180189434391,0.1,NA,FALSE,TRUE,FALSE,0.1
1663,"recr(9)",-0.0731477847220463,-20,20,0,FALSE,"recruit_dev","rel_rec_log",9,NA,NA,NA,-0.0731477847220463,0,TRUE,NA,1663,1663,-0.224535150351688,"mean_preserving_log_multiplier","log_multiplier",0.0997513451195927,-0.0781229501486304,-1.46777168796594,0.1,NA,FALSE,TRUE,FALSE,0.1
1664,"recr(10)",0.377964142168394,-20,20,0,FALSE,"recruit_dev","rel_rec_log",10,NA,NA,NA,0.377964142168394,0,TRUE,NA,1664,1664,0.48215166035958,"mean_preserving_log_multiplier","log_multiplier",0.0997513451195927,0.37298897674181,1.09434798585317,0.1,NA,FALSE,TRUE,FALSE,0.1
1665,"recr(11)",1.02462196908099,-20,20,0,FALSE,"recruit_dev","rel_rec_log",11,NA,NA,NA,1.02462196908099,0,TRUE,NA,1665,1665,0.843309643122256,"mean_preserving_log_multiplier","log_multiplier",0.0997513451195927,1.01964680365441,-1.76776724485005,0.1,NA,FALSE,TRUE,FALSE,0.1
1666,"recr(12)",1.25053502107705,-20,20,0,FALSE,"recruit_dev","rel_rec_log",12,NA,NA,NA,1.25053502107705,0,TRUE,NA,1666,1666,1.28585194967619,"mean_preserving_log_multiplier","log_multiplier",0.0997513451195927,1.24555985565046,0.403925320279365,0.1,NA,FALSE,TRUE,FALSE,0.1
1667,"recr(13)",1.59543253441459,-20,20,0,FALSE,"recruit_dev","rel_rec_log",13,NA,NA,NA,1.59543253441459,0,TRUE,NA,1667,1667,1.59118384402258,"mean_preserving_log_multiplier","log_multiplier",0.0997513451195927,1.590457368988,0.007282859531426,0.1,NA,FALSE,TRUE,FALSE,0.1
1668,"recr(14)",1.28569229931938,-20,20,0,FALSE,"recruit_dev","rel_rec_log",14,NA,NA,NA,1.28569229931938,0,TRUE,NA,1668,1668,1.25710223934493,"mean_preserving_log_multiplier","log_multiplier",0.0997513451195927,1.28071713389279,-0.23673760508739,0.1,NA,FALSE,TRUE,FALSE,0.1
1669,"recr(15)",-0.222778962522725,-20,20,0,FALSE,"recruit_dev","rel_rec_log",15,NA,NA,NA,-0.222778962522725,0,TRUE,NA,1669,1669,-0.341884242131443,"mean_preserving_log_multiplier","log_multiplier",0.0997513451195927,-0.227754127949309,-1.1441461169802,0.1,NA,FALSE,TRUE,FALSE,0.1
1670,"recr(16)",-0.953999761666689,-20,20,0,FALSE,"recruit_dev","rel_rec_log",16,NA,NA,NA,-0.953999761666689,0,TRUE,NA,1670,1670,-0.934012083565811,"mean_preserving_log_multiplier","log_multiplier",0.0997513451195927,-0.958974927093273,0.250250695843086,0.1,NA,FALSE,TRUE,FALSE,0.1
1671,"recr(17)",-0.329388150076036,-20,20,0,FALSE,"recruit_dev","rel_rec_log",17,NA,NA,NA,-0.329388150076036,0,TRUE,NA,1671,1671,-0.350177956818703,"mean_preserving_log_multiplier","log_multiplier",0.0997513451195927,-0.33436331550262,-0.15854063218018,0.1,NA,FALSE,TRUE,FALSE,0.1
1672,"recr(18)",1.36350033523723,-20,20,0,FALSE,"recruit_dev","rel_rec_log",18,NA,NA,NA,1.36350033523723,0,TRUE,NA,1672,1672,1.3624788514853,"mean_preserving_log_multiplier","log_multiplier",0.0997513451195927,1.35852516981065,0.0396353720334236,0.1,NA,FALSE,TRUE,FALSE,0.1
1673,"recr(19)",-0.40044404373193,-20,20,0,FALSE,"recruit_dev","rel_rec_log",19,NA,NA,NA,-0.40044404373193,0,TRUE,NA,1673,1673,-0.219005584543314,"mean_preserving_log_multiplier","log_multiplier",0.0997513451195927,-0.405419209158514,1.86878306645096,0.1,NA,FALSE,TRUE,FALSE,0.1
1674,"recr(20)",-0.447486943864497,-20,20,0,FALSE,"recruit_dev","rel_rec_log",20,NA,NA,NA,-0.447486943864497,0,TRUE,NA,1674,1674,-0.448656498796442,"mean_preserving_log_multiplier","log_multiplier",0.0997513451195927,-0.452462109291081,0.0381509691932112,0.1,NA,FALSE,TRUE,FALSE,0.1
1675,"recr(21)",0.0798874447042099,-20,20,0,FALSE,"recruit_dev","rel_rec_log",21,NA,NA,NA,0.0798874447042099,0,TRUE,NA,1675,1675,0.304307991803068,"mean_preserving_log_multiplier","log_multiplier",0.0997513451195927,0.0749122792776259,2.29967538032112,0.1,NA,FALSE,TRUE,FALSE,0.1
1676,"recr(22)",0.555409354153389,-20,20,0,FALSE,"recruit_dev","rel_rec_log",22,NA,NA,NA,0.555409354153389,0,TRUE,NA,1676,1676,0.725621937193969,"mean_preserving_log_multiplier","log_multiplier",0.0997513451195927,0.550434188726805,1.75624447226381,0.1,NA,FALSE,TRUE,FALSE,0.1
1677,"recr(23)",0.0197790542337195,-20,20,0,FALSE,"recruit_dev","rel_rec_log",23,NA,NA,NA,0.0197790542337195,0,TRUE,NA,1677,1677,0.0915470641900427,"mean_preserving_log_multiplier","log_multiplier",0.0997513451195927,0.0148038888071355,0.769344767139724,0.1,NA,FALSE,TRUE,FALSE,0.1
1678,"recr(24)",-0.74913468148803,-20,20,0,FALSE,"recruit_dev","rel_rec_log",24,NA,NA,NA,-0.74913468148803,0,TRUE,NA,1678,1678,-0.980759360958081,"mean_preserving_log_multiplier","log_multiplier",0.0997513451195927,-0.754109846914614,-2.27214493971721,0.1,NA,FALSE,TRUE,FALSE,0.1
1679,"recr(25)",-0.190554410701693,-20,20,0,FALSE,"recruit_dev","rel_rec_log",25,NA,NA,NA,-0.190554410701693,0,TRUE,NA,1679,1679,-0.350910949127869,"mean_preserving_log_multiplier","log_multiplier",0.0997513451195927,-0.195529576128277,-1.55768699472979,0.1,NA,FALSE,TRUE,FALSE,0.1
1680,"recr(26)",-0.339516610473506,-20,20,0,FALSE,"recruit_dev","rel_rec_log",26,NA,NA,NA,-0.339516610473506,0,TRUE,NA,1680,1680,-0.449933281987586,"mean_preserving_log_multiplier","log_multiplier",0.0997513451195927,-0.34449177590009,-1.0570434510039,0.1,NA,FALSE,TRUE,FALSE,0.1
1681,"recr(27)",0.226125303384994,-20,20,0,FALSE,"recruit_dev","rel_rec_log",27,NA,NA,NA,0.226125303384994,0,TRUE,NA,1681,1681,0.20939563355489,"mean_preserving_log_multiplier","log_multiplier",0.0997513451195927,0.22115013795841,-0.117838054107714,0.1,NA,FALSE,TRUE,FALSE,0.1
1682,"recr(28)",0.279401057247767,-20,20,0,FALSE,"recruit_dev","rel_rec_log",28,NA,NA,NA,0.279401057247767,0,TRUE,NA,1682,1682,0.215451382845326,"mean_preserving_log_multiplier","log_multiplier",0.0997513451195927,0.274425891821183,-0.591215175145273,0.1,NA,FALSE,TRUE,FALSE,0.1
1683,"recr(29)",1.7430583141211,-20,20,0,FALSE,"recruit_dev","rel_rec_log",29,NA,NA,NA,1.7430583141211,0,TRUE,NA,1683,1683,1.73378236401249,"mean_preserving_log_multiplier","log_multiplier",0.0997513451195927,1.73808314869452,-0.0431150545075231,0.1,NA,FALSE,TRUE,FALSE,0.1
1684,"recr(30)",0.52196905642053,-20,20,0,FALSE,"recruit_dev","rel_rec_log",30,NA,NA,NA,0.52196905642053,0,TRUE,NA,1684,1684,0.514740563324392,"mean_preserving_log_multiplier","log_multiplier",0.0997513451195927,0.516993890993946,-0.0225894464566046,0.1,NA,FALSE,TRUE,FALSE,0.1
1685,"recr(31)",0.131136454646991,-20,20,0,FALSE,"recruit_dev","rel_rec_log",31,NA,NA,NA,0.131136454646991,0,TRUE,NA,1685,1685,0.0419008476392802,"mean_preserving_log_multiplier","log_multiplier",0.0997513451195927,0.126161289220407,-0.844704815560198,0.1,NA,FALSE,TRUE,FALSE,0.1
1686,"recr(32)",-0.51004429187454,-20,20,0,FALSE,"recruit_dev","rel_rec_log",32,NA,NA,NA,-0.51004429187454,0,TRUE,NA,1686,1686,-0.569966044332196,"mean_preserving_log_multiplier","log_multiplier",0.0997513451195927,-0.515019457301124,-0.550835549788291,0.1,NA,FALSE,TRUE,FALSE,0.1
1687,"recr(33)",-0.23428358003088,-20,20,0,FALSE,"recruit_dev","rel_rec_log",33,NA,NA,NA,-0.23428358003088,0,TRUE,NA,1687,1687,-0.252603834181744,"mean_preserving_log_multiplier","log_multiplier",0.0997513451195927,-0.239258745457464,-0.133783546560513,0.1,NA,FALSE,TRUE,FALSE,0.1
1688,"recr(34)",0.579498569777141,-20,20,0,FALSE,"recruit_dev","rel_rec_log",34,NA,NA,NA,0.579498569777141,0,TRUE,NA,1688,1688,0.380434432942281,"mean_preserving_log_multiplier","log_multiplier",0.0997513451195927,0.574523404350557,-1.9457278613695,0.1,NA,FALSE,TRUE,FALSE,0.1
1689,"recr(35)",0.160508113036462,-20,20,0,FALSE,"recruit_dev","rel_rec_log",35,NA,NA,NA,0.160508113036462,0,TRUE,NA,1689,1689,0.127506532371216,"mean_preserving_log_multiplier","log_multiplier",0.0997513451195927,0.155532947609878,-0.280962780051349,0.1,NA,FALSE,TRUE,FALSE,0.1
1690,"recr(36)",-0.288057803091253,-20,20,0,FALSE,"recruit_dev","rel_rec_log",36,NA,NA,NA,-0.288057803091253,0,TRUE,NA,1690,1690,-0.36020775820015,"mean_preserving_log_multiplier","log_multiplier",0.0997513451195927,-0.293032968517837,-0.673422394472744,0.1,NA,FALSE,TRUE,FALSE,0.1
1691,"recr(37)",1.14800233353642,-20,20,0,FALSE,"recruit_dev","rel_rec_log",37,NA,NA,NA,1.14800233353642,0,TRUE,NA,1691,1691,1.24256910818622,"mean_preserving_log_multiplier","log_multiplier",0.0997513451195927,1.14302716810983,0.997900729629695,0.1,NA,FALSE,TRUE,FALSE,0.1
1692,"recr(38)",0.0634082824652477,-20,20,0,FALSE,"recruit_dev","rel_rec_log",38,NA,NA,NA,0.0634082824652477,0,TRUE,NA,1692,1692,0.0586098714002521,"mean_preserving_log_multiplier","log_multiplier",0.0997513451195927,0.0584331170386637,0.00177194965518052,0.1,NA,FALSE,TRUE,FALSE,0.1
1693,"recr(39)",-1.82302308191334,-20,20,0,FALSE,"recruit_dev","rel_rec_log",39,NA,NA,NA,-1.82302308191334,0,TRUE,NA,1693,1693,-1.85035197335215,"mean_preserving_log_multiplier","log_multiplier",0.0997513451195927,-1.82799824733992,-0.224094481988483,0.1,NA,FALSE,TRUE,FALSE,0.1
1694,"recr(40)",-1.03075754614468,-20,20,0,FALSE,"recruit_dev","rel_rec_log",40,NA,NA,NA,-1.03075754614468,0,TRUE,NA,1694,1694,-1.16859121683669,"mean_preserving_log_multiplier","log_multiplier",0.0997513451195927,-1.03573271157126,-1.33189687924654,0.1,NA,FALSE,TRUE,FALSE,0.1
1695,"recr(41)",0.03862253131301,-20,20,0,FALSE,"recruit_dev","rel_rec_log",41,NA,NA,NA,0.03862253131301,0,TRUE,NA,1695,1695,-0.119983661449027,"mean_preserving_log_multiplier","log_multiplier",0.0997513451195927,0.0336473658864259,-1.54013990639688,0.1,NA,FALSE,TRUE,FALSE,0.1
1696,"recr(42)",1.17627542259274,-20,20,0,FALSE,"recruit_dev","rel_rec_log",42,NA,NA,NA,1.17627542259274,0,TRUE,NA,1696,1696,1.18763615265809,"mean_preserving_log_multiplier","log_multiplier",0.0997513451195927,1.17130025716616,0.163766167487199,0.1,NA,FALSE,TRUE,FALSE,0.1
1697,"recr(43)",-0.491103848427514,-20,20,0,FALSE,"recruit_dev","rel_rec_log",43,NA,NA,NA,-0.491103848427514,0,TRUE,NA,1697,1697,-0.524485696659854,"mean_preserving_log_multiplier","log_multiplier",0.0997513451195927,-0.496079013854098,-0.284774934831196,0.1,NA,FALSE,TRUE,FALSE,0.1
1698,"recr(44)",-0.393761635001991,-20,20,0,FALSE,"recruit_dev","rel_rec_log",44,NA,NA,NA,-0.393761635001991,0,TRUE,NA,1698,1698,-0.479563181733547,"mean_preserving_log_multiplier","log_multiplier",0.0997513451195927,-0.398736800428575,-0.810278610359273,0.1,NA,FALSE,TRUE,FALSE,0.1
1699,"recr(45)",1.04021511800417,-20,20,0,FALSE,"recruit_dev","rel_rec_log",45,NA,NA,NA,1.04021511800417,0,TRUE,NA,1699,1699,1.14695167741507,"mean_preserving_log_multiplier","log_multiplier",0.0997513451195927,1.03523995257759,1.1199019392025,0.1,NA,FALSE,TRUE,FALSE,0.1
1700,"recr(46)",-0.37619054749603,-20,20,0,FALSE,"recruit_dev","rel_rec_log",46,NA,NA,NA,-0.37619054749603,0,TRUE,NA,1700,1700,-0.37363150108793,"mean_preserving_log_multiplier","log_multiplier",0.0997513451195927,-0.381165712922614,0.0755299271969845,0.1,NA,FALSE,TRUE,FALSE,0.1
1701,"recr(47)",-0.153902611516233,-20,20,0,FALSE,"recruit_dev","rel_rec_log",47,NA,NA,NA,-0.153902611516233,0,TRUE,NA,1701,1701,-0.0217612516064221,"mean_preserving_log_multiplier","log_multiplier",0.0997513451195927,-0.158877776942817,1.37458322162979,0.1,NA,FALSE,TRUE,FALSE,0.1
1702,"recr(48)",0.191779178891228,-20,20,0,FALSE,"recruit_dev","rel_rec_log",48,NA,NA,NA,0.191779178891228,0,TRUE,NA,1702,1702,0.400209299623074,"mean_preserving_log_multiplier","log_multiplier",0.0997513451195927,0.186804013464644,2.13937251575481,0.1,NA,FALSE,TRUE,FALSE,0.1
1703,"recr(49)",1.26835983985348,-20,20,0,FALSE,"recruit_dev","rel_rec_log",49,NA,NA,NA,1.26835983985348,0,TRUE,NA,1703,1703,1.18578340012524,"mean_preserving_log_multiplier","log_multiplier",0.0997513451195927,1.2633846744269,-0.777947146563458,0.1,NA,FALSE,TRUE,FALSE,0.1
1704,"recr(50)",-0.0562926623997804,-20,20,0,FALSE,"recruit_dev","rel_rec_log",50,NA,NA,NA,-0.0562926623997804,0,TRUE,NA,1704,1704,-0.162839565941554,"mean_preserving_log_multiplier","log_multiplier",0.0997513451195927,-0.0612678278263645,-1.01824930775033,0.1,NA,FALSE,TRUE,FALSE,0.1
1705,"recr(51)",-1.42970812733599,-20,20,0,FALSE,"recruit_dev","rel_rec_log",51,NA,NA,NA,-1.42970812733599,0,TRUE,NA,1705,1705,-1.41875802782621,"mean_preserving_log_multiplier","log_multiplier",0.0997513451195927,-1.43468329276258,0.159649625950163,0.1,NA,FALSE,TRUE,FALSE,0.1
1706,"recr(52)",-1.18408668389483,-20,20,0,FALSE,"recruit_dev","rel_rec_log",52,NA,NA,NA,-1.18408668389483,0,TRUE,NA,1706,1706,-1.1459727562862,"mean_preserving_log_multiplier","log_multiplier",0.0997513451195927,-1.18906184932141,0.431965032487076,0.1,NA,FALSE,TRUE,FALSE,0.1
1707,"recr(53)",0.782706641949195,-20,20,0,FALSE,"recruit_dev","rel_rec_log",53,NA,NA,NA,0.782706641949195,0,TRUE,NA,1707,1707,0.649711488416144,"mean_preserving_log_multiplier","log_multiplier",0.0997513451195927,0.777731476522611,-1.28339109565874,0.1,NA,FALSE,TRUE,FALSE,0.1
1708,"recr(54)",0.170780010471557,-20,20,0,FALSE,"recruit_dev","rel_rec_log",54,NA,NA,NA,0.170780010471557,0,TRUE,NA,1708,1708,0.0263504518194314,"mean_preserving_log_multiplier","log_multiplier",0.0997513451195927,0.165804845044973,-1.39802017765624,0.1,NA,FALSE,TRUE,FALSE,0.1
1709,"recr(55)",-0.91852472475573,-20,20,0,FALSE,"recruit_dev","rel_rec_log",55,NA,NA,NA,-0.91852472475573,0,TRUE,NA,1709,1709,-0.840032535477739,"mean_preserving_log_multiplier","log_multiplier",0.0997513451195927,-0.923499890182314,0.836754177144235,0.1,NA,FALSE,TRUE,FALSE,0.1
1710,"recr(56)",-1.68017815585228,-20,20,0,FALSE,"recruit_dev","rel_rec_log",56,NA,NA,NA,-1.68017815585228,0,TRUE,NA,1710,1710,-1.60722910432558,"mean_preserving_log_multiplier","log_multiplier",0.0997513451195927,-1.68515332127886,0.781184623223471,0.1,NA,FALSE,TRUE,FALSE,0.1
1711,"recr(57)",-0.979105970240775,-20,20,0,FALSE,"recruit_dev","rel_rec_log",57,NA,NA,NA,-0.979105970240775,0,TRUE,NA,1711,1711,-1.01694288023095,"mean_preserving_log_multiplier","log_multiplier",0.0997513451195927,-0.984081135667359,-0.329436605834176,0.1,NA,FALSE,TRUE,FALSE,0.1
1712,"recr(58)",1.20813922721765,-20,20,0,FALSE,"recruit_dev","rel_rec_log",58,NA,NA,NA,1.20813922721765,0,TRUE,NA,1712,1712,1.10236512643628,"mean_preserving_log_multiplier","log_multiplier",0.0997513451195927,1.20316406179107,-1.0105020161276,0.1,NA,FALSE,TRUE,FALSE,0.1
1713,"recr(59)",0.298777013821358,-20,20,0,FALSE,"recruit_dev","rel_rec_log",59,NA,NA,NA,0.298777013821358,0,TRUE,NA,1713,1713,0.30560661491036,"mean_preserving_log_multiplier","log_multiplier",0.0997513451195927,0.293801848394774,0.118341928135742,0.1,NA,FALSE,TRUE,FALSE,0.1
1714,"recr(60)",-0.465612650706483,-20,20,0,FALSE,"recruit_dev","rel_rec_log",60,NA,NA,NA,-0.465612650706483,0,TRUE,NA,1714,1714,-0.375000971308233,"mean_preserving_log_multiplier","log_multiplier",0.0997513451195927,-0.470587816133067,0.95825118659036,0.1,NA,FALSE,TRUE,FALSE,0.1
1715,"recr(61)",1.36459336732836,-20,20,0,FALSE,"recruit_dev","rel_rec_log",61,NA,NA,NA,1.36459336732836,0,TRUE,NA,1715,1715,1.14084844513678,"mean_preserving_log_multiplier","log_multiplier",0.0997513451195927,1.35961820190178,-2.19315094450822,0.1,NA,FALSE,TRUE,FALSE,0.1
1716,"recr(62)",-1.51667872570942,-20,20,0,FALSE,"recruit_dev","rel_rec_log",62,NA,NA,NA,-1.51667872570942,0,TRUE,NA,1716,1716,-1.44752437963482,"mean_preserving_log_multiplier","log_multiplier",0.0997513451195927,-1.521653891136,0.74314297629076,0.1,NA,FALSE,TRUE,FALSE,0.1
1717,"recr(63)",-0.840851698498586,-20,20,0,FALSE,"recruit_dev","rel_rec_log",63,NA,NA,NA,-0.840851698498586,0,TRUE,NA,1717,1717,-0.667170358461139,"mean_preserving_log_multiplier","log_multiplier",0.0997513451195927,-0.84582686392517,1.79101850957337,0.1,NA,FALSE,TRUE,FALSE,0.1
1718,"recr(64)",-0.551675568767862,-20,20,0,FALSE,"recruit_dev","rel_rec_log",64,NA,NA,NA,-0.551675568767862,0,TRUE,NA,1718,1718,-0.549500652463588,"mean_preserving_log_multiplier","log_multiplier",0.0997513451195927,-0.556650734194446,0.0716790507665414,0.1,NA,FALSE,TRUE,FALSE,0.1
1719,"recr(65)",0.731186366391975,-20,20,0,FALSE,"recruit_dev","rel_rec_log",65,NA,NA,NA,0.731186366391975,0,TRUE,NA,1719,1719,0.789746722412778,"mean_preserving_log_multiplier","log_multiplier",0.0997513451195927,0.726211200965391,0.636938994368589,0.1,NA,FALSE,TRUE,FALSE,0.1
1720,"recr(66)",-1.0678594583019,-20,20,0,FALSE,"recruit_dev","rel_rec_log",66,NA,NA,NA,-1.0678594583019,0,TRUE,NA,1720,1720,-1.07053750488594,"mean_preserving_log_multiplier","log_multiplier",0.0997513451195927,-1.07283462372848,0.023028449789729,0.1,NA,FALSE,TRUE,FALSE,0.1
1721,"recr(67)",-1.34314815863431,-20,20,0,FALSE,"recruit_dev","rel_rec_log",67,NA,NA,NA,-1.34314815863431,0,TRUE,NA,1721,1721,-1.13550640098454,"mean_preserving_log_multiplier","log_multiplier",0.0997513451195927,-1.34812332406089,2.13146923303586,0.1,NA,FALSE,TRUE,FALSE,0.1
1722,"recr(68)",1.02906829241431,-20,20,0,FALSE,"recruit_dev","rel_rec_log",68,NA,NA,NA,1.02906829241431,0,TRUE,NA,1722,1722,1.16684570145543,"mean_preserving_log_multiplier","log_multiplier",0.0997513451195927,1.02409312698773,1.4310842053965,0.1,NA,FALSE,TRUE,FALSE,0.1
1723,"recr(69)",-0.292158637711921,-20,20,0,FALSE,"recruit_dev","rel_rec_log",69,NA,NA,NA,-0.292158637711921,0,TRUE,NA,1723,1723,-0.181253086204535,"mean_preserving_log_multiplier","log_multiplier",0.0997513451195927,-0.297133803138505,1.16169578259862,0.1,NA,FALSE,TRUE,FALSE,0.1
1724,"recr(70)",0.088046612406561,-20,20,0,FALSE,"recruit_dev","rel_rec_log",70,NA,NA,NA,0.088046612406561,0,TRUE,NA,1724,1724,0.0677493785398932,"mean_preserving_log_multiplier","log_multiplier",0.0997513451195927,0.083071446979977,-0.153602624823897,0.1,NA,FALSE,TRUE,FALSE,0.1
1725,"recr(71)",-0.824352745739248,-20,20,0,FALSE,"recruit_dev","rel_rec_log",71,NA,NA,NA,-0.824352745739248,0,TRUE,NA,1725,1725,-0.987549474301715,"mean_preserving_log_multiplier","log_multiplier",0.0997513451195927,-0.829327911165832,-1.58615969485113,0.1,NA,FALSE,TRUE,FALSE,0.1
1726,"recr(72)",0.889631517116486,-20,20,0,FALSE,"recruit_dev","rel_rec_log",72,NA,NA,NA,0.889631517116486,0,TRUE,NA,1726,1726,0.994753644471382,"mean_preserving_log_multiplier","log_multiplier",0.0997513451195927,0.884656351689902,1.10371737493348,0.1,NA,FALSE,TRUE,FALSE,0.1
1727,"recr(73)",0.799963012966286,-20,20,0,FALSE,"recruit_dev","rel_rec_log",73,NA,NA,NA,0.799963012966286,0,TRUE,NA,1727,1727,0.707574297918534,"mean_preserving_log_multiplier","log_multiplier",0.0997513451195927,0.794987847539702,-0.876314494971141,0.1,NA,FALSE,TRUE,FALSE,0.1
1728,"recr(74)",0.571133452387903,-20,20,0,FALSE,"recruit_dev","rel_rec_log",74,NA,NA,NA,0.571133452387903,0,TRUE,NA,1728,1728,0.567796242066419,"mean_preserving_log_multiplier","log_multiplier",0.0997513451195927,0.566158286961319,0.0164203811300626,0.1,NA,FALSE,TRUE,FALSE,0.1
1729,"recr(75)",-2.23093137953905,-20,20,0,FALSE,"recruit_dev","rel_rec_log",75,NA,NA,NA,-2.23093137953905,0,TRUE,NA,1729,1729,-2.31357999576323,"mean_preserving_log_multiplier","log_multiplier",0.0997513451195927,-2.23590654496563,-0.778670710700464,0.1,NA,FALSE,TRUE,FALSE,0.1
1730,"recr(76)",-1.26624233819574,-20,20,0,FALSE,"recruit_dev","rel_rec_log",76,NA,NA,NA,-1.26624233819574,0,TRUE,NA,1730,1730,-1.20866535721658,"mean_preserving_log_multiplier","log_multiplier",0.0997513451195927,-1.27121750362232,0.627080730898902,0.1,NA,FALSE,TRUE,FALSE,0.1
1731,"recr(77)",-1.0249485715626,-20,20,0,FALSE,"recruit_dev","rel_rec_log",77,NA,NA,NA,-1.0249485715626,0,TRUE,NA,1731,1731,-1.09696087280938,"mean_preserving_log_multiplier","log_multiplier",0.0997513451195927,-1.02992373698919,-0.672042424488824,0.1,NA,FALSE,TRUE,FALSE,0.1
1732,"recr(78)",-1.26511832685734,-20,20,0,FALSE,"recruit_dev","rel_rec_log",78,NA,NA,NA,-1.26511832685734,0,TRUE,NA,1732,1732,-1.2318918327693,"mean_preserving_log_multiplier","log_multiplier",0.0997513451195927,-1.27009349228393,0.382968865921784,0.1,NA,FALSE,TRUE,FALSE,0.1
1733,"recr(79)",-2.20778313168057,-20,20,0,FALSE,"recruit_dev","rel_rec_log",79,NA,NA,NA,-2.20778313168057,0,TRUE,NA,1733,1733,-2.13544415192519,"mean_preserving_log_multiplier","log_multiplier",0.0997513451195927,-2.21275829710716,0.775068697963695,0.1,NA,FALSE,TRUE,FALSE,0.1
1734,"recr(80)",0.988748724405304,-20,20,0,FALSE,"recruit_dev","rel_rec_log",80,NA,NA,NA,0.988748724405304,0,TRUE,NA,1734,1734,0.917840932265994,"mean_preserving_log_multiplier","log_multiplier",0.0997513451195927,0.98377355897872,-0.660969800794949,0.1,NA,FALSE,TRUE,FALSE,0.1
1735,"recr(81)",-0.076070233787348,-20,20,0,FALSE,"recruit_dev","rel_rec_log",81,NA,NA,NA,-0.076070233787348,0,TRUE,NA,1735,1735,0.0639825123228058,"mean_preserving_log_multiplier","log_multiplier",0.0997513451195927,-0.0810453992139321,1.45389429448658,0.1,NA,FALSE,TRUE,FALSE,0.1
1736,"recr(82)",-0.0161798078801357,-20,20,0,FALSE,"recruit_dev","rel_rec_log",82,NA,NA,NA,-0.0161798078801357,0,TRUE,NA,1736,1736,-0.0578591714915892,"mean_preserving_log_multiplier","log_multiplier",0.0997513451195927,-0.0211549733067197,-0.367956924699758,0.1,NA,FALSE,TRUE,FALSE,0.1
1737,"recr(83)",0.100283245374559,-20,20,0,FALSE,"recruit_dev","rel_rec_log",83,NA,NA,NA,0.100283245374559,0,TRUE,NA,1737,1737,-0.0994677340959294,"mean_preserving_log_multiplier","log_multiplier",0.0997513451195927,0.095308079947975,-1.95261340897595,0.1,NA,FALSE,TRUE,FALSE,0.1
1738,"recr(84)",-0.650148635764154,-20,20,0,FALSE,"recruit_dev","rel_rec_log",84,NA,NA,NA,-0.650148635764154,0,TRUE,NA,1738,1738,-0.741358187101977,"mean_preserving_log_multiplier","log_multiplier",0.0997513451195927,-0.655123801190738,-0.864493464302182,0.1,NA,FALSE,TRUE,FALSE,0.1
1739,"recr(85)",0.303758192773528,-20,20,0,FALSE,"recruit_dev","rel_rec_log",85,NA,NA,NA,0.303758192773528,0,TRUE,NA,1739,1739,0.336482522533528,"mean_preserving_log_multiplier","log_multiplier",0.0997513451195927,0.298783027346943,0.377934704954467,0.1,NA,FALSE,TRUE,FALSE,0.1
1740,"recr(86)",0.59720638498745,-20,20,0,FALSE,"recruit_dev","rel_rec_log",86,NA,NA,NA,0.59720638498745,0,TRUE,NA,1740,1740,0.63666777366538,"mean_preserving_log_multiplier","log_multiplier",0.0997513451195927,0.592231219560866,0.445473231977361,0.1,NA,FALSE,TRUE,FALSE,0.1
1741,"recr(87)",-1.09384955941257,-20,20,0,FALSE,"recruit_dev","rel_rec_log",87,NA,NA,NA,-1.09384955941257,0,TRUE,NA,1741,1741,-0.9929430869735,"mean_preserving_log_multiplier","log_multiplier",0.0997513451195927,-1.09882472483916,1.06145574015785,0.1,NA,FALSE,TRUE,FALSE,0.1
1742,"recr(88)",0.717868977284207,-20,20,0,FALSE,"recruit_dev","rel_rec_log",88,NA,NA,NA,0.717868977284207,0,TRUE,NA,1742,1742,0.751865442332869,"mean_preserving_log_multiplier","log_multiplier",0.0997513451195927,0.712893811857623,0.39068776895713,0.1,NA,FALSE,TRUE,FALSE,0.1
1743,"recr(89)",-0.387855533634305,-20,20,0,FALSE,"recruit_dev","rel_rec_log",89,NA,NA,NA,-0.387855533634305,0,TRUE,NA,1743,1743,-0.36757031325752,"mean_preserving_log_multiplier","log_multiplier",0.0997513451195927,-0.392830699060889,0.253233535578729,0.1,NA,FALSE,TRUE,FALSE,0.1
1744,"recr(90)",-1.42265503610776,-20,20,0,FALSE,"recruit_dev","rel_rec_log",90,NA,NA,NA,-1.42265503610776,0,TRUE,NA,1744,1744,-1.49620057405832,"mean_preserving_log_multiplier","log_multiplier",0.0997513451195927,-1.42763020153434,-0.687413011240757,0.1,NA,FALSE,TRUE,FALSE,0.1
1745,"recr(91)",0.0435478387394442,-20,20,0,FALSE,"recruit_dev","rel_rec_log",91,NA,NA,NA,0.0435478387394442,0,TRUE,NA,1745,1745,0.0798212457042095,"mean_preserving_log_multiplier","log_multiplier",0.0997513451195927,0.0385726733128602,0.413513946522686,0.1,NA,FALSE,TRUE,FALSE,0.1
1746,"recr(92)",-0.291838396787831,-20,20,0,FALSE,"recruit_dev","rel_rec_log",92,NA,NA,NA,-0.291838396787831,0,TRUE,NA,1746,1746,-0.316958005687412,"mean_preserving_log_multiplier","log_multiplier",0.0997513451195927,-0.296813562214415,-0.201946584768811,0.1,NA,FALSE,TRUE,FALSE,0.1
1747,"recr(93)",-0.850721033901543,-20,20,0,FALSE,"recruit_dev","rel_rec_log",93,NA,NA,NA,-0.850721033901543,0,TRUE,NA,1747,1747,-0.925626193419479,"mean_preserving_log_multiplier","log_multiplier",0.0997513451195927,-0.855696199328127,-0.701043118842281,0.1,NA,FALSE,TRUE,FALSE,0.1
1748,"recr(94)",1.53279265829391,-20,20,0,FALSE,"recruit_dev","rel_rec_log",94,NA,NA,NA,1.53279265829391,0,TRUE,NA,1748,1748,1.42311753277434,"mean_preserving_log_multiplier","log_multiplier",0.0997513451195927,1.52781749286732,-1.04960950619221,0.1,NA,FALSE,TRUE,FALSE,0.1
1749,"recr(95)",1.30410903961092,-20,20,0,FALSE,"recruit_dev","rel_rec_log",95,NA,NA,NA,1.30410903961092,0,TRUE,NA,1749,1749,1.18612640309698,"mean_preserving_log_multiplier","log_multiplier",0.0997513451195927,1.29913387418434,-1.13289170137882,0.1,NA,FALSE,TRUE,FALSE,0.1
1750,"recr(96)",-0.591519848335467,-20,20,0,FALSE,"recruit_dev","rel_rec_log",96,NA,NA,NA,-0.591519848335467,0,TRUE,NA,1750,1750,-0.547726593404316,"mean_preserving_log_multiplier","log_multiplier",0.0997513451195927,-0.596495013762051,0.488899876981764,0.1,NA,FALSE,TRUE,FALSE,0.1
1751,"recr(97)",-0.211872729649862,-20,20,0,FALSE,"recruit_dev","rel_rec_log",97,NA,NA,NA,-0.211872729649862,0,TRUE,NA,1751,1751,-0.282840240332329,"mean_preserving_log_multiplier","log_multiplier",0.0997513451195927,-0.216847895076446,-0.661568474858797,0.1,NA,FALSE,TRUE,FALSE,0.1
1752,"recr(98)",-1.16983719992831,-20,20,0,FALSE,"recruit_dev","rel_rec_log",98,NA,NA,NA,-1.16983719992831,0,TRUE,NA,1752,1752,-1.1982261485381,"mean_preserving_log_multiplier","log_multiplier",0.0997513451195927,-1.1748123653549,-0.23472147824308,0.1,NA,FALSE,TRUE,FALSE,0.1
1753,"recr(99)",-0.328756850849142,-20,20,0,FALSE,"recruit_dev","rel_rec_log",99,NA,NA,NA,-0.328756850849142,0,TRUE,NA,1753,1753,-0.316476047825016,"mean_preserving_log_multiplier","log_multiplier",0.0997513451195927,-0.333732016275727,0.172989832167401,0.1,NA,FALSE,TRUE,FALSE,0.1
1754,"recr(100)",-0.371303860696362,-20,20,0,FALSE,"recruit_dev","rel_rec_log",100,NA,NA,NA,-0.371303860696362,0,TRUE,NA,1754,1754,-0.465558672126293,"mean_preserving_log_multiplier","log_multiplier",0.0997513451195927,-0.376279026122946,-0.895021975857151,0.1,NA,FALSE,TRUE,FALSE,0.1
1755,"recr(101)",1.22418294708978,-20,20,0,FALSE,"recruit_dev","rel_rec_log",101,NA,NA,NA,1.22418294708978,0,TRUE,NA,1755,1755,1.05715388577056,"mean_preserving_log_multiplier","log_multiplier",0.0997513451195927,1.2192077816632,-1.62457855278397,0.1,NA,FALSE,TRUE,FALSE,0.1
1756,"recr(102)",-2.00841977481258,-20,20,0,FALSE,"recruit_dev","rel_rec_log",102,NA,NA,NA,-2.00841977481258,0,TRUE,NA,1756,1756,-2.04786453428537,"mean_preserving_log_multiplier","log_multiplier",0.0997513451195927,-2.01339494023916,-0.345555180282329,0.1,NA,FALSE,TRUE,FALSE,0.1
1757,"recr(103)",-1.42003167923496,-20,20,0,FALSE,"recruit_dev","rel_rec_log",103,NA,NA,NA,-1.42003167923496,0,TRUE,NA,1757,1757,-1.43986846991533,"mean_preserving_log_multiplier","log_multiplier",0.0997513451195927,-1.42500684466155,-0.148986715276495,0.1,NA,FALSE,TRUE,FALSE,0.1
1758,"recr(104)",1.21068347525702,-20,20,0,FALSE,"recruit_dev","rel_rec_log",104,NA,NA,NA,1.21068347525702,0,TRUE,NA,1758,1758,1.37576707745216,"mean_preserving_log_multiplier","log_multiplier",0.0997513451195927,1.20570830983043,1.70482681128607,0.1,NA,FALSE,TRUE,FALSE,0.1
1759,"recr(105)",0.437837333187851,-20,20,0,FALSE,"recruit_dev","rel_rec_log",105,NA,NA,NA,0.437837333187851,0,TRUE,NA,1759,1759,0.30940293921666,"mean_preserving_log_multiplier","log_multiplier",0.0997513451195927,0.432862167761267,-1.23766981183652,0.1,NA,FALSE,TRUE,FALSE,0.1
1760,"recr(106)",-2.00485956203992,-20,20,0,FALSE,"recruit_dev","rel_rec_log",106,NA,NA,NA,-2.00485956203992,0,TRUE,NA,1760,1760,-2.19866850653807,"mean_preserving_log_multiplier","log_multiplier",0.0997513451195927,-2.00983472746651,-1.89304493934556,0.1,NA,FALSE,TRUE,FALSE,0.1
1761,"recr(107)",-2.40811191815736,-20,20,0,FALSE,"recruit_dev","rel_rec_log",107,NA,NA,NA,-2.40811191815736,0,TRUE,NA,1761,1761,-2.35341699041185,"mean_preserving_log_multiplier","log_multiplier",0.0997513451195927,-2.41308708358394,0.598188356262808,0.1,NA,FALSE,TRUE,FALSE,0.1
1762,"recr(108)",-1.28956922358598,-20,20,0,FALSE,"recruit_dev","rel_rec_log",108,NA,NA,NA,-1.28956922358598,0,TRUE,NA,1762,1762,-1.26784228154463,"mean_preserving_log_multiplier","log_multiplier",0.0997513451195927,-1.29454438901256,0.267686690699954,0.1,NA,FALSE,TRUE,FALSE,0.1
1763,"recr(109)",0.637359159866128,-20,20,0,FALSE,"recruit_dev","rel_rec_log",109,NA,NA,NA,0.637359159866128,0,TRUE,NA,1763,1763,0.689791388128297,"mean_preserving_log_multiplier","log_multiplier",0.0997513451195927,0.632383994439544,0.575504958052706,0.1,NA,FALSE,TRUE,FALSE,0.1
1764,"recr(110)",-0.884751215794119,-20,20,0,FALSE,"recruit_dev","rel_rec_log",110,NA,NA,NA,-0.884751215794119,0,TRUE,NA,1764,1764,-0.866737310868313,"mean_preserving_log_multiplier","log_multiplier",0.0997513451195927,-0.889726381220703,0.230463762917972,0.1,NA,FALSE,TRUE,FALSE,0.1
1765,"recr(111)",-0.114034198867078,-20,20,0,FALSE,"recruit_dev","rel_rec_log",111,NA,NA,NA,-0.114034198867078,0,TRUE,NA,1765,1765,-0.280428470554442,"mean_preserving_log_multiplier","log_multiplier",0.0997513451195927,-0.119009364293662,-1.61821483276495,0.1,NA,FALSE,TRUE,FALSE,0.1
1766,"recr(112)",-0.286383655947102,-20,20,0,FALSE,"recruit_dev","rel_rec_log",112,NA,NA,NA,-0.286383655947102,0,TRUE,NA,1766,1766,-0.359774957578681,"mean_preserving_log_multiplier","log_multiplier",0.0997513451195927,-0.291358821373686,-0.685866803329526,0.1,NA,FALSE,TRUE,FALSE,0.1
1767,"recr(113)",0.642207902303426,-20,20,0,FALSE,"recruit_dev","rel_rec_log",113,NA,NA,NA,0.642207902303426,0,TRUE,NA,1767,1767,0.836431594221337,"mean_preserving_log_multiplier","log_multiplier",0.0997513451195927,0.637232736876842,1.9969540972673,0.1,NA,FALSE,TRUE,FALSE,0.1
1768,"recr(114)",0.511849395009608,-20,20,0,FALSE,"recruit_dev","rel_rec_log",114,NA,NA,NA,0.511849395009608,0,TRUE,NA,1768,1768,0.488188021024676,"mean_preserving_log_multiplier","log_multiplier",0.0997513451195927,0.506874229583024,-0.187327885513177,0.1,NA,FALSE,TRUE,FALSE,0.1
1769,"recr(115)",-0.818123360734149,-20,20,0,FALSE,"recruit_dev","rel_rec_log",115,NA,NA,NA,-0.818123360734149,0,TRUE,NA,1769,1769,-0.793273089751157,"mean_preserving_log_multiplier","log_multiplier",0.0997513451195927,-0.823098526160733,0.298997836809303,0.1,NA,FALSE,TRUE,FALSE,0.1
1770,"recr(116)",-0.218006332548456,-20,20,0,FALSE,"recruit_dev","rel_rec_log",116,NA,NA,NA,-0.218006332548456,0,TRUE,NA,1770,1770,-0.278035327210473,"mean_preserving_log_multiplier","log_multiplier",0.0997513451195927,-0.22298149797504,-0.551910645108887,0.1,NA,FALSE,TRUE,FALSE,0.1
1771,"recr(117)",0.865132042605582,-20,20,0,FALSE,"recruit_dev","rel_rec_log",117,NA,NA,NA,0.865132042605582,0,TRUE,NA,1771,1771,0.793801873859575,"mean_preserving_log_multiplier","log_multiplier",0.0997513451195927,0.860156877178998,-0.66520409564271,0.1,NA,FALSE,TRUE,FALSE,0.1
1772,"recr(118)",-0.519757563296611,-20,20,0,FALSE,"recruit_dev","rel_rec_log",118,NA,NA,NA,-0.519757563296611,0,TRUE,NA,1772,1772,-0.420359984214598,"mean_preserving_log_multiplier","log_multiplier",0.0997513451195927,-0.524732728723195,1.04632919369121,0.1,NA,FALSE,TRUE,FALSE,0.1
1773,"recr(119)",0.676599281739597,-20,20,0,FALSE,"recruit_dev","rel_rec_log",119,NA,NA,NA,0.676599281739597,0,TRUE,NA,1773,1773,0.601226876515107,"mean_preserving_log_multiplier","log_multiplier",0.0997513451195927,0.671624116313013,-0.70572722316182,0.1,NA,FALSE,TRUE,FALSE,0.1
1774,"recr(120)",0.626005478370125,-20,20,0,FALSE,"recruit_dev","rel_rec_log",120,NA,NA,NA,0.626005478370125,0,TRUE,NA,1774,1774,0.608221554243758,"mean_preserving_log_multiplier","log_multiplier",0.0997513451195927,0.621030312943541,-0.128406876964179,0.1,NA,FALSE,TRUE,FALSE,0.1
1775,"recr(121)",0.447700882662942,-20,20,0,FALSE,"recruit_dev","rel_rec_log",121,NA,NA,NA,0.447700882662942,0,TRUE,NA,1775,1775,0.37173490823385,"mean_preserving_log_multiplier","log_multiplier",0.0997513451195927,0.442725717236358,-0.711677711387212,0.1,NA,FALSE,TRUE,FALSE,0.1
1776,"recr(122)",0.627924569252943,-20,20,0,FALSE,"recruit_dev","rel_rec_log",122,NA,NA,NA,0.627924569252943,0,TRUE,NA,1776,1776,0.644019805201024,"mean_preserving_log_multiplier","log_multiplier",0.0997513451195927,0.622949403826359,0.211229245574616,0.1,NA,FALSE,TRUE,FALSE,0.1
1777,"recr(123)",0.737832906870907,-20,20,0,FALSE,"recruit_dev","rel_rec_log",123,NA,NA,NA,0.737832906870907,0,TRUE,NA,1777,1777,0.646975665423455,"mean_preserving_log_multiplier","log_multiplier",0.0997513451195927,0.732857741444323,-0.86096158320375,0.1,NA,FALSE,TRUE,FALSE,0.1
1778,"recr(124)",-0.463370721739697,-20,20,0,FALSE,"recruit_dev","rel_rec_log",124,NA,NA,NA,-0.463370721739697,0,TRUE,NA,1778,1778,-0.361765902728622,"mean_preserving_log_multiplier","log_multiplier",0.0997513451195927,-0.468345887166281,1.06845661389207,0.1,NA,FALSE,TRUE,FALSE,0.1
1779,"recr(125)",0.210621262376328,-20,20,0,FALSE,"recruit_dev","rel_rec_log",125,NA,NA,NA,0.210621262376328,0,TRUE,NA,1779,1779,0.186709680835314,"mean_preserving_log_multiplier","log_multiplier",0.0997513451195927,0.205646096949744,-0.189836198115694,0.1,NA,FALSE,TRUE,FALSE,0.1
1780,"recr(126)",0.397699222422107,-20,20,0,FALSE,"recruit_dev","rel_rec_log",126,NA,NA,NA,0.397699222422107,0,TRUE,NA,1780,1780,0.452385602397559,"mean_preserving_log_multiplier","log_multiplier",0.0997513451195927,0.392724056995523,0.598102665487936,0.1,NA,FALSE,TRUE,FALSE,0.1
1781,"recr(127)",0.21720774200834,-20,20,0,FALSE,"recruit_dev","rel_rec_log",127,NA,NA,NA,0.21720774200834,0,TRUE,NA,1781,1781,0.0729873584075252,"mean_preserving_log_multiplier","log_multiplier",0.0997513451195927,0.212232576581756,-1.39592321293802,0.1,NA,FALSE,TRUE,FALSE,0.1
1782,"recr(128)",0.363369769439658,-20,20,0,FALSE,"recruit_dev","rel_rec_log",128,NA,NA,NA,0.363369769439658,0,TRUE,NA,1782,1782,0.308342217152609,"mean_preserving_log_multiplier","log_multiplier",0.0997513451195927,0.358394604013073,-0.501771548047358,0.1,NA,FALSE,TRUE,FALSE,0.1
1783,"recr(129)",-0.664355387621245,-20,20,0,FALSE,"recruit_dev","rel_rec_log",129,NA,NA,NA,-0.664355387621245,0,TRUE,NA,1783,1783,-0.71421912623606,"mean_preserving_log_multiplier","log_multiplier",0.0997513451195927,-0.669330553047829,-0.45000469050732,0.1,NA,FALSE,TRUE,FALSE,0.1
1784,"recr(130)",-0.109083907772245,-20,20,0,FALSE,"recruit_dev","rel_rec_log",130,NA,NA,NA,-0.109083907772245,0,TRUE,NA,1784,1784,-0.0366613249387202,"mean_preserving_log_multiplier","log_multiplier",0.0997513451195927,-0.114059073198829,0.775906812758427,0.1,NA,FALSE,TRUE,FALSE,0.1
1785,"recr(131)",-0.649756290622938,-20,20,0,FALSE,"recruit_dev","rel_rec_log",131,NA,NA,NA,-0.649756290622938,0,TRUE,NA,1785,1785,-0.748046163124588,"mean_preserving_log_multiplier","log_multiplier",0.0997513451195927,-0.654731456049522,-0.935473170443865,0.1,NA,FALSE,TRUE,FALSE,0.1
1786,"recr(132)",0.256202647326731,-20,20,0,FALSE,"recruit_dev","rel_rec_log",132,NA,NA,NA,0.256202647326731,0,TRUE,NA,1786,1786,0.414766962378236,"mean_preserving_log_multiplier","log_multiplier",0.0997513451195927,0.251227481900147,1.63947143050572,0.1,NA,FALSE,TRUE,FALSE,0.1
1787,"recr(133)",1.06867424826519,-20,20,0,FALSE,"recruit_dev","rel_rec_log",133,NA,NA,NA,1.06867424826519,0,TRUE,NA,1787,1787,0.874857979092668,"mean_preserving_log_multiplier","log_multiplier",0.0997513451195927,1.06369908283861,-1.89311836867498,0.1,NA,FALSE,TRUE,FALSE,0.1
1788,"recr(134)",-0.526892543297365,-20,20,0,FALSE,"recruit_dev","rel_rec_log",134,NA,NA,NA,-0.526892543297365,0,TRUE,NA,1788,1788,-0.624312339502818,"mean_preserving_log_multiplier","log_multiplier",0.0997513451195927,-0.531867708723949,-0.926750718679899,0.1,NA,FALSE,TRUE,FALSE,0.1
1789,"recr(135)",0.1161357682681,-20,20,0,FALSE,"recruit_dev","rel_rec_log",135,NA,NA,NA,0.1161357682681,0,TRUE,NA,1789,1789,0.26088685839169,"mean_preserving_log_multiplier","log_multiplier",0.0997513451195927,0.111160602841516,1.50099485245704,0.1,NA,FALSE,TRUE,FALSE,0.1
1790,"recr(136)",1.17740846334654,-20,20,0,FALSE,"recruit_dev","rel_rec_log",136,NA,NA,NA,1.17740846334654,0,TRUE,NA,1790,1790,1.27417294346754,"mean_preserving_log_multiplier","log_multiplier",0.0997513451195927,1.17243329791995,1.01993256758204,0.1,NA,FALSE,TRUE,FALSE,0.1
1791,"recr(137)",0.726140737793454,-20,20,0,FALSE,"recruit_dev","rel_rec_log",137,NA,NA,NA,0.726140737793454,0,TRUE,NA,1791,1791,0.77248852286395,"mean_preserving_log_multiplier","log_multiplier",0.0997513451195927,0.72116557236687,0.514508856352251,0.1,NA,FALSE,TRUE,FALSE,0.1
1792,"recr(138)",-0.862602428001889,-20,20,0,FALSE,"recruit_dev","rel_rec_log",138,NA,NA,NA,-0.862602428001889,0,TRUE,NA,1792,1792,-0.770247661437144,"mean_preserving_log_multiplier","log_multiplier",0.0997513451195927,-0.867577593428474,0.975725509010829,0.1,NA,FALSE,TRUE,FALSE,0.1
1793,"recr(139)",-0.145632673081803,-20,20,0,FALSE,"recruit_dev","rel_rec_log",139,NA,NA,NA,-0.145632673081803,0,TRUE,NA,1793,1793,-0.0653963620514239,"mean_preserving_log_multiplier","log_multiplier",0.0997513451195927,-0.150607838508387,0.854238871213242,0.1,NA,FALSE,TRUE,FALSE,0.1
1794,"recr(140)",0.392137287572116,-20,20,0,FALSE,"recruit_dev","rel_rec_log",140,NA,NA,NA,0.392137287572116,0,TRUE,NA,1794,1794,0.321287969161518,"mean_preserving_log_multiplier","log_multiplier",0.0997513451195927,0.387162122145532,-0.660383605905631,0.1,NA,FALSE,TRUE,FALSE,0.1
1795,"recr(141)",0.326128793046937,-20,20,0,FALSE,"recruit_dev","rel_rec_log",141,NA,NA,NA,0.326128793046937,0,TRUE,NA,1795,1795,0.177786302414801,"mean_preserving_log_multiplier","log_multiplier",0.0997513451195927,0.321153627620353,-1.43724703695642,0.1,NA,FALSE,TRUE,FALSE,0.1
1796,"recr(142)",-1.26189616030096,-20,20,0,FALSE,"recruit_dev","rel_rec_log",142,NA,NA,NA,-1.26189616030096,0,TRUE,NA,1796,1796,-1.26062520926131,"mean_preserving_log_multiplier","log_multiplier",0.0997513451195927,-1.26687132572754,0.0626168645519684,0.1,NA,FALSE,TRUE,FALSE,0.1
1797,"recr(143)",-0.478741650062293,-20,20,0,FALSE,"recruit_dev","rel_rec_log",143,NA,NA,NA,-0.478741650062293,0,TRUE,NA,1797,1797,-0.577217156606966,"mean_preserving_log_multiplier","log_multiplier",0.0997513451195927,-0.483716815488877,-0.9373341382614,0.1,NA,FALSE,TRUE,FALSE,0.1
1798,"recr(144)",1.40578352323787,-20,20,0,FALSE,"recruit_dev","rel_rec_log",144,NA,NA,NA,1.40578352323787,0,TRUE,NA,1798,1798,1.37550189944989,"mean_preserving_log_multiplier","log_multiplier",0.0997513451195927,1.40080835781129,-0.253695409631376,0.1,NA,FALSE,TRUE,FALSE,0.1
1799,"recr(145)",1.34770367615317,-20,20,0,FALSE,"recruit_dev","rel_rec_log",145,NA,NA,NA,1.34770367615317,0,TRUE,NA,1799,1799,1.28347705400587,"mean_preserving_log_multiplier","log_multiplier",0.0997513451195927,1.34272851072659,-0.593991556200944,0.1,NA,FALSE,TRUE,FALSE,0.1
1800,"recr(146)",0.116381352888485,-20,20,0,FALSE,"recruit_dev","rel_rec_log",146,NA,NA,NA,0.116381352888485,0,TRUE,NA,1800,1800,0.0981535285809474,"mean_preserving_log_multiplier","log_multiplier",0.0997513451195927,0.111406187461901,-0.132856944084963,0.1,NA,FALSE,TRUE,FALSE,0.1
1801,"recr(147)",-1.49553498178755,-20,20,0,FALSE,"recruit_dev","rel_rec_log",147,NA,NA,NA,-1.49553498178755,0,TRUE,NA,1801,1801,-1.47202474666477,"mean_preserving_log_multiplier","log_multiplier",0.0997513451195927,-1.50051014721413,0.285564074501591,0.1,NA,FALSE,TRUE,FALSE,0.1
1802,"recr(148)",1.26829514559297,-20,20,0,FALSE,"recruit_dev","rel_rec_log",148,NA,NA,NA,1.26829514559297,0,TRUE,NA,1802,1802,1.1849151070442,"mean_preserving_log_multiplier","log_multiplier",0.0997513451195927,1.26331998016639,-0.786003166455439,0.1,NA,FALSE,TRUE,FALSE,0.1
1803,"recr(149)",-0.250656464054686,-20,20,0,FALSE,"recruit_dev","rel_rec_log",149,NA,NA,NA,-0.250656464054686,0,TRUE,NA,1803,1803,-0.0956472142955325,"mean_preserving_log_multiplier","log_multiplier",0.0997513451195927,-0.25563162948127,1.60383215879376,0.1,NA,FALSE,TRUE,FALSE,0.1
1804,"recr(150)",-1.57273287184611,-20,20,0,FALSE,"recruit_dev","rel_rec_log",150,NA,NA,NA,-1.57273287184611,0,TRUE,NA,1804,1804,-1.48574621262547,"mean_preserving_log_multiplier","log_multiplier",0.0997513451195927,-1.57770803727269,0.92191062222732,0.1,NA,FALSE,TRUE,FALSE,0.1
1805,"recr(151)",0.430771437245357,-20,20,0,FALSE,"recruit_dev","rel_rec_log",151,NA,NA,NA,0.430771437245357,0,TRUE,NA,1805,1805,0.513395634121925,"mean_preserving_log_multiplier","log_multiplier",0.0997513451195927,0.425796271818773,0.8781772536313,0.1,NA,FALSE,TRUE,FALSE,0.1
1806,"recr(152)",0.358786481913579,-20,20,0,FALSE,"recruit_dev","rel_rec_log",152,NA,NA,NA,0.358786481913579,0,TRUE,NA,1806,1806,0.16282774835014,"mean_preserving_log_multiplier","log_multiplier",0.0997513451195927,0.353811316486995,-1.91459641880401,0.1,NA,FALSE,TRUE,FALSE,0.1
1807,"recr(153)",0.564825418619521,-20,20,0,FALSE,"recruit_dev","rel_rec_log",153,NA,NA,NA,0.564825418619521,0,TRUE,NA,1807,1807,0.437967428071156,"mean_preserving_log_multiplier","log_multiplier",0.0997513451195927,0.559850253192937,-1.221866481857,0.1,NA,FALSE,TRUE,FALSE,0.1
1808,"recr(154)",0.585262977006528,-20,20,0,FALSE,"recruit_dev","rel_rec_log",154,NA,NA,NA,0.585262977006528,0,TRUE,NA,1808,1808,0.560903304679457,"mean_preserving_log_multiplier","log_multiplier",0.0997513451195927,0.580287811579943,-0.194328275746519,0.1,NA,FALSE,TRUE,FALSE,0.1
1809,"recr(155)",-1.35727277089638,-20,20,0,FALSE,"recruit_dev","rel_rec_log",155,NA,NA,NA,-1.35727277089638,0,TRUE,NA,1809,1809,-1.29643742976244,"mean_preserving_log_multiplier","log_multiplier",0.0997513451195927,-1.36224793632296,0.659745555126273,0.1,NA,FALSE,TRUE,FALSE,0.1
1810,"recr(156)",0.968934528441313,-20,20,0,FALSE,"recruit_dev","rel_rec_log",156,NA,NA,NA,0.968934528441313,0,TRUE,NA,1810,1810,0.898877435990239,"mean_preserving_log_multiplier","log_multiplier",0.0997513451195927,0.963959363014729,-0.652441598120441,0.1,NA,FALSE,TRUE,FALSE,0.1
1811,"recr(157)",-0.713236695165395,-20,20,0,FALSE,"recruit_dev","rel_rec_log",157,NA,NA,NA,-0.713236695165395,0,TRUE,NA,1811,1811,-0.745158222793437,"mean_preserving_log_multiplier","log_multiplier",0.0997513451195927,-0.718211860591979,-0.270135326688087,0.1,NA,FALSE,TRUE,FALSE,0.1
1812,"recr(158)",-0.368941802899599,-20,20,0,FALSE,"recruit_dev","rel_rec_log",158,NA,NA,NA,-0.368941802899599,0,TRUE,NA,1812,1812,-0.291050976376911,"mean_preserving_log_multiplier","log_multiplier",0.0997513451195927,-0.373916968326183,0.830725559138311,0.1,NA,FALSE,TRUE,FALSE,0.1
1813,"recr(159)",-0.158842189254446,-20,20,0,FALSE,"recruit_dev","rel_rec_log",159,NA,NA,NA,-0.158842189254446,0,TRUE,NA,1813,1813,-0.231830168772932,"mean_preserving_log_multiplier","log_multiplier",0.0997513451195927,-0.163817354681031,-0.681823528398139,0.1,NA,FALSE,TRUE,FALSE,0.1
1814,"recr(160)",0.605982461264138,-20,20,0,FALSE,"recruit_dev","rel_rec_log",160,NA,NA,NA,0.605982461264138,0,TRUE,NA,1814,1814,0.608655549414143,"mean_preserving_log_multiplier","log_multiplier",0.0997513451195927,0.601007295837554,0.0766731873882953,0.1,NA,FALSE,TRUE,FALSE,0.1
1815,"recr(161)",0.0432998285654835,-20,20,0,FALSE,"recruit_dev","rel_rec_log",161,NA,NA,NA,0.0432998285654835,0,TRUE,NA,1815,1815,0.0170758342410675,"mean_preserving_log_multiplier","log_multiplier",0.0997513451195927,0.0383246631388995,-0.213017968553272,0.1,NA,FALSE,TRUE,FALSE,0.1
1816,"recr(162)",0.475744653227163,-20,20,0,FALSE,"recruit_dev","rel_rec_log",162,NA,NA,NA,0.475744653227163,0,TRUE,NA,1816,1816,0.402053345097184,"mean_preserving_log_multiplier","log_multiplier",0.0997513451195927,0.470769487800579,-0.688874346716929,0.1,NA,FALSE,TRUE,FALSE,0.1
1817,"recr(163)",0.886205605540986,-20,20,0,FALSE,"recruit_dev","rel_rec_log",163,NA,NA,NA,0.886205605540986,0,TRUE,NA,1817,1817,0.763949990717361,"mean_preserving_log_multiplier","log_multiplier",0.0997513451195927,0.881230440114402,-1.17572799902028,0.1,NA,FALSE,TRUE,FALSE,0.1
1818,"recr(164)",0.891248175951634,-20,20,0,FALSE,"recruit_dev","rel_rec_log",164,NA,NA,NA,0.891248175951634,0,TRUE,NA,1818,1818,0.840327825233427,"mean_preserving_log_multiplier","log_multiplier",0.0997513451195927,0.88627301052505,-0.460597150209243,0.1,NA,FALSE,TRUE,FALSE,0.1
1819,"recr(165)",-0.307772312455111,-20,20,0,FALSE,"recruit_dev","rel_rec_log",165,NA,NA,NA,-0.307772312455111,0,TRUE,NA,1819,1819,-0.263892758539492,"mean_preserving_log_multiplier","log_multiplier",0.0997513451195927,-0.312747477881695,0.489765018041916,0.1,NA,FALSE,TRUE,FALSE,0.1
1820,"recr(166)",-0.428086907775602,-20,20,0,FALSE,"recruit_dev","rel_rec_log",166,NA,NA,NA,-0.428086907775602,0,TRUE,NA,1820,1820,-0.463549504971189,"mean_preserving_log_multiplier","log_multiplier",0.0997513451195927,-0.433062073202186,-0.305634292273969,0.1,NA,FALSE,TRUE,FALSE,0.1
1821,"recr(167)",-0.366508546161729,-20,20,0,FALSE,"recruit_dev","rel_rec_log",167,NA,NA,NA,-0.366508546161729,0,TRUE,NA,1821,1821,-0.151650628518051,"mean_preserving_log_multiplier","log_multiplier",0.0997513451195927,-0.371483711588313,2.20381071359692,0.1,NA,FALSE,TRUE,FALSE,0.1
1822,"recr(168)",0.0274781740284302,-20,20,0,FALSE,"recruit_dev","rel_rec_log",168,NA,NA,NA,0.0274781740284302,0,TRUE,NA,1822,1822,-0.0449083789852084,"mean_preserving_log_multiplier","log_multiplier",0.0997513451195927,0.0225030086018462,-0.675794271307665,0.1,NA,FALSE,TRUE,FALSE,0.1
1823,"recr(169)",0.248269383802298,-20,20,0,FALSE,"recruit_dev","rel_rec_log",169,NA,NA,NA,0.248269383802298,0,TRUE,NA,1823,1823,-0.0275116355921592,"mean_preserving_log_multiplier","log_multiplier",0.0997513451195927,0.243294218375714,-2.71480904486252,0.1,NA,FALSE,TRUE,FALSE,0.1
1824,"recr(170)",-0.438077108054063,-20,20,0,FALSE,"recruit_dev","rel_rec_log",170,NA,NA,NA,-0.438077108054063,0,TRUE,NA,1824,1824,-0.354915277782505,"mean_preserving_log_multiplier","log_multiplier",0.0997513451195927,-0.443052273480647,0.883566989422278,0.1,NA,FALSE,TRUE,FALSE,0.1
1825,"recr(171)",0.400020836116209,-20,20,0,FALSE,"recruit_dev","rel_rec_log",171,NA,NA,NA,0.400020836116209,0,TRUE,NA,1825,1825,0.396160666963893,"mean_preserving_log_multiplier","log_multiplier",0.0997513451195927,0.395045670689625,0.0111777567804305,0.1,NA,FALSE,TRUE,FALSE,0.1
1826,"recr(172)",0.873710515087566,-20,20,0,FALSE,"recruit_dev","rel_rec_log",172,NA,NA,NA,0.873710515087566,0,TRUE,NA,1826,1826,0.779007208368704,"mean_preserving_log_multiplier","log_multiplier",0.0997513451195927,0.868735349660982,-0.899518108599958,0.1,NA,FALSE,TRUE,FALSE,0.1
1827,"recr(173)",0.383670638136231,-20,20,0,FALSE,"recruit_dev","rel_rec_log",173,NA,NA,NA,0.383670638136231,0,TRUE,NA,1827,1827,0.366599724547129,"mean_preserving_log_multiplier","log_multiplier",0.0997513451195927,0.378695472709647,-0.121258998041746,0.1,NA,FALSE,TRUE,FALSE,0.1
1828,"recr(174)",1.02316760909517,-20,20,0,FALSE,"recruit_dev","rel_rec_log",174,NA,NA,NA,1.02316760909517,0,TRUE,NA,1828,1828,1.03938484890241,"mean_preserving_log_multiplier","log_multiplier",0.0997513451195927,1.01819244366858,0.212452325413915,0.1,NA,FALSE,TRUE,FALSE,0.1
1829,"recr(175)",-1.18625260769896,-20,20,0,FALSE,"recruit_dev","rel_rec_log",175,NA,NA,NA,-1.18625260769896,0,TRUE,NA,1829,1829,-1.12305289316095,"mean_preserving_log_multiplier","log_multiplier",0.0997513451195927,-1.19122777312555,0.683448227017515,0.1,NA,FALSE,TRUE,FALSE,0.1
1830,"recr(176)",-0.282246278126678,-20,20,0,FALSE,"recruit_dev","rel_rec_log",176,NA,NA,NA,-0.282246278126678,0,TRUE,NA,1830,1830,-0.237620338764552,"mean_preserving_log_multiplier","log_multiplier",0.0997513451195927,-0.287221443553262,0.497247478008875,0.1,NA,FALSE,TRUE,FALSE,0.1
1831,"recr(177)",0.654345480760639,-20,20,0,FALSE,"recruit_dev","rel_rec_log",177,NA,NA,NA,0.654345480760639,0,TRUE,NA,1831,1831,0.697291263233323,"mean_preserving_log_multiplier","log_multiplier",0.0997513451195927,0.649370315334055,0.48040402705161,0.1,NA,FALSE,TRUE,FALSE,0.1
1832,"recr(178)",0.81269097219956,-20,20,0,FALSE,"recruit_dev","rel_rec_log",178,NA,NA,NA,0.81269097219956,0,TRUE,NA,1832,1832,0.815171531134964,"mean_preserving_log_multiplier","log_multiplier",0.0997513451195927,0.807715806772976,0.0747430959757896,0.1,NA,FALSE,TRUE,FALSE,0.1
1833,"recr(179)",0.399011266123247,-20,20,0,FALSE,"recruit_dev","rel_rec_log",179,NA,NA,NA,0.399011266123247,0,TRUE,NA,1833,1833,0.485268253278116,"mean_preserving_log_multiplier","log_multiplier",0.0997513451195927,0.394036100696663,0.914595712690131,0.1,NA,FALSE,TRUE,FALSE,0.1
1834,"recr(180)",0.384516927336623,-20,20,0,FALSE,"recruit_dev","rel_rec_log",180,NA,NA,NA,0.384516927336623,0,TRUE,NA,1834,1834,0.29920469820751,"mean_preserving_log_multiplier","log_multiplier",0.0997513451195927,0.379541761910039,-0.805373236884294,0.1,NA,FALSE,TRUE,FALSE,0.1
1835,"recr(181)",0.493885514241468,-20,20,0,FALSE,"recruit_dev","rel_rec_log",181,NA,NA,NA,0.493885514241468,0,TRUE,NA,1835,1835,0.50535418363247,"mean_preserving_log_multiplier","log_multiplier",0.0997513451195927,0.488910348814884,0.164848251398227,0.1,NA,FALSE,TRUE,FALSE,0.1
1836,"recr(182)",-0.483461162164613,-20,20,0,FALSE,"recruit_dev","rel_rec_log",182,NA,NA,NA,-0.483461162164613,0,TRUE,NA,1836,1836,-0.65541995521091,"mean_preserving_log_multiplier","log_multiplier",0.0997513451195927,-0.488436327591197,-1.67399875580139,0.1,NA,FALSE,TRUE,FALSE,0.1
1837,"recr(183)",-0.837820435801768,-20,20,0,FALSE,"recruit_dev","rel_rec_log",183,NA,NA,NA,-0.837820435801768,0,TRUE,NA,1837,1837,-0.736474211344832,"mean_preserving_log_multiplier","log_multiplier",0.0997513451195927,-0.842795601228352,1.06586422224232,0.1,NA,FALSE,TRUE,FALSE,0.1
1838,"recr(184)",0.306268173669392,-20,20,0,FALSE,"recruit_dev","rel_rec_log",184,NA,NA,NA,0.306268173669392,0,TRUE,NA,1838,1838,0.310720509935366,"mean_preserving_log_multiplier","log_multiplier",0.0997513451195927,0.301293008242808,0.0945100207045449,0.1,NA,FALSE,TRUE,FALSE,0.1
1839,"recr(185)",0.274555919674724,-20,20,0,FALSE,"recruit_dev","rel_rec_log",185,NA,NA,NA,0.274555919674724,0,TRUE,NA,1839,1839,0.374925435460042,"mean_preserving_log_multiplier","log_multiplier",0.0997513451195927,0.26958075424814,1.05607278864865,0.1,NA,FALSE,TRUE,FALSE,0.1
1840,"recr(186)",0.503603439240957,-20,20,0,FALSE,"recruit_dev","rel_rec_log",186,NA,NA,NA,0.503603439240957,0,TRUE,NA,1840,1840,0.397638303015245,"mean_preserving_log_multiplier","log_multiplier",0.0997513451195927,0.498628273814373,-1.01241713260158,0.1,NA,FALSE,TRUE,FALSE,0.1
1841,"recr(187)",0.307619994795761,-20,20,0,FALSE,"recruit_dev","rel_rec_log",187,NA,NA,NA,0.307619994795761,0,TRUE,NA,1841,1841,0.349416191297685,"mean_preserving_log_multiplier","log_multiplier",0.0997513451195927,0.302644829369177,0.468879511072592,0.1,NA,FALSE,TRUE,FALSE,0.1
1842,"recr(188)",0.459271995558987,-20,20,0,FALSE,"recruit_dev","rel_rec_log",188,NA,NA,NA,0.459271995558987,0,TRUE,NA,1842,1842,0.37322357900575,"mean_preserving_log_multiplier","log_multiplier",0.0997513451195927,0.454296830132403,-0.812753462416502,0.1,NA,FALSE,TRUE,FALSE,0.1
1843,"recr(189)",-1.00199014095388,-20,20,0,FALSE,"recruit_dev","rel_rec_log",189,NA,NA,NA,-1.00199014095388,0,TRUE,NA,1843,1843,-1.0784344394339,"mean_preserving_log_multiplier","log_multiplier",0.0997513451195927,-1.00696530638047,-0.716472875305527,0.1,NA,FALSE,TRUE,FALSE,0.1
1844,"recr(190)",-0.253704768015776,-20,20,0,FALSE,"recruit_dev","rel_rec_log",190,NA,NA,NA,-0.253704768015776,0,TRUE,NA,1844,1844,-0.127958110108014,"mean_preserving_log_multiplier","log_multiplier",0.0997513451195927,-0.25867993344236,1.31047679785793,0.1,NA,FALSE,TRUE,FALSE,0.1
1845,"recr(191)",-0.951438897074279,-20,20,0,FALSE,"recruit_dev","rel_rec_log",191,NA,NA,NA,-0.951438897074279,0,TRUE,NA,1845,1845,-0.930389422026075,"mean_preserving_log_multiplier","log_multiplier",0.0997513451195927,-0.956414062500863,0.260895133229398,0.1,NA,FALSE,TRUE,FALSE,0.1
1846,"recr(192)",1.08006250308886,-20,20,0,FALSE,"recruit_dev","rel_rec_log",192,NA,NA,NA,1.08006250308886,0,TRUE,NA,1846,1846,1.17234992567646,"mean_preserving_log_multiplier","log_multiplier",0.0997513451195927,1.07508733766227,0.97505039052432,0.1,NA,FALSE,TRUE,FALSE,0.1
1847,"recr(193)",0.0434386070520853,-20,20,0,FALSE,"recruit_dev","rel_rec_log",193,NA,NA,NA,0.0434386070520853,0,TRUE,NA,1847,1847,0.0272307448741143,"mean_preserving_log_multiplier","log_multiplier",0.0997513451195927,0.0384634416255012,-0.112606970241052,0.1,NA,FALSE,TRUE,FALSE,0.1
1848,"recr(194)",1.01476022209197,-20,20,0,FALSE,"recruit_dev","rel_rec_log",194,NA,NA,NA,1.01476022209197,0,TRUE,NA,1848,1848,0.78724734230286,"mean_preserving_log_multiplier","log_multiplier",0.0997513451195927,1.00978505666539,-2.23092444613879,0.1,NA,FALSE,TRUE,FALSE,0.1
1849,"recr(195)",0.760547227677456,-20,20,0,FALSE,"recruit_dev","rel_rec_log",195,NA,NA,NA,0.760547227677456,0,TRUE,NA,1849,1849,0.769497755465306,"mean_preserving_log_multiplier","log_multiplier",0.0997513451195927,0.755572062250872,0.139604064463876,0.1,NA,FALSE,TRUE,FALSE,0.1
1850,"recr(196)",0.75689978890044,-20,20,0,FALSE,"recruit_dev","rel_rec_log",196,NA,NA,NA,0.75689978890044,0,TRUE,NA,1850,1850,0.745884487001633,"mean_preserving_log_multiplier","log_multiplier",0.0997513451195927,0.751924623473855,-0.0605519300514829,0.1,NA,FALSE,TRUE,FALSE,0.1
1851,"recr(197)",-0.381359273907296,-20,20,0,FALSE,"recruit_dev","rel_rec_log",197,NA,NA,NA,-0.381359273907296,0,TRUE,NA,1851,1851,-0.404306162441235,"mean_preserving_log_multiplier","log_multiplier",0.0997513451195927,-0.38633443933388,-0.180165220687586,0.1,NA,FALSE,TRUE,FALSE,0.1
1852,"recr(198)",0.234329281700314,-20,20,0,FALSE,"recruit_dev","rel_rec_log",198,NA,NA,NA,0.234329281700314,0,TRUE,NA,1852,1852,0.308433339479256,"mean_preserving_log_multiplier","log_multiplier",0.0997513451195927,0.22935411627373,0.792763477131238,0.1,NA,FALSE,TRUE,FALSE,0.1
1853,"recr(199)",-0.518865371955727,-20,20,0,FALSE,"recruit_dev","rel_rec_log",199,NA,NA,NA,-0.518865371955727,0,TRUE,NA,1853,1853,-0.655605202365796,"mean_preserving_log_multiplier","log_multiplier",0.0997513451195927,-0.523840537382311,-1.32093120975473,0.1,NA,FALSE,TRUE,FALSE,0.1
1854,"recr(200)",-0.0306275226488885,-20,20,0,FALSE,"recruit_dev","rel_rec_log",200,NA,NA,NA,-0.0306275226488885,0,TRUE,NA,1854,1854,-0.0861327239674537,"mean_preserving_log_multiplier","log_multiplier",0.0997513451195927,-0.0356026880754725,-0.506559944945106,0.1,NA,FALSE,TRUE,FALSE,0.1
1855,"recr(201)",1.0166307939061,-20,20,0,FALSE,"recruit_dev","rel_rec_log",201,NA,NA,NA,1.0166307939061,0,TRUE,NA,1855,1855,1.06659319326006,"mean_preserving_log_multiplier","log_multiplier",0.0997513451195927,1.01165562847951,0.550745102381174,0.1,NA,FALSE,TRUE,FALSE,0.1
1856,"recr(202)",0.277020716444025,-20,20,0,FALSE,"recruit_dev","rel_rec_log",202,NA,NA,NA,0.277020716444025,0,TRUE,NA,1856,1856,0.305961602081229,"mean_preserving_log_multiplier","log_multiplier",0.0997513451195927,0.272045551017441,0.340005952031282,0.1,NA,FALSE,TRUE,FALSE,0.1
1857,"recr(203)",0.327834444132082,-20,20,0,FALSE,"recruit_dev","rel_rec_log",203,NA,NA,NA,0.327834444132082,0,TRUE,NA,1857,1857,0.371433726674771,"mean_preserving_log_multiplier","log_multiplier",0.0997513451195927,0.322859278705498,0.486955317855982,0.1,NA,FALSE,TRUE,FALSE,0.1
1858,"recr(204)",0.75136690340702,-20,20,0,FALSE,"recruit_dev","rel_rec_log",204,NA,NA,NA,0.75136690340702,0,TRUE,NA,1858,1858,0.846613145605487,"mean_preserving_log_multiplier","log_multiplier",0.0997513451195927,0.746391737980436,1.00471234252426,0.1,NA,FALSE,TRUE,FALSE,0.1
1859,"recr(205)",-1.5811491665828,-20,20,0,FALSE,"recruit_dev","rel_rec_log",205,NA,NA,NA,-1.5811491665828,0,TRUE,NA,1859,1859,-1.5429821513438,"mean_preserving_log_multiplier","log_multiplier",0.0997513451195927,-1.58612433200938,0.432497232131157,0.1,NA,FALSE,TRUE,FALSE,0.1
1860,"recr(206)",-0.116445313708731,-20,20,0,FALSE,"recruit_dev","rel_rec_log",206,NA,NA,NA,-0.116445313708731,0,TRUE,NA,1860,1860,-0.0940388232385915,"mean_preserving_log_multiplier","log_multiplier",0.0997513451195927,-0.121420479135315,0.274499114411894,0.1,NA,FALSE,TRUE,FALSE,0.1
1861,"recr(207)",-1.27869511495226,-20,20,0,FALSE,"recruit_dev","rel_rec_log",207,NA,NA,NA,-1.27869511495226,0,TRUE,NA,1861,1861,-1.27594882952926,"mean_preserving_log_multiplier","log_multiplier",0.0997513451195927,-1.28367028037885,0.0774069847411637,0.1,NA,FALSE,TRUE,FALSE,0.1
1862,"recr(208)",0.293650446251072,-20,20,0,FALSE,"recruit_dev","rel_rec_log",208,NA,NA,NA,0.293650446251072,0,TRUE,NA,1862,1862,0.411682974049454,"mean_preserving_log_multiplier","log_multiplier",0.0997513451195927,0.288675280824488,1.23314320300634,0.1,NA,FALSE,TRUE,FALSE,0.1
1863,"recr(209)",0.884711123346213,-20,20,0,FALSE,"recruit_dev","rel_rec_log",209,NA,NA,NA,0.884711123346213,0,TRUE,NA,1863,1863,0.884594569327158,"mean_preserving_log_multiplier","log_multiplier",0.0997513451195927,0.879735957919629,0.0487072269722717,0.1,NA,FALSE,TRUE,FALSE,0.1
1864,"recr(210)",0.715577214863941,-20,20,0,FALSE,"recruit_dev","rel_rec_log",210,NA,NA,NA,0.715577214863941,0,TRUE,NA,1864,1864,0.891440552441565,"mean_preserving_log_multiplier","log_multiplier",0.0997513451195927,0.710602049437357,1.81289287665644,0.1,NA,FALSE,TRUE,FALSE,0.1
1865,"recr(211)",0.428158667487534,-20,20,0,FALSE,"recruit_dev","rel_rec_log",211,NA,NA,NA,0.428158667487534,0,TRUE,NA,1865,1865,0.356508813278762,"mean_preserving_log_multiplier","log_multiplier",0.0997513451195927,0.42318350206095,-0.668408919220601,0.1,NA,FALSE,TRUE,FALSE,0.1
1866,"recr(212)",0.633637069378611,-20,20,0,FALSE,"recruit_dev","rel_rec_log",212,NA,NA,NA,0.633637069378611,0,TRUE,NA,1866,1866,0.688627455447417,"mean_preserving_log_multiplier","log_multiplier",0.0997513451195927,0.628661903952027,0.601150304524692,0.1,NA,FALSE,TRUE,FALSE,0.1
1867,"recr(213)",-0.470083332539389,-20,20,0,FALSE,"recruit_dev","rel_rec_log",213,NA,NA,NA,-0.470083332539389,0,TRUE,NA,1867,1867,-0.339297913843132,"mean_preserving_log_multiplier","log_multiplier",0.0997513451195927,-0.475058497965973,1.36099000930841,0.1,NA,FALSE,TRUE,FALSE,0.1
1868,"recr(214)",-0.364726928195988,-20,20,0,FALSE,"recruit_dev","rel_rec_log",214,NA,NA,NA,-0.364726928195988,0,TRUE,NA,1868,1868,-0.287485568553718,"mean_preserving_log_multiplier","log_multiplier",0.0997513451195927,-0.369702093622572,0.824214700767038,0.1,NA,FALSE,TRUE,FALSE,0.1
1869,"recr(215)",-0.726533809128618,-20,20,0,FALSE,"recruit_dev","rel_rec_log",215,NA,NA,NA,-0.726533809128618,0,TRUE,NA,1869,1869,-0.751584103530724,"mean_preserving_log_multiplier","log_multiplier",0.0997513451195927,-0.731508974555202,-0.201251711958906,0.1,NA,FALSE,TRUE,FALSE,0.1
1870,"recr(216)",0.429249249214062,-20,20,0,FALSE,"recruit_dev","rel_rec_log",216,NA,NA,NA,0.429249249214062,0,TRUE,NA,1870,1870,0.411777202086796,"mean_preserving_log_multiplier","log_multiplier",0.0997513451195927,0.424274083787477,-0.12528033266818,0.1,NA,FALSE,TRUE,FALSE,0.1
1871,"recr(217)",0.658033874256335,-20,20,0,FALSE,"recruit_dev","rel_rec_log",217,NA,NA,NA,0.658033874256335,0,TRUE,NA,1871,1871,0.659481615676228,"mean_preserving_log_multiplier","log_multiplier",0.0997513451195927,0.653058708829751,0.0643891752915827,0.1,NA,FALSE,TRUE,FALSE,0.1
1872,"recr(218)",-0.14258691859641,-20,20,0,FALSE,"recruit_dev","rel_rec_log",218,NA,NA,NA,-0.14258691859641,0,TRUE,NA,1872,1872,-0.0743335744145513,"mean_preserving_log_multiplier","log_multiplier",0.0997513451195927,-0.147562084022995,0.734110497664458,0.1,NA,FALSE,TRUE,FALSE,0.1
1873,"recr(219)",-0.20884672528392,-20,20,0,FALSE,"recruit_dev","rel_rec_log",219,NA,NA,NA,-0.20884672528392,0,TRUE,NA,1873,1873,-0.0446219066661737,"mean_preserving_log_multiplier","log_multiplier",0.0997513451195927,-0.213821890710504,1.69621756820898,0.1,NA,FALSE,TRUE,FALSE,0.1
1874,"recr(220)",0.197766806077052,-20,20,0,FALSE,"recruit_dev","rel_rec_log",220,NA,NA,NA,0.197766806077052,0,TRUE,NA,1874,1874,0.288333529991056,"mean_preserving_log_multiplier","log_multiplier",0.0997513451195927,0.192791640650467,0.957800511121358,0.1,NA,FALSE,TRUE,FALSE,0.1
1875,"recr(221)",-0.339948930039743,-20,20,0,FALSE,"recruit_dev","rel_rec_log",221,NA,NA,NA,-0.339948930039743,0,TRUE,NA,1875,1875,-0.355466431167207,"mean_preserving_log_multiplier","log_multiplier",0.0997513451195927,-0.344924095466327,-0.105686150780637,0.1,NA,FALSE,TRUE,FALSE,0.1
1876,"recr(222)",-0.353186471164299,-20,20,0,FALSE,"recruit_dev","rel_rec_log",222,NA,NA,NA,-0.353186471164299,0,TRUE,NA,1876,1876,-0.371900211254973,"mean_preserving_log_multiplier","log_multiplier",0.0997513451195927,-0.358161636590883,-0.13772821456812,0.1,NA,FALSE,TRUE,FALSE,0.1
1877,"recr(223)",-0.473262857519594,-20,20,0,FALSE,"recruit_dev","rel_rec_log",223,NA,NA,NA,-0.473262857519594,0,TRUE,NA,1877,1877,-0.574815095853536,"mean_preserving_log_multiplier","log_multiplier",0.0997513451195927,-0.478238022946178,-0.96817815129782,0.1,NA,FALSE,TRUE,FALSE,0.1
1878,"recr(224)",0.381923385489058,-20,20,0,FALSE,"recruit_dev","rel_rec_log",224,NA,NA,NA,0.381923385489058,0,TRUE,NA,1878,1878,0.417475397038155,"mean_preserving_log_multiplier","log_multiplier",0.0997513451195927,0.376948220062474,0.406282009802402,0.1,NA,FALSE,TRUE,FALSE,0.1
1879,"recr(225)",-0.253118823796963,-20,20,0,FALSE,"recruit_dev","rel_rec_log",225,NA,NA,NA,-0.253118823796963,0,TRUE,NA,1879,1879,-0.305073761482298,"mean_preserving_log_multiplier","log_multiplier",0.0997513451195927,-0.258093989223547,-0.470968809517568,0.1,NA,FALSE,TRUE,FALSE,0.1
1880,"recr(226)",-0.274359140735467,-20,20,0,FALSE,"recruit_dev","rel_rec_log",226,NA,NA,NA,-0.274359140735467,0,TRUE,NA,1880,1880,-0.216328228481884,"mean_preserving_log_multiplier","log_multiplier",0.0997513451195927,-0.279334306162051,0.631631359002008,0.1,NA,FALSE,TRUE,FALSE,0.1
1881,"recr(227)",-0.0592908108850628,-20,20,0,FALSE,"recruit_dev","rel_rec_log",227,NA,NA,NA,-0.0592908108850628,0,TRUE,NA,1881,1881,0.00684421567046603,"mean_preserving_log_multiplier","log_multiplier",0.0997513451195927,-0.0642659763116468,0.712874517099076,0.1,NA,FALSE,TRUE,FALSE,0.1
1882,"recr(228)",0.596170778751206,-20,20,0,FALSE,"recruit_dev","rel_rec_log",228,NA,NA,NA,0.596170778751206,0,TRUE,NA,1882,1882,0.718386213045191,"mean_preserving_log_multiplier","log_multiplier",0.0997513451195927,0.591195613324622,1.27507653724447,0.1,NA,FALSE,TRUE,FALSE,0.1
1883,"recr(229)",0.0203773648300447,-20,20,0,FALSE,"recruit_dev","rel_rec_log",229,NA,NA,NA,0.0203773648300447,0,TRUE,NA,1883,1883,-0.0606156430596343,"mean_preserving_log_multiplier","log_multiplier",0.0997513451195927,0.0154021994034607,-0.762073357225977,0.1,NA,FALSE,TRUE,FALSE,0.1
1884,"recr(230)",0.416686035647099,-20,20,0,FALSE,"recruit_dev","rel_rec_log",230,NA,NA,NA,0.416686035647099,0,TRUE,NA,1884,1884,0.279767377147402,"mean_preserving_log_multiplier","log_multiplier",0.0997513451195927,0.411710870220515,-1.3227239483831,0.1,NA,FALSE,TRUE,FALSE,0.1
1885,"recr(231)",0.603286644887851,-20,20,0,FALSE,"recruit_dev","rel_rec_log",231,NA,NA,NA,0.603286644887851,0,TRUE,NA,1885,1885,0.618209179192909,"mean_preserving_log_multiplier","log_multiplier",0.0997513451195927,0.598311479461267,0.199472996657703,0.1,NA,FALSE,TRUE,FALSE,0.1
1886,"recr(232)",-0.092665056904636,-20,20,0,FALSE,"recruit_dev","rel_rec_log",232,NA,NA,NA,-0.092665056904636,0,TRUE,NA,1886,1886,-0.102127677534914,"mean_preserving_log_multiplier","log_multiplier",0.0997513451195927,-0.09764022233122,-0.044986412948259,0.1,NA,FALSE,TRUE,FALSE,0.1
1887,"recr(233)",0.169672869583518,-20,20,0,FALSE,"recruit_dev","rel_rec_log",233,NA,NA,NA,0.169672869583518,0,TRUE,NA,1887,1887,0.345965092158386,"mean_preserving_log_multiplier","log_multiplier",0.0997513451195927,0.164697704156934,1.8171924176474,0.1,NA,FALSE,TRUE,FALSE,0.1
1888,"recr(234)",-0.405200203987607,-20,20,0,FALSE,"recruit_dev","rel_rec_log",234,NA,NA,NA,-0.405200203987607,0,TRUE,NA,1888,1888,-0.315957332934027,"mean_preserving_log_multiplier","log_multiplier",0.0997513451195927,-0.410175369414191,0.944528982212777,0.1,NA,FALSE,TRUE,FALSE,0.1
1889,"recr(235)",-0.331518618890477,-20,20,0,FALSE,"recruit_dev","rel_rec_log",235,NA,NA,NA,-0.331518618890477,0,TRUE,NA,1889,1889,-0.363590995113922,"mean_preserving_log_multiplier","log_multiplier",0.0997513451195927,-0.336493784317061,-0.271647572916173,0.1,NA,FALSE,TRUE,FALSE,0.1
1890,"recr(236)",0.0260494752117567,-20,20,0,FALSE,"recruit_dev","rel_rec_log",236,NA,NA,NA,0.0260494752117567,0,TRUE,NA,1890,1890,0.0316863825037168,"mean_preserving_log_multiplier","log_multiplier",0.0997513451195927,0.0210743097851727,0.106385259324786,0.1,NA,FALSE,TRUE,FALSE,0.1
1891,"recr(237)",-0.14834125771548,-20,20,0,FALSE,"recruit_dev","rel_rec_log",237,NA,NA,NA,-0.14834125771548,0,TRUE,NA,1891,1891,-0.0737466467116157,"mean_preserving_log_multiplier","log_multiplier",0.0997513451195927,-0.153316423142064,0.797681237631945,0.1,NA,FALSE,TRUE,FALSE,0.1
1892,"recr(238)",-0.120134369441509,-20,20,0,FALSE,"recruit_dev","rel_rec_log",238,NA,NA,NA,-0.120134369441509,0,TRUE,NA,1892,1892,-0.233456479665563,"mean_preserving_log_multiplier","log_multiplier",0.0997513451195927,-0.125109534868093,-1.08617026334404,0.1,NA,FALSE,TRUE,FALSE,0.1
1893,"recr(239)",0.105707547972007,-20,20,0,FALSE,"recruit_dev","rel_rec_log",239,NA,NA,NA,0.105707547972007,0,TRUE,NA,1893,1893,0.0675515764398522,"mean_preserving_log_multiplier","log_multiplier",0.0997513451195927,0.100732382545423,-0.332635174651427,0.1,NA,FALSE,TRUE,FALSE,0.1
1894,"recr(240)",0.0401030134846931,-20,20,0,FALSE,"recruit_dev","rel_rec_log",240,NA,NA,NA,0.0401030134846931,0,TRUE,NA,1894,1894,0.004128931419021,"mean_preserving_log_multiplier","log_multiplier",0.0997513451195927,0.035127848058109,-0.310761890999296,0.1,NA,FALSE,TRUE,FALSE,0.1
1895,"recr(241)",0.324728234539329,-20,20,0,FALSE,"recruit_dev","rel_rec_log",241,NA,NA,NA,0.324728234539329,0,TRUE,NA,1895,1895,0.444931522878728,"mean_preserving_log_multiplier","log_multiplier",0.0997513451195927,0.319753069112745,1.25490491998785,0.1,NA,FALSE,TRUE,FALSE,0.1
1896,"recr(242)",0.702187817912222,-20,20,0,FALSE,"recruit_dev","rel_rec_log",242,NA,NA,NA,0.702187817912222,0,TRUE,NA,1896,1896,0.659651147537664,"mean_preserving_log_multiplier","log_multiplier",0.0997513451195927,0.697212652485638,-0.376551362820634,0.1,NA,FALSE,TRUE,FALSE,0.1
1897,"recr(243)",0.3653578343804,-20,20,0,FALSE,"recruit_dev","rel_rec_log",243,NA,NA,NA,0.3653578343804,0,TRUE,NA,1897,1897,0.357125137847154,"mean_preserving_log_multiplier","log_multiplier",0.0997513451195927,0.360382668953816,-0.032656513080168,0.1,NA,FALSE,TRUE,FALSE,0.1
1898,"recr(244)",0.372346840486073,-20,20,0,FALSE,"recruit_dev","rel_rec_log",244,NA,NA,NA,0.372346840486073,0,TRUE,NA,1898,1898,0.386576807832083,"mean_preserving_log_multiplier","log_multiplier",0.0997513451195927,0.367371675059489,0.192530063124152,0.1,NA,FALSE,TRUE,FALSE,0.1
1899,"recr(245)",0.413493575018525,-20,20,0,FALSE,"recruit_dev","rel_rec_log",245,NA,NA,NA,0.413493575018525,0,TRUE,NA,1899,1899,0.44570248407347,"mean_preserving_log_multiplier","log_multiplier",0.0997513451195927,0.408518409591941,0.372767649769021,0.1,NA,FALSE,TRUE,FALSE,0.1
1900,"recr(246)",0.24522600786484,-20,20,0,FALSE,"recruit_dev","rel_rec_log",246,NA,NA,NA,0.24522600786484,0,TRUE,NA,1900,1900,0.182850783630577,"mean_preserving_log_multiplier","log_multiplier",0.0997513451195927,0.240250842438256,-0.575431426401931,0.1,NA,FALSE,TRUE,FALSE,0.1
1901,"recr(247)",0.444371900023323,-20,20,0,FALSE,"recruit_dev","rel_rec_log",247,NA,NA,NA,0.444371900023323,0,TRUE,NA,1901,1901,0.409074868348399,"mean_preserving_log_multiplier","log_multiplier",0.0997513451195927,0.439396734596739,-0.303974509937558,0.1,NA,FALSE,TRUE,FALSE,0.1
1902,"recr(248)",0.432626774437766,-20,20,0,FALSE,"recruit_dev","rel_rec_log",248,NA,NA,NA,0.432626774437766,0,TRUE,NA,1902,1902,0.562702765846684,"mean_preserving_log_multiplier","log_multiplier",0.0997513451195927,0.427651609011182,1.3538780522066,0.1,NA,FALSE,TRUE,FALSE,0.1
1903,"recr(249)",0.123126490960796,-20,20,0,FALSE,"recruit_dev","rel_rec_log",249,NA,NA,NA,0.123126490960796,0,TRUE,NA,1903,1903,0.0349910871754708,"mean_preserving_log_multiplier","log_multiplier",0.0997513451195927,0.118151325534212,-0.833675358051959,0.1,NA,FALSE,TRUE,FALSE,0.1
1904,"recr(250)",-0.560171113622435,-20,20,0,FALSE,"recruit_dev","rel_rec_log",250,NA,NA,NA,-0.560171113622435,0,TRUE,NA,1904,1904,-0.470627063833467,"mean_preserving_log_multiplier","log_multiplier",0.0997513451195927,-0.565146279049019,0.947548277190974,0.1,NA,FALSE,TRUE,FALSE,0.1
1905,"recr(251)",0.123211678650442,-20,20,0,FALSE,"recruit_dev","rel_rec_log",251,NA,NA,NA,0.123211678650442,0,TRUE,NA,1905,1905,0.0162565166462926,"mean_preserving_log_multiplier","log_multiplier",0.0997513451195927,0.118236513223858,-1.02234206922524,0.1,NA,FALSE,TRUE,FALSE,0.1
1906,"recr(252)",0.043592072209951,-20,20,0,FALSE,"recruit_dev","rel_rec_log",252,NA,NA,NA,0.043592072209951,0,TRUE,NA,1906,1906,-0.00497162465303927,"mean_preserving_log_multiplier","log_multiplier",0.0997513451195927,0.038616906783367,-0.436971866235464,0.1,NA,FALSE,TRUE,FALSE,0.1
1907,"recr(253)",-0.204471546047128,-20,20,0,FALSE,"recruit_dev","rel_rec_log",253,NA,NA,NA,-0.204471546047128,0,TRUE,NA,1907,1907,-0.202760306978515,"mean_preserving_log_multiplier","log_multiplier",0.0997513451195927,-0.209446711473712,0.0670307201088888,0.1,NA,FALSE,TRUE,FALSE,0.1
1908,"recr(254)",0.301427713827105,-20,20,0,FALSE,"recruit_dev","rel_rec_log",254,NA,NA,NA,0.301427713827105,0,TRUE,NA,1908,1908,0.174521905722984,"mean_preserving_log_multiplier","log_multiplier",0.0997513451195927,0.296452548400521,-1.22234584938532,0.1,NA,FALSE,TRUE,FALSE,0.1
1909,"recr(255)",-0.0936611543407823,-20,20,0,FALSE,"recruit_dev","rel_rec_log",255,NA,NA,NA,-0.0936611543407823,0,TRUE,NA,1909,1909,-0.0501144310825206,"mean_preserving_log_multiplier","log_multiplier",0.0997513451195927,-0.0986363197673664,0.486428414841649,0.1,NA,FALSE,TRUE,FALSE,0.1
1910,"recr(256)",0.140373545380479,-20,20,0,FALSE,"recruit_dev","rel_rec_log",256,NA,NA,NA,0.140373545380479,0,TRUE,NA,1910,1910,0.157214949196252,"mean_preserving_log_multiplier","log_multiplier",0.0997513451195927,0.135398379953895,0.218709524329731,0.1,NA,FALSE,TRUE,FALSE,0.1
1911,"recr(257)",-0.00148733319261393,-20,20,0,FALSE,"recruit_dev","rel_rec_log",257,NA,NA,NA,-0.00148733319261393,0,TRUE,NA,1911,1911,-0.0604896863806625,"mean_preserving_log_multiplier","log_multiplier",0.0997513451195927,-0.00646249861919797,-0.5416186387932,0.1,NA,FALSE,TRUE,FALSE,0.1
1912,"recr(258)",-0.040926173648984,-20,20,0,FALSE,"recruit_dev","rel_rec_log",258,NA,NA,NA,-0.040926173648984,0,TRUE,NA,1912,1912,-0.0822537591724413,"mean_preserving_log_multiplier","log_multiplier",0.0997513451195927,-0.0459013390755681,-0.364430374881562,0.1,NA,FALSE,TRUE,FALSE,0.1
1913,"recr(259)",0.478403750692818,-20,20,0,FALSE,"recruit_dev","rel_rec_log",259,NA,NA,NA,0.478403750692818,0,TRUE,NA,1913,1913,0.39857654245915,"mean_preserving_log_multiplier","log_multiplier",0.0997513451195927,0.473428585266234,-0.750386300228263,0.1,NA,FALSE,TRUE,FALSE,0.1
1914,"recr(260)",0.236224461371637,-20,20,0,FALSE,"recruit_dev","rel_rec_log",260,NA,NA,NA,0.236224461371637,0,TRUE,NA,1914,1914,0.0282437217381847,"mean_preserving_log_multiplier","log_multiplier",0.0997513451195927,0.231249295945053,-2.03511615771681,0.1,NA,FALSE,TRUE,FALSE,0.1
1915,"recr(261)",-0.476121804317671,-20,20,0,FALSE,"recruit_dev","rel_rec_log",261,NA,NA,NA,-0.476121804317671,0,TRUE,NA,1915,1915,-0.690579725645994,"mean_preserving_log_multiplier","log_multiplier",0.0997513451195927,-0.481096969744255,-2.10004943442707,0.1,NA,FALSE,TRUE,FALSE,0.1
1916,"recr(262)",0.442925090841423,-20,20,0,FALSE,"recruit_dev","rel_rec_log",262,NA,NA,NA,0.442925090841423,0,TRUE,NA,1916,1916,0.514763586813972,"mean_preserving_log_multiplier","log_multiplier",0.0997513451195927,0.437949925414839,0.770051384340135,0.1,NA,FALSE,TRUE,FALSE,0.1
1917,"recr(263)",0.560670625800454,-20,20,0,FALSE,"recruit_dev","rel_rec_log",263,NA,NA,NA,0.560670625800454,0,TRUE,NA,1917,1917,0.44230533956624,"mean_preserving_log_multiplier","log_multiplier",0.0997513451195927,0.55569546037387,-1.13672773707146,0.1,NA,FALSE,TRUE,FALSE,0.1
1918,"recr(264)",0.0785666826001547,-20,20,0,FALSE,"recruit_dev","rel_rec_log",264,NA,NA,NA,0.0785666826001547,0,TRUE,NA,1918,1918,0.112200049751329,"mean_preserving_log_multiplier","log_multiplier",0.0997513451195927,0.0735915171735707,0.38704773886979,0.1,NA,FALSE,TRUE,FALSE,0.1
1919,"recr(265)",-0.536952766187915,-20,20,0,FALSE,"recruit_dev","rel_rec_log",265,NA,NA,NA,-0.536952766187915,0,TRUE,NA,1919,1919,-0.713000970619264,"mean_preserving_log_multiplier","log_multiplier",0.0997513451195927,-0.541927931614499,-1.71499480833731,0.1,NA,FALSE,TRUE,FALSE,0.1
1920,"recr(266)",0.12817399718658,-20,20,0,FALSE,"recruit_dev","rel_rec_log",266,NA,NA,NA,0.12817399718658,0,TRUE,NA,1920,1920,-0.0170420864088841,"mean_preserving_log_multiplier","log_multiplier",0.0997513451195927,0.123198831759996,-1.40590503316767,0.1,NA,FALSE,TRUE,FALSE,0.1
1921,"recr(267)",0.305656682408751,-20,20,0,FALSE,"recruit_dev","rel_rec_log",267,NA,NA,NA,0.305656682408751,0,TRUE,NA,1921,1921,0.218092126328952,"mean_preserving_log_multiplier","log_multiplier",0.0997513451195927,0.300681516982166,-0.827952651206833,0.1,NA,FALSE,TRUE,FALSE,0.1
1922,"recr(268)",0.176652525983663,-20,20,0,FALSE,"recruit_dev","rel_rec_log",268,NA,NA,NA,0.176652525983663,0,TRUE,NA,1922,1922,0.339563537069717,"mean_preserving_log_multiplier","log_multiplier",0.0997513451195927,0.171677360557079,1.68304674299237,0.1,NA,FALSE,TRUE,FALSE,0.1
1923,"recr(269)",0.474822821574402,-20,20,0,FALSE,"recruit_dev","rel_rec_log",269,NA,NA,NA,0.474822821574402,0,TRUE,NA,1923,1923,0.359018611447864,"mean_preserving_log_multiplier","log_multiplier",0.0997513451195927,0.469847656147818,-1.11105313484325,0.1,NA,FALSE,TRUE,FALSE,0.1
1924,"recr(270)",-0.228142868703867,-20,20,0,FALSE,"recruit_dev","rel_rec_log",270,NA,NA,NA,-0.228142868703867,0,TRUE,NA,1924,1924,-0.257442720077076,"mean_preserving_log_multiplier","log_multiplier",0.0997513451195927,-0.233118034130451,-0.243853212379859,0.1,NA,FALSE,TRUE,FALSE,0.1
1925,"recr(271)",-0.140386787954586,-20,20,0,FALSE,"recruit_dev","rel_rec_log",271,NA,NA,NA,-0.140386787954586,0,TRUE,NA,1925,1925,-0.22427009852432,"mean_preserving_log_multiplier","log_multiplier",0.0997513451195927,-0.14536195338117,-0.79104843196396,0.1,NA,FALSE,TRUE,FALSE,0.1
1926,"recr(272)",0.0706608181549519,-20,20,0,FALSE,"recruit_dev","rel_rec_log",272,NA,NA,NA,0.0706608181549519,0,TRUE,NA,1926,1926,-0.173626578908839,"mean_preserving_log_multiplier","log_multiplier",0.0997513451195927,0.0656856527283678,-2.39908776518546,0.1,NA,FALSE,TRUE,FALSE,0.1
1927,"recr(273)",0.345608553359834,-20,20,0,FALSE,"recruit_dev","rel_rec_log",273,NA,NA,NA,0.345608553359834,0,TRUE,NA,1927,1927,0.494998272189749,"mean_preserving_log_multiplier","log_multiplier",0.0997513451195927,0.34063338793325,1.54749676880477,0.1,NA,FALSE,TRUE,FALSE,0.1
1928,"recr(274)",0.0387833627707551,-20,20,0,FALSE,"recruit_dev","rel_rec_log",274,NA,NA,NA,0.0387833627707551,0,TRUE,NA,1928,1928,-0.0822788446211675,"mean_preserving_log_multiplier","log_multiplier",0.0997513451195927,0.033808197344171,-1.16376417607362,0.1,NA,FALSE,TRUE,FALSE,0.1
1929,"recr(275)",-0.097973737873524,-20,20,0,FALSE,"recruit_dev","rel_rec_log",275,NA,NA,NA,-0.097973737873524,0,TRUE,NA,1929,1929,0.0193651910608032,"mean_preserving_log_multiplier","log_multiplier",0.0997513451195927,-0.102948903300108,1.22618992469994,0.1,NA,FALSE,TRUE,FALSE,0.1
1930,"recr(276)",-0.671657544568347,-20,20,0,FALSE,"recruit_dev","rel_rec_log",276,NA,NA,NA,-0.671657544568347,0,TRUE,NA,1930,1930,-0.682688122504621,"mean_preserving_log_multiplier","log_multiplier",0.0997513451195927,-0.676632709994931,-0.06070507121914,0.1,NA,FALSE,TRUE,FALSE,0.1
1931,"recr(277)",-1.87224184206922,-20,20,0,FALSE,"recruit_dev","rel_rec_log",277,NA,NA,NA,-1.87224184206922,0,TRUE,NA,1931,1931,-1.88308967201143,"mean_preserving_log_multiplier","log_multiplier",0.0997513451195927,-1.8772170074958,-0.0588730358330803,0.1,NA,FALSE,TRUE,FALSE,0.1
1932,"recr(278)",-1.01751557745718,-20,20,0,FALSE,"recruit_dev","rel_rec_log",278,NA,NA,NA,-1.01751557745718,0,TRUE,NA,1932,1932,-1.14628804733247,"mean_preserving_log_multiplier","log_multiplier",0.0997513451195927,-1.02249074288377,-1.24105899825489,0.1,NA,FALSE,TRUE,FALSE,0.1
1933,"recr(279)",0.244266520910366,-20,20,0,FALSE,"recruit_dev","rel_rec_log",279,NA,NA,NA,0.244266520910366,0,TRUE,NA,1933,1933,0.24622931625542,"mean_preserving_log_multiplier","log_multiplier",0.0997513451195927,0.239291355483782,0.0695525535351968,0.1,NA,FALSE,TRUE,FALSE,0.1
1934,"recr(280)",0.162448157169835,-20,20,0,FALSE,"recruit_dev","rel_rec_log",280,NA,NA,NA,0.162448157169835,0,TRUE,NA,1934,1934,0.356029450596126,"mean_preserving_log_multiplier","log_multiplier",0.0997513451195927,0.157472991743251,1.99051409898106,0.1,NA,FALSE,TRUE,FALSE,0.1
1935,"recr(281)",-0.589312754262366,-20,20,0,FALSE,"recruit_dev","rel_rec_log",281,NA,NA,NA,-0.589312754262366,0,TRUE,NA,1935,1935,-0.657496537208246,"mean_preserving_log_multiplier","log_multiplier",0.0997513451195927,-0.59428791968895,-0.633661806199354,0.1,NA,FALSE,TRUE,FALSE,0.1
1936,"recr(282)",-0.121086118737278,-20,20,0,FALSE,"recruit_dev","rel_rec_log",282,NA,NA,NA,-0.121086118737278,0,TRUE,NA,1936,1936,-0.0917256656190312,"mean_preserving_log_multiplier","log_multiplier",0.0997513451195927,-0.126061284163862,0.344212085598102,0.1,NA,FALSE,TRUE,FALSE,0.1
1937,"recr(283)",0.174537802293724,-20,20,0,FALSE,"recruit_dev","rel_rec_log",283,NA,NA,NA,0.174537802293724,0,TRUE,NA,1937,1937,0.217172795030167,"mean_preserving_log_multiplier","log_multiplier",0.0997513451195927,0.16956263686714,0.47728838248694,0.1,NA,FALSE,TRUE,FALSE,0.1
1938,"recr(284)",-0.346769957185738,-20,20,0,FALSE,"recruit_dev","rel_rec_log",284,NA,NA,NA,-0.346769957185738,0,TRUE,NA,1938,1938,-0.302151022495848,"mean_preserving_log_multiplier","log_multiplier",0.0997513451195927,-0.351745122612322,0.497177256677742,0.1,NA,FALSE,TRUE,FALSE,0.1
1939,"recr(285)",-0.434244552622278,-20,20,0,FALSE,"recruit_dev","rel_rec_log",285,NA,NA,NA,-0.434244552622278,0,TRUE,NA,1939,1939,-0.486401026564177,"mean_preserving_log_multiplier","log_multiplier",0.0997513451195927,-0.439219718048862,-0.472989195872489,0.1,NA,FALSE,TRUE,FALSE,0.1
1940,"recr(286)",0.73896832857214,-20,20,0,FALSE,"recruit_dev","rel_rec_log",286,NA,NA,NA,0.73896832857214,0,TRUE,NA,1940,1940,0.672762250903241,"mean_preserving_log_multiplier","log_multiplier",0.0997513451195927,0.733993163145556,-0.613835454237782,0.1,NA,FALSE,TRUE,FALSE,0.1
1941,"totpop",16.8131931632129,8,25,0,FALSE,"log_mean_recruitment","tot_pop",1,NA,NA,NA,16.8131931632129,0,TRUE,NA,1941,1941,16.7828616141083,"mean_preserving_log_multiplier","log_multiplier",0.0997513451195927,16.8082179977863,-0.25419590730948,0.1,NA,FALSE,TRUE,FALSE,0.1
1942,"tag_fish_rep(1)",0.256897275909423,0.001,0.99,0,FALSE,"tag_fish_rep_group","tag_fish_rep_group",1,NA,NA,NA,0.256897275909423,0,TRUE,NA,1942,1942,0.239488340876654,"mean_preserving_scaled_beta","bounded_natural",0.0256897275909423,0.256897275909423,-0.677661332575101,0.1,0.984561741705129,FALSE,TRUE,FALSE,0.1
1943,"tag_fish_rep(6)",0.521359743336866,0.001,0.99,0,FALSE,"tag_fish_rep_group","tag_fish_rep_group",6,NA,NA,NA,0.521359743336866,0,TRUE,NA,1943,1943,0.551666940808093,"mean_preserving_scaled_beta","bounded_natural",0.0521359743336866,0.521359743336866,0.581310656577568,0.1,0.660707407049297,FALSE,TRUE,FALSE,0.1
1944,"tag_fish_rep(7)",0.667585971770956,0.001,0.99,0,FALSE,"tag_fish_rep_group","tag_fish_rep_group",7,NA,NA,NA,0.667585971770956,0,TRUE,NA,1944,1944,0.551582579318822,"mean_preserving_scaled_beta","bounded_natural",0.0667585971770956,0.667585971770956,-1.73765473448165,0.1,0.436261246072324,FALSE,TRUE,FALSE,0.1
1945,"tag_fish_rep(10)",0.589257038102709,0.001,0.99,0,FALSE,"tag_fish_rep_group","tag_fish_rep_group",10,NA,NA,NA,0.589257038102709,0,TRUE,NA,1945,1945,0.603705966132054,"mean_preserving_scaled_beta","bounded_natural",0.0589257038102709,0.589257038102709,0.245205862553075,0.1,0.551282534466143,FALSE,TRUE,FALSE,0.1
1946,"tag_fish_rep(13)",0.325614036021986,0.001,0.99,0,FALSE,"tag_fish_rep_group","tag_fish_rep_group",13,NA,NA,NA,0.325614036021986,0,TRUE,NA,1946,1946,0.353026136551346,"mean_preserving_scaled_beta","bounded_natural",0.0325614036021986,0.325614036021986,0.84185868841074,0.1,0.897846755113941,FALSE,TRUE,FALSE,0.1
1947,"tag_fish_rep(14)",0.487677420072238,0.001,0.99,0,FALSE,"tag_fish_rep_group","tag_fish_rep_group",14,NA,NA,NA,0.487677420072238,0,TRUE,NA,1947,1947,0.480470535529124,"mean_preserving_scaled_beta","bounded_natural",0.0487677420072238,0.487677420072238,-0.1477797463341,0.1,0.714045895441681,FALSE,TRUE,FALSE,0.1
1948,"tag_fish_rep(17)",0.842608599503972,0.001,0.99,0,FALSE,"tag_fish_rep_group","tag_fish_rep_group",17,NA,NA,NA,0.842608599503972,0,TRUE,NA,1948,1948,0.818739222175411,"mean_preserving_scaled_beta","bounded_natural",0.0842608599503972,0.842608599503972,-0.28327953622373,0.1,0.200295209287801,FALSE,TRUE,FALSE,0.1
1949,"tag_fish_rep(18)",0.987978325062722,0.001,0.99,0,FALSE,"tag_fish_rep_group","tag_fish_rep_group",18,NA,NA,NA,0.987978325062722,0,TRUE,NA,1949,1949,0.988124502958311,"mean_preserving_scaled_beta","bounded_natural",0.00285033580909878,0.987978325062722,0.0512844469491988,0.00288501856446884,0.00288501856446884,TRUE,TRUE,FALSE,0.1
1950,"tag_fish_rep(19)",0.594530357831125,0.001,0.99,0,FALSE,"tag_fish_rep_group","tag_fish_rep_group",19,NA,NA,NA,0.594530357831125,0,TRUE,NA,1950,1950,0.71613770977843,"mean_preserving_scaled_beta","bounded_natural",0.0594530357831125,0.594530357831125,2.04543553319858,0.1,0.54321654346617,FALSE,TRUE,FALSE,0.1
1951,"tag_fish_rep(20)",0.359954577408505,0.001,0.99,0,FALSE,"tag_fish_rep_group","tag_fish_rep_group",20,NA,NA,NA,0.359954577408505,0,TRUE,NA,1951,1951,0.301946320645964,"mean_preserving_scaled_beta","bounded_natural",0.0359954577408505,0.359954577408505,-1.61154380033647,0.1,0.856815904622281,FALSE,TRUE,FALSE,0.1
1952,"tag_fish_rep(23)",0.832799150957057,0.001,0.99,0,FALSE,"tag_fish_rep_group","tag_fish_rep_group",23,NA,NA,NA,0.832799150957057,0,TRUE,NA,1952,1952,0.791912837091612,"mean_preserving_scaled_beta","bounded_natural",0.0832799150957057,0.832799150957057,-0.490950474894917,0.1,0.213255237707267,FALSE,TRUE,FALSE,0.1
1953,"tag_fish_rep(29)",0.308783974273095,0.001,0.99,0,FALSE,"tag_fish_rep_group","tag_fish_rep_group",29,NA,NA,NA,0.308783974273095,0,TRUE,NA,1953,1953,0.271434084869055,"mean_preserving_scaled_beta","bounded_natural",0.0308783974273095,0.308783974273095,-1.20957991722093,0.1,0.918479822772552,FALSE,TRUE,FALSE,0.1
1954,"region_pars(1)",0.435897435897436,1e-06,1.5,0,FALSE,"region_parameters_row1","region_pars_row1",1,1,1,0,0.435897435897436,0,TRUE,NA,1954,1954,0.446790639306033,"bounded_simplex_logratio","simplex_logratio",0.0997513451195927,0.435897435897436,0.652550699544501,0.1,NA,FALSE,TRUE,FALSE,0.1
1955,"region_pars(1)",0.115384615384615,1e-06,1.5,0,FALSE,"region_parameters_row1","region_pars_row1",2,1,1,0,0.115384615384615,0,TRUE,NA,1955,1955,0.0953974114278875,"bounded_simplex_logratio","simplex_logratio",0.0997513451195927,0.115384615384615,-1.50185229578619,0.1,NA,FALSE,TRUE,FALSE,0.1
1956,"region_pars(1)",0.115384615384615,1e-06,1.5,0,FALSE,"region_parameters_row1","region_pars_row1",3,1,1,0,0.115384615384615,0,TRUE,NA,1956,1956,0.116075170277737,"bounded_simplex_logratio","simplex_logratio",0.0997513451195927,0.115384615384615,0.46492242591693,0.1,NA,FALSE,TRUE,FALSE,0.1
1957,"region_pars(1)",0.0641025641025641,1e-06,1.5,0,FALSE,"region_parameters_row1","region_pars_row1",4,1,1,0,0.0641025641025641,0,TRUE,NA,1957,1957,0.0656291551285276,"bounded_simplex_logratio","simplex_logratio",0.0997513451195927,0.0641025641025641,0.641050481930763,0.1,NA,FALSE,TRUE,FALSE,0.1
1958,"region_pars(1)",0.269230769230769,1e-06,1.5,0,FALSE,"region_parameters_row1","region_pars_row1",5,1,1,0,0.269230769230769,0,TRUE,NA,1958,1958,0.276107623859814,"bounded_simplex_logratio","simplex_logratio",0.0997513451195927,0.269230769230769,0.657951511411811,0.1,NA,FALSE,TRUE,FALSE,0.1
1959,"sv(21)",0,1e-06,1000,0,FALSE,"seasonal_growth_sv21","season_growth_pars",21,NA,NA,NA,0,0,TRUE,NA,1959,1959,5.04422684536437,"mean_preserving_scaled_beta","bounded_natural",0.1,5.000000995,0.4422585036437,0.1,7.01836345910209,FALSE,TRUE,TRUE,0.1
1960,"vb_coff(1)",23,10,60,0,FALSE,"vb_coff","growth_vb",1,NA,NA,NA,23,0,TRUE,NA,1960,1960,20.8792074129885,"mean_preserving_scaled_beta","bounded_natural",2.3,23,-0.922083733483249,0.1,0.557730737689439,FALSE,TRUE,FALSE,0.1
1961,"vb_coff(2)",145,130,200,0,FALSE,"vb_coff","growth_vb",2,NA,NA,NA,145,0,TRUE,NA,1961,1961,135.54556544211,"mean_preserving_scaled_beta","bounded_natural",14.5,145,-0.652029969509664,0.1,0.108497467052085,FALSE,TRUE,FALSE,0.1
1962,"vb_coff(3)",0.12,0.01,0.3,0,FALSE,"vb_coff","growth_vb",3,NA,NA,NA,0.12,0,TRUE,NA,1962,1962,0.09571846223167,"mean_preserving_scaled_beta","bounded_natural",0.012,0.12,-2.02346148069417,0.1,0.770154046215405,FALSE,TRUE,FALSE,0.1
1963,"var_coff(1)",6,1,10,0,FALSE,"var_coff","growth_var",1,NA,NA,NA,6,0,TRUE,NA,1963,1963,6.5795853930314,"mean_preserving_scaled_beta","bounded_natural",0.6,6,0.965975655052336,0.1,0.511309992564914,FALSE,TRUE,FALSE,0.1
1964,"var_coff(2)",0.52,0.1,3,0,FALSE,"var_coff","growth_var",2,NA,NA,NA,0.52,0,TRUE,NA,1964,1964,0.441517073872973,"mean_preserving_scaled_beta","bounded_natural",0.052,0.52,-1.50928704090437,0.1,0.930145702600918,FALSE,TRUE,FALSE,0.1
