"year","depletion","spawning_potential","spawning_potential_nofish","recruitment","fishing_mortality","key","axis","label","reference","alternative","is_diagnostic","model_order"
1952,0.992718785649431,1279.2075,1288.59,82.43232,0.0113970964769492,"diagnostic","Diagnostic reference","Diagnostic model","","",TRUE,0
1953,0.970127209310252,1280.825,1320.265,68.380895,0.0108730788462706,"diagnostic","Diagnostic reference","Diagnostic model","","",TRUE,0
1954,0.95650726335956,1285.6175,1344.075,96.589249,0.00742765942227377,"diagnostic","Diagnostic reference","Diagnostic model","","",TRUE,0
1955,0.945397444743166,1291.42,1366.0075,107.0488784,0.0108464259251864,"diagnostic","Diagnostic reference","Diagnostic model","","",TRUE,0
1956,0.930928381389111,1291.1325,1386.93,56.46881,0.0147445825589784,"diagnostic","Diagnostic reference","Diagnostic model","","",TRUE,0
1957,0.917530865047377,1332.8925,1452.695,43.0730089,0.0211289970457735,"diagnostic","Diagnostic reference","Diagnostic model","","",TRUE,0
1958,0.8934497622691,1307.8675,1463.84,89.723684,0.0280299930338656,"diagnostic","Diagnostic reference","Diagnostic model","","",TRUE,0
1959,0.862154700592518,1201.5225,1393.6275,42.821349,0.020419106001968,"diagnostic","Diagnostic reference","Diagnostic model","","",TRUE,0
1960,0.837247211337865,1087.5925,1299.01,54.317169,0.0242381322333099,"diagnostic","Diagnostic reference","Diagnostic model","","",TRUE,0
1961,0.825592877600478,1049.2625,1270.92,55.3850047,0.0203597663694151,"diagnostic","Diagnostic reference","Diagnostic model","","",TRUE,0
1962,0.813186881226433,985.0275,1211.3175,59.07401,0.0192645872688557,"diagnostic","Diagnostic reference","Diagnostic model","","",TRUE,0
1963,0.801829156601062,930.2,1160.0975,63.332494,0.0231468068164297,"diagnostic","Diagnostic reference","Diagnostic model","","",TRUE,0
1964,0.787853216919479,868.295,1102.1025,48.7718412,0.0163634783014817,"diagnostic","Diagnostic reference","Diagnostic model","","",TRUE,0
1965,0.792429781000033,846.525,1068.265,41.7403268,0.0187471019809872,"diagnostic","Diagnostic reference","Diagnostic model","","",TRUE,0
1966,0.797690797610089,840.11,1053.1775,78.4844424,0.0180802816030405,"diagnostic","Diagnostic reference","Diagnostic model","","",TRUE,0
1967,0.792873385203486,806.3225,1016.9625,34.776594,0.0228161443314717,"diagnostic","Diagnostic reference","Diagnostic model","","",TRUE,0
1968,0.789533861263289,769.9475,975.1925,51.469701,0.0185642114779342,"diagnostic","Diagnostic reference","Diagnostic model","","",TRUE,0
1969,0.7935836237068,772.635,973.6025,55.8557205,0.0218777848796117,"diagnostic","Diagnostic reference","Diagnostic model","","",TRUE,0
1970,0.789019425503866,746.655,946.3075,52.355611,0.0333189222529836,"diagnostic","Diagnostic reference","Diagnostic model","","",TRUE,0
1971,0.785610476939345,724.3525,922.025,36.8597639,0.0386312801543574,"diagnostic","Diagnostic reference","Diagnostic model","","",TRUE,0
1972,0.781162160919167,721.87,924.0975,39.963115,0.0519750027757593,"diagnostic","Diagnostic reference","Diagnostic model","","",TRUE,0
1973,0.760694082145569,678.735,892.2575,61.706589,0.0327344648278894,"diagnostic","Diagnostic reference","Diagnostic model","","",TRUE,0
1974,0.747739813088462,642.6805,859.4975,28.3493459,0.0512456770837125,"diagnostic","Diagnostic reference","Diagnostic model","","",TRUE,0
1975,0.733578194986007,619.89925,845.035,88.200253,0.0456469202381609,"diagnostic","Diagnostic reference","Diagnostic model","","",TRUE,0
1976,0.707299877956822,583.8955,825.5275,31.893098,0.0563194389596374,"diagnostic","Diagnostic reference","Diagnostic model","","",TRUE,0
1977,0.686876460367863,573.23275,834.55,70.1435976,0.0691659896316577,"diagnostic","Diagnostic reference","Diagnostic model","","",TRUE,0
1978,0.678178441872517,588.89625,868.35,9.426178,0.0559461573534831,"diagnostic","Diagnostic reference","Diagnostic model","","",TRUE,0
1979,0.660691370919609,575.62075,871.24,37.7960858,0.0714640038050984,"diagnostic","Diagnostic reference","Diagnostic model","","",TRUE,0
1980,0.634473224135001,550.718,867.9925,54.8923,0.0605851907694716,"diagnostic","Diagnostic reference","Diagnostic model","","",TRUE,0
1981,0.610977156975227,503.2405,823.665,68.414306,0.0895180703784611,"diagnostic","Diagnostic reference","Diagnostic model","","",TRUE,0
1982,0.59841792558553,477.9175,798.635,71.999332,0.108998562058342,"diagnostic","Diagnostic reference","Diagnostic model","","",TRUE,0
1983,0.590015830777002,478.92175,811.71,60.827005,0.131420193785134,"diagnostic","Diagnostic reference","Diagnostic model","","",TRUE,0
1984,0.585393393772353,510.27425,871.6775,59.4597418,0.149423101500825,"diagnostic","Diagnostic reference","Diagnostic model","","",TRUE,0
1985,0.56475083385268,527.85425,934.6675,70.3906389,0.138818091540197,"diagnostic","Diagnostic reference","Diagnostic model","","",TRUE,0
1986,0.539102818268137,516.67075,958.39,53.649452,0.155666531385061,"diagnostic","Diagnostic reference","Diagnostic model","","",TRUE,0
1987,0.522464493958485,517.68525,990.8525,91.1958628,0.16798788622292,"diagnostic","Diagnostic reference","Diagnostic model","","",TRUE,0
1988,0.502368194477179,522.21425,1039.505,84.875882,0.146839551483797,"diagnostic","Diagnostic reference","Diagnostic model","","",TRUE,0
1989,0.488016118931065,520.141,1065.8275,75.974982,0.133131523137586,"diagnostic","Diagnostic reference","Diagnostic model","","",TRUE,0
1990,0.481915058895096,550.58675,1142.4975,71.921575,0.180093957258896,"diagnostic","Diagnostic reference","Diagnostic model","","",TRUE,0
1991,0.471830942009709,567.59375,1202.96,70.8973142,0.20813305970467,"diagnostic","Diagnostic reference","Diagnostic model","","",TRUE,0
1992,0.454686373029701,561.06025,1233.95,89.759642,0.236250014406091,"diagnostic","Diagnostic reference","Diagnostic model","","",TRUE,0
1993,0.426557061408742,527.26825,1236.1025,50.532514,0.194520522608098,"diagnostic","Diagnostic reference","Diagnostic model","","",TRUE,0
1994,0.403507598373932,508.20975,1259.48,101.382458,0.191558197415644,"diagnostic","Diagnostic reference","Diagnostic model","","",TRUE,0
1995,0.377615517890182,481.67125,1275.56,38.352809,0.187654855284961,"diagnostic","Diagnostic reference","Diagnostic model","","",TRUE,0
1996,0.36924345328469,466.33325,1262.9425,113.47534,0.204632987861228,"diagnostic","Diagnostic reference","Diagnostic model","","",TRUE,0
1997,0.384320352767339,495.47925,1289.235,44.318744,0.289326956680959,"diagnostic","Diagnostic reference","Diagnostic model","","",TRUE,0
1998,0.368505791038453,487.11675,1321.87,110.740917,0.269487378368663,"diagnostic","Diagnostic reference","Diagnostic model","","",TRUE,0
1999,0.343750185873606,462.344,1345,74.476699,0.425757016728022,"diagnostic","Diagnostic reference","Diagnostic model","","",TRUE,0
2000,0.312775730728972,425.063,1359.0025,118.303816,0.330468449587084,"diagnostic","Diagnostic reference","Diagnostic model","","",TRUE,0
2001,0.289565063352168,396.39575,1368.935,54.585515,0.288968332676617,"diagnostic","Diagnostic reference","Diagnostic model","","",TRUE,0
2002,0.275380038599197,387.395,1406.765,96.789269,0.256250584194768,"diagnostic","Diagnostic reference","Diagnostic model","","",TRUE,0
2003,0.259960987497568,380.82075,1464.915,66.339064,0.315269950005464,"diagnostic","Diagnostic reference","Diagnostic model","","",TRUE,0
2004,0.250962382487151,374.53375,1492.39,111.62659,0.335363136961467,"diagnostic","Diagnostic reference","Diagnostic model","","",TRUE,0
2005,0.228864776357293,341.74775,1493.23,68.679918,0.341401945211402,"diagnostic","Diagnostic reference","Diagnostic model","","",TRUE,0
2006,0.22273458329106,334.79625,1503.1175,79.245503,0.339959192854111,"diagnostic","Diagnostic reference","Diagnostic model","","",TRUE,0
2007,0.217198268901065,332.86775,1532.5525,86.220803,0.382735676214902,"diagnostic","Diagnostic reference","Diagnostic model","","",TRUE,0
2008,0.208522707861897,320.44675,1536.7475,82.976828,0.505009981100325,"diagnostic","Diagnostic reference","Diagnostic model","","",TRUE,0
2009,0.196563529658283,297.8365,1515.2175,90.927777,0.369994470178494,"diagnostic","Diagnostic reference","Diagnostic model","","",TRUE,0
2010,0.182814277552845,275.997,1509.7125,66.692475,0.287280245589021,"diagnostic","Diagnostic reference","Diagnostic model","","",TRUE,0
2011,0.181754736935161,277.55675,1527.095,72.512588,0.418078443664183,"diagnostic","Diagnostic reference","Diagnostic model","","",TRUE,0
2012,0.176271639509127,270.365,1533.7975,107.707758,0.362439682685157,"diagnostic","Diagnostic reference","Diagnostic model","","",TRUE,0
2013,0.16830879899882,253.5105,1506.2225,102.06888,0.342029716807126,"diagnostic","Diagnostic reference","Diagnostic model","","",TRUE,0
2014,0.171424568159078,259.9855,1516.6175,61.102049,0.420036732179472,"diagnostic","Diagnostic reference","Diagnostic model","","",TRUE,0
2015,0.177121215248395,278.90525,1574.6575,81.841036,0.33984614596639,"diagnostic","Diagnostic reference","Diagnostic model","","",TRUE,0
2016,0.17808569525043,286.01275,1606.04,82.628868,0.47109338418209,"diagnostic","Diagnostic reference","Diagnostic model","","",TRUE,0
2017,0.175712976270673,278.44225,1584.6425,86.341329,0.321885660909899,"diagnostic","Diagnostic reference","Diagnostic model","","",TRUE,0
2018,0.175932033998965,275.49725,1565.93,66.52907,0.372755631398652,"diagnostic","Diagnostic reference","Diagnostic model","","",TRUE,0
2019,0.17520573345278,273.31525,1559.9675,72.010138,0.26351964755267,"diagnostic","Diagnostic reference","Diagnostic model","","",TRUE,0
2020,0.178712793939755,277.377,1552.0825,82.411222,0.421776954979859,"diagnostic","Diagnostic reference","Diagnostic model","","",TRUE,0
2021,0.185328213124598,283.169,1527.9325,72.091352,0.425844338318709,"diagnostic","Diagnostic reference","Diagnostic model","","",TRUE,0
2022,0.188611504374898,284.43275,1508.035,59.857825,0.571483575871301,"diagnostic","Diagnostic reference","Diagnostic model","","",TRUE,0
2023,0.183232559519269,270.23825,1474.8375,81.035793,0.544559808328939,"diagnostic","Diagnostic reference","Diagnostic model","","",TRUE,0
2024,0.161670357810229,233.5975,1444.9,69.336489,0.432961850576892,"diagnostic","Diagnostic reference","Diagnostic model","","",TRUE,0
1952,0.992718140653331,1279.775,1289.1625,82.46893,0.0113920925037827,"steepness-0.65","Steepness","h = 0.65","0.90","0.65",FALSE,1
1953,0.970140496383964,1281.4125,1320.8525,68.405433,0.0108682750959121,"steepness-0.65","Steepness","h = 0.65","0.90","0.65",FALSE,1
1954,0.956498297969648,1286.22,1344.7175,96.621569,0.00742488258893638,"steepness-0.65","Steepness","h = 0.65","0.90","0.65",FALSE,1
1955,0.945179950584229,1292.035,1366.9725,107.1002316,0.0108418983570879,"steepness-0.65","Steepness","h = 0.65","0.90","0.65",FALSE,1
1956,0.930111407726357,1291.755,1388.8175,56.4931267,0.0147383315698265,"steepness-0.65","Steepness","h = 0.65","0.90","0.65",FALSE,1
1957,0.915730182764576,1333.5275,1456.245,43.0879852,0.0211205574581854,"steepness-0.65","Steepness","h = 0.65","0.90","0.65",FALSE,1
1958,0.890762666721127,1308.4925,1468.9575,89.755708,0.0280184999196977,"steepness-0.65","Steepness","h = 0.65","0.90","0.65",FALSE,1
1959,0.858755306476357,1202.105,1399.8225,42.832511,0.0204113980534383,"steepness-0.65","Steepness","h = 0.65","0.90","0.65",FALSE,1
1960,0.832998731127192,1088.1275,1306.2775,54.3301623,0.0242282921324901,"steepness-0.65","Steepness","h = 0.65","0.90","0.65",FALSE,1
1961,0.819889565329449,1049.7825,1280.395,55.4268931,0.0203502967089773,"steepness-0.65","Steepness","h = 0.65","0.90","0.65",FALSE,1
1962,0.80592758266089,985.5225,1222.8425,59.103979,0.0192557022462396,"steepness-0.65","Steepness","h = 0.65","0.90","0.65",FALSE,1
1963,0.792453312159806,930.675,1174.4225,63.353223,0.0231373196810552,"steepness-0.65","Steepness","h = 0.65","0.90","0.65",FALSE,1
1964,0.776306324419722,868.745,1119.075,48.7885365,0.0163567411834299,"steepness-0.65","Steepness","h = 0.65","0.90","0.65",FALSE,1
1965,0.778018656904938,846.955,1088.605,41.7529153,0.0187396416551639,"steepness-0.65","Steepness","h = 0.65","0.90","0.65",FALSE,1
1966,0.780133467605333,840.5275,1077.415,78.5114361,0.0180731956756572,"steepness-0.65","Steepness","h = 0.65","0.90","0.65",FALSE,1
1967,0.772716932426899,806.73,1044.0175,34.789646,0.0228075918707297,"steepness-0.65","Steepness","h = 0.65","0.90","0.65",FALSE,1
1968,0.766968348317851,770.32,1004.37,51.483632,0.0185574576568747,"steepness-0.65","Steepness","h = 0.65","0.90","0.65",FALSE,1
1969,0.768335441355164,773.005,1006.0775,55.8736424,0.0218703559232342,"steepness-0.65","Steepness","h = 0.65","0.90","0.65",FALSE,1
1970,0.761808243206723,747.0025,980.565,52.370007,0.0333100698893474,"steepness-0.65","Steepness","h = 0.65","0.90","0.65",FALSE,1
1971,0.756454887551605,724.68,957.995,36.8680682,0.038618801398662,"steepness-0.65","Steepness","h = 0.65","0.90","0.65",FALSE,1
1972,0.750122046221761,722.18,962.75,39.9752,0.0519604338441952,"steepness-0.65","Steepness","h = 0.65","0.90","0.65",FALSE,1
1973,0.728948159440049,679.0225,931.51,61.729031,0.032725120961164,"steepness-0.65","Steepness","h = 0.65","0.90","0.65",FALSE,1
1974,0.715004239820954,642.94075,899.2125,28.3563775,0.0512327451464516,"steepness-0.65","Steepness","h = 0.65","0.90","0.65",FALSE,1
1975,0.699819165622849,620.15875,886.17,88.227355,0.0456325453789477,"steepness-0.65","Steepness","h = 0.65","0.90","0.65",FALSE,1
1976,0.672955661477759,584.15075,868.0375,31.902394,0.0563026286712426,"steepness-0.65","Steepness","h = 0.65","0.90","0.65",FALSE,1
1977,0.650897184169608,573.499,881.09,70.1651471,0.0691455010128338,"steepness-0.65","Steepness","h = 0.65","0.90","0.65",FALSE,1
1978,0.639658598020748,589.16075,921.055,9.4298752,0.0559310509170267,"steepness-0.65","Steepness","h = 0.65","0.90","0.65",FALSE,1
1979,0.62013611265907,575.88475,928.6425,37.8080592,0.0714463190245242,"steepness-0.65","Steepness","h = 0.65","0.90","0.65",FALSE,1
1980,0.59224144185784,550.9785,930.3275,54.910173,0.0605647694464764,"steepness-0.65","Steepness","h = 0.65","0.90","0.65",FALSE,1
1981,0.567758213381596,503.4965,886.815,68.432133,0.089491632423553,"steepness-0.65","Steepness","h = 0.65","0.90","0.65",FALSE,1
1982,0.553009888394148,478.16,864.65,72.0182733,0.108961875324724,"steepness-0.65","Steepness","h = 0.65","0.90","0.65",FALSE,1
1983,0.541129039088638,479.163,885.4875,60.839552,0.131379362088672,"steepness-0.65","Steepness","h = 0.65","0.90","0.65",FALSE,1
1984,0.531464627668573,510.52625,960.6025,59.4764149,0.149367091596995,"steepness-0.65","Steepness","h = 0.65","0.90","0.65",FALSE,1
1985,0.50778864274451,528.1205,1040.04,70.4070012,0.138779701168734,"steepness-0.65","Steepness","h = 0.65","0.90","0.65",FALSE,1
1986,0.481023533024398,516.93675,1074.66,53.660717,0.155615476049441,"steepness-0.65","Steepness","h = 0.65","0.90","0.65",FALSE,1
1987,0.463004985887101,517.944,1118.6575,91.2152118,0.167934300199337,"steepness-0.65","Steepness","h = 0.65","0.90","0.65",FALSE,1
1988,0.442501524467707,522.47925,1180.74,84.893835,0.146810651605308,"steepness-0.65","Steepness","h = 0.65","0.90","0.65",FALSE,1
1989,0.427416460307096,520.3945,1217.535,75.99098,0.13309243787761,"steepness-0.65","Steepness","h = 0.65","0.90","0.65",FALSE,1
1990,0.419067280846564,550.85975,1314.49,71.934227,0.180036024081576,"steepness-0.65","Steepness","h = 0.65","0.90","0.65",FALSE,1
1991,0.407707343515259,567.866,1392.8275,70.9101978,0.208068052832673,"steepness-0.65","Steepness","h = 0.65","0.90","0.65",FALSE,1
1992,0.390884750235889,561.332,1436.055,89.774687,0.236170683319935,"steepness-0.65","Steepness","h = 0.65","0.90","0.65",FALSE,1
1993,0.365369664627548,527.53625,1443.8425,50.547122,0.194456971375023,"steepness-0.65","Steepness","h = 0.65","0.90","0.65",FALSE,1
1994,0.344482891781755,508.47225,1476.045,101.404594,0.19149777432643,"steepness-0.65","Steepness","h = 0.65","0.90","0.65",FALSE,1
1995,0.321284262385792,481.928,1500.005,38.356038,0.187589196988187,"steepness-0.65","Steepness","h = 0.65","0.90","0.65",FALSE,1
1996,0.312661557147045,466.58875,1492.3125,113.494212,0.204567271266556,"steepness-0.65","Steepness","h = 0.65","0.90","0.65",FALSE,1
1997,0.32294511958777,495.74175,1535.065,44.329406,0.289233009619911,"steepness-0.65","Steepness","h = 0.65","0.90","0.65",FALSE,1
1998,0.306877260807012,487.384,1588.205,110.748027,0.269420199677203,"steepness-0.65","Steepness","h = 0.65","0.90","0.65",FALSE,1
1999,0.283745970994225,462.6095,1630.365,74.479628,0.425549908267934,"steepness-0.65","Steepness","h = 0.65","0.90","0.65",FALSE,1
2000,0.256405085726687,425.3145,1658.76,118.322603,0.33037838044111,"steepness-0.65","Steepness","h = 0.65","0.90","0.65",FALSE,1
2001,0.236002195582357,396.6365,1680.6475,54.597309,0.288883951659708,"steepness-0.65","Steepness","h = 0.65","0.90","0.65",FALSE,1
2002,0.222560595751766,387.626,1741.665,96.797639,0.256179410735668,"steepness-0.65","Steepness","h = 0.65","0.90","0.65",FALSE,1
2003,0.207816750178955,381.045,1833.5625,66.343856,0.315176565581551,"steepness-0.65","Steepness","h = 0.65","0.90","0.65",FALSE,1
2004,0.198166139414122,374.7505,1891.0925,111.640075,0.335256293918123,"steepness-0.65","Steepness","h = 0.65","0.90","0.65",FALSE,1
2005,0.178504041104025,341.94725,1915.6275,68.684717,0.341284441589596,"steepness-0.65","Steepness","h = 0.65","0.90","0.65",FALSE,1
2006,0.171445405762277,334.98975,1953.915,79.251225,0.339874223443407,"steepness-0.65","Steepness","h = 0.65","0.90","0.65",FALSE,1
2007,0.164937008809853,333.06225,2019.33,86.225695,0.382632310093312,"steepness-0.65","Steepness","h = 0.65","0.90","0.65",FALSE,1
2008,0.156151934613132,320.6295,2053.3175,82.981705,0.504892703895265,"steepness-0.65","Steepness","h = 0.65","0.90","0.65",FALSE,1
2009,0.145240877317604,298.0085,2051.8225,90.93833,0.369903555492987,"steepness-0.65","Steepness","h = 0.65","0.90","0.65",FALSE,1
2010,0.133250461404842,276.15825,2072.475,66.694399,0.287220828149463,"steepness-0.65","Steepness","h = 0.65","0.90","0.65",FALSE,1
2011,0.1305803524198,277.7085,2126.725,72.516237,0.417964568553811,"steepness-0.65","Steepness","h = 0.65","0.90","0.65",FALSE,1
2012,0.12477965503602,270.51075,2167.9075,107.721921,0.362362097562713,"steepness-0.65","Steepness","h = 0.65","0.90","0.65",FALSE,1
2013,0.117373237236959,253.6465,2161.025,102.079453,0.34195561784548,"steepness-0.65","Steepness","h = 0.65","0.90","0.65",FALSE,1
2014,0.117577721100159,260.11925,2212.3175,61.106663,0.419939259315198,"steepness-0.65","Steepness","h = 0.65","0.90","0.65",FALSE,1
2015,0.119435072862932,279.049,2336.4075,81.846922,0.339770960678988,"steepness-0.65","Steepness","h = 0.65","0.90","0.65",FALSE,1
2016,0.118295546382973,286.16225,2419.045,82.63648,0.470975713594557,"steepness-0.65","Steepness","h = 0.65","0.90","0.65",FALSE,1
2017,0.115459255038077,278.58875,2412.875,86.349565,0.321807457289498,"steepness-0.65","Steepness","h = 0.65","0.90","0.65",FALSE,1
2018,0.114821290772062,275.642,2400.6175,66.534207,0.372664837780968,"steepness-0.65","Steepness","h = 0.65","0.90","0.65",FALSE,1
2019,0.11392083918298,273.459,2400.43,72.017181,0.263449638107423,"steepness-0.65","Steepness","h = 0.65","0.90","0.65",FALSE,1
2020,0.115891554202541,277.52,2394.6525,82.413255,0.421675686241486,"steepness-0.65","Steepness","h = 0.65","0.90","0.65",FALSE,1
2021,0.119879384886192,283.31125,2363.3025,72.094452,0.425723237310928,"steepness-0.65","Steepness","h = 0.65","0.90","0.65",FALSE,1
2022,0.121756179584188,284.5725,2337.2325,59.856866,0.5713788102032,"steepness-0.65","Steepness","h = 0.65","0.90","0.65",FALSE,1
2023,0.118171666091183,270.3685,2287.93,81.030395,0.544511915304278,"steepness-0.65","Steepness","h = 0.65","0.90","0.65",FALSE,1
2024,0.104275536826325,233.7125,2241.2975,69.350545,0.432868251820985,"steepness-0.65","Steepness","h = 0.65","0.90","0.65",FALSE,1
1952,0.992721573009296,1279.36,1288.74,82.44202,0.0113958135910688,"steepness-0.80","Steepness","h = 0.80","0.90","0.80",FALSE,2
1953,0.970132665870204,1280.985,1320.4225,68.386738,0.0108719003053893,"steepness-0.80","Steepness","h = 0.80","0.90","0.80",FALSE,2
1954,0.956509124993723,1285.785,1344.2475,96.605641,0.00742643571102514,"steepness-0.80","Steepness","h = 0.80","0.90","0.80",FALSE,2
1955,0.945332613608293,1291.5725,1366.2625,107.0502694,0.0108454335475478,"steepness-0.80","Steepness","h = 0.80","0.90","0.80",FALSE,2
1956,0.930701258076955,1291.2875,1387.435,56.4749696,0.0147430651532716,"steepness-0.80","Steepness","h = 0.80","0.90","0.80",FALSE,2
1957,0.917030259774879,1333.0525,1453.6625,43.0753256,0.0211271565442009,"steepness-0.80","Steepness","h = 0.80","0.90","0.80",FALSE,2
1958,0.892700355060681,1308.0225,1465.2425,89.730313,0.0280273285880144,"steepness-0.80","Steepness","h = 0.80","0.90","0.80",FALSE,2
1959,0.861201044199301,1201.6575,1395.3275,42.816326,0.0204180926260894,"steepness-0.80","Steepness","h = 0.80","0.90","0.80",FALSE,2
1960,0.836068408916218,1087.725,1301,54.3231743,0.0242340554777972,"steepness-0.80","Steepness","h = 0.80","0.90","0.80",FALSE,2
1961,0.824022033808468,1049.39,1273.4975,55.4009071,0.0203570841924347,"steepness-0.80","Steepness","h = 0.80","0.90","0.80",FALSE,2
1962,0.811184348663815,985.155,1214.465,59.082904,0.0192623174040811,"steepness-0.80","Steepness","h = 0.80","0.90","0.80",FALSE,2
1963,0.799234118043758,930.3225,1164.0175,63.335704,0.0231443247555092,"steepness-0.80","Steepness","h = 0.80","0.90","0.80",FALSE,2
1964,0.784636652563909,868.4025,1106.7575,48.7773509,0.0163616899970986,"steepness-0.80","Steepness","h = 0.80","0.90","0.80",FALSE,2
1965,0.788411708420928,846.63,1073.8425,41.7416615,0.0187454480856297,"steepness-0.80","Steepness","h = 0.80","0.90","0.80",FALSE,2
1966,0.792783697270062,840.21,1059.8225,78.4893565,0.0180783446010627,"steepness-0.80","Steepness","h = 0.80","0.90","0.80",FALSE,2
1967,0.787242921886325,806.43,1024.3725,34.782879,0.0228139270657578,"steepness-0.80","Steepness","h = 0.80","0.90","0.80",FALSE,2
1968,0.783203144865184,770.0375,983.19,51.474981,0.0185624718466151,"steepness-0.80","Steepness","h = 0.80","0.90","0.80",FALSE,2
1969,0.786507647718916,772.73,982.4825,55.8555772,0.0218763171142452,"steepness-0.80","Steepness","h = 0.80","0.90","0.80",FALSE,2
1970,0.781387585968749,746.735,955.6525,52.362093,0.0333180053729273,"steepness-0.80","Steepness","h = 0.80","0.90","0.80",FALSE,2
1971,0.777463866687057,724.435,931.7925,36.8604329,0.0386298980006234,"steepness-0.80","Steepness","h = 0.80","0.90","0.80",FALSE,2
1972,0.772505483922744,721.945,934.55,39.965286,0.0519727795688267,"steepness-0.80","Steepness","h = 0.80","0.90","0.80",FALSE,2
1973,0.751866353577085,678.8075,902.83,61.713471,0.0327333261322211,"steepness-0.80","Steepness","h = 0.80","0.90","0.80",FALSE,2
1974,0.73864824098947,642.744,870.1625,28.3529994,0.0512424847130964,"steepness-0.80","Steepness","h = 0.80","0.90","0.80",FALSE,2
1975,0.724216167279949,619.96525,856.05,88.204585,0.0456443698636157,"steepness-0.80","Steepness","h = 0.80","0.90","0.80",FALSE,2
1976,0.697783745675929,583.96475,836.885,31.898115,0.0563148990329277,"steepness-0.80","Steepness","h = 0.80","0.90","0.80",FALSE,2
1977,0.676847812612528,573.30025,847.015,70.148319,0.0691607560801383,"steepness-0.80","Steepness","h = 0.80","0.90","0.80",FALSE,2
1978,0.667365612110774,588.9635,882.52,9.4255217,0.0559393746851595,"steepness-0.80","Steepness","h = 0.80","0.90","0.80",FALSE,2
1979,0.649232135556903,575.68225,886.7125,37.7988631,0.0714552327332387,"steepness-0.80","Steepness","h = 0.80","0.90","0.80",FALSE,2
1980,0.622477643568553,550.776,884.8125,54.896596,0.0605786340801685,"steepness-0.80","Steepness","h = 0.80","0.90","0.80",FALSE,2
1981,0.598662733471511,503.30025,840.7075,68.418862,0.0895078990490838,"steepness-0.80","Steepness","h = 0.80","0.90","0.80",FALSE,2
1982,0.585460474943732,477.97725,816.4125,72.0035611,0.108987648548552,"steepness-0.80","Steepness","h = 0.80","0.90","0.80",FALSE,2
1983,0.575995478445956,478.982,831.5725,60.830792,0.131406762852222,"steepness-0.80","Steepness","h = 0.80","0.90","0.80",FALSE,2
1984,0.569778379434505,510.33625,895.675,59.4620733,0.149408781413465,"steepness-0.80","Steepness","h = 0.80","0.90","0.80",FALSE,2
1985,0.548092661086237,527.916,963.1875,70.3965379,0.138807790814123,"steepness-0.80","Steepness","h = 0.80","0.90","0.80",FALSE,2
1986,0.522016724376119,516.73,989.8725,53.649404,0.155652028138951,"steepness-0.80","Steepness","h = 0.80","0.90","0.80",FALSE,2
1987,0.50495469795385,517.75025,1025.34,91.2016007,0.167973819656017,"steepness-0.80","Steepness","h = 0.80","0.90","0.80",FALSE,2
1988,0.484753553644603,522.28075,1077.415,84.880738,0.146830995200093,"steepness-0.80","Steepness","h = 0.80","0.90","0.80",FALSE,2
1989,0.470201092347915,520.19875,1106.3325,75.980264,0.133117326534886,"steepness-0.80","Steepness","h = 0.80","0.90","0.80",FALSE,2
1990,0.463463650710153,550.65275,1188.125,71.927648,0.180082084087124,"steepness-0.80","Steepness","h = 0.80","0.90","0.80",FALSE,2
1991,0.453010464153541,567.66175,1253.0875,70.9203383,0.208108286578633,"steepness-0.80","Steepness","h = 0.80","0.90","0.80",FALSE,2
1992,0.435944528609719,561.126,1287.15,89.743761,0.23624859834989,"steepness-0.80","Steepness","h = 0.80","0.90","0.80",FALSE,2
1993,0.408582059919072,527.3395,1290.6575,50.530472,0.194506416145456,"steepness-0.80","Steepness","h = 0.80","0.90","0.80",FALSE,2
1994,0.386194399120149,508.283,1316.1325,101.388355,0.19153980861842,"steepness-0.80","Steepness","h = 0.80","0.90","0.80",FALSE,2
1995,0.361109705613931,481.7375,1334.0475,38.352682,0.187643154640873,"steepness-0.80","Steepness","h = 0.80","0.90","0.80",FALSE,2
1996,0.352654949226105,466.39675,1322.53,113.483686,0.204616337453487,"steepness-0.80","Steepness","h = 0.80","0.90","0.80",FALSE,2
1997,0.366276897491569,495.54975,1352.9375,44.320996,0.289303107863934,"steepness-0.80","Steepness","h = 0.80","0.90","0.80",FALSE,2
1998,0.350275011683503,487.18,1390.85,110.746348,0.269458012552603,"steepness-0.80","Steepness","h = 0.80","0.90","0.80",FALSE,2
1999,0.325883445300126,462.4115,1418.9475,74.475201,0.425715080591985,"steepness-0.80","Steepness","h = 0.80","0.90","0.80",FALSE,2
2000,0.295916506425594,425.12475,1436.6375,118.307464,0.330441395524366,"steepness-0.80","Steepness","h = 0.80","0.90","0.80",FALSE,2
2001,0.273494412251656,396.4575,1449.6,54.589391,0.288948010589081,"steepness-0.80","Steepness","h = 0.80","0.90","0.80",FALSE,2
2002,0.259452337784742,387.4525,1493.3475,96.789979,0.256235861990319,"steepness-0.80","Steepness","h = 0.80","0.90","0.80",FALSE,2
2003,0.244118259721448,380.87575,1560.21,66.340189,0.315248702698523,"steepness-0.80","Steepness","h = 0.80","0.90","0.80",FALSE,2
2004,0.234775605368799,374.588,1595.515,111.632511,0.335343856857902,"steepness-0.80","Steepness","h = 0.80","0.90","0.80",FALSE,2
2005,0.213278505419352,341.798,1602.59,68.680038,0.341384423464917,"steepness-0.80","Steepness","h = 0.80","0.90","0.80",FALSE,2
2006,0.206711114197745,334.84875,1619.8875,79.247274,0.339949371564749,"steepness-0.80","Steepness","h = 0.80","0.90","0.80",FALSE,2
2007,0.200716090096825,332.91975,1658.66,86.224718,0.382721556085271,"steepness-0.80","Steepness","h = 0.80","0.90","0.80",FALSE,2
2008,0.191850661303212,320.499,1670.565,82.97811,0.504984862987299,"steepness-0.80","Steepness","h = 0.80","0.90","0.80",FALSE,2
2009,0.1800769259833,297.881,1654.1875,90.930482,0.36997198077602,"steepness-0.80","Steepness","h = 0.80","0.90","0.80",FALSE,2
2010,0.166755620395625,276.03975,1655.355,66.692884,0.287261345081113,"steepness-0.80","Steepness","h = 0.80","0.90","0.80",FALSE,2
2011,0.165025659164847,277.5975,1682.1475,72.513665,0.418054933508856,"steepness-0.80","Steepness","h = 0.80","0.90","0.80",FALSE,2
2012,0.15927751933875,270.40425,1697.6925,107.711584,0.362419812911472,"steepness-0.80","Steepness","h = 0.80","0.90","0.80",FALSE,2
2013,0.151337840802093,253.5465,1675.3675,102.071905,0.342008348668249,"steepness-0.80","Steepness","h = 0.80","0.90","0.80",FALSE,2
2014,0.153297930198933,260.0205,1696.1775,61.103346,0.420014821541627,"steepness-0.80","Steepness","h = 0.80","0.90","0.80",FALSE,2
2015,0.15749495377232,278.94325,1771.125,81.842282,0.339825690188839,"steepness-0.80","Steepness","h = 0.80","0.90","0.80",FALSE,2
2016,0.157553350572956,286.0515,1815.585,82.63173,0.471065478888509,"steepness-0.80","Steepness","h = 0.80","0.90","0.80",FALSE,2
2017,0.154893527672793,278.48075,1797.885,86.343065,0.321865264767961,"steepness-0.80","Steepness","h = 0.80","0.90","0.80",FALSE,2
2018,0.154754031606956,275.53375,1780.4625,66.529979,0.372730677673523,"steepness-0.80","Steepness","h = 0.80","0.90","0.80",FALSE,2
2019,0.153954777201897,273.35325,1775.5425,72.013615,0.263495860401131,"steepness-0.80","Steepness","h = 0.80","0.90","0.80",FALSE,2
2020,0.156927454413291,277.414,1767.785,82.408815,0.421755410624257,"steepness-0.80","Steepness","h = 0.80","0.90","0.80",FALSE,2
2021,0.16263299418709,283.20625,1741.3825,72.095282,0.425823640609806,"steepness-0.80","Steepness","h = 0.80","0.90","0.80",FALSE,2
2022,0.165426177623803,284.46975,1719.6175,59.85827,0.57146693645995,"steepness-0.80","Steepness","h = 0.80","0.90","0.80",FALSE,2
2023,0.160674003670979,270.27175,1682.1125,81.03078,0.544568525905613,"steepness-0.80","Steepness","h = 0.80","0.90","0.80",FALSE,2
2024,0.141793248272922,233.626,1647.6525,69.34,0.432941969167378,"steepness-0.80","Steepness","h = 0.80","0.90","0.80",FALSE,2
1952,0.992716407485376,1279.1275,1288.5125,82.42722,0.011397756490387,"steepness-0.95","Steepness","h = 0.95","0.90","0.95",FALSE,3
1953,0.970125512236875,1280.75,1320.19,68.377371,0.0108737687979684,"steepness-0.95","Steepness","h = 0.95","0.90","0.95",FALSE,3
1954,0.956511872320241,1285.54,1343.9875,96.585518,0.00742786396221494,"steepness-0.95","Steepness","h = 0.95","0.90","0.95",FALSE,3
1955,0.945425393472718,1291.34,1365.8825,107.0426386,0.0108469200545274,"steepness-0.95","Steepness","h = 0.95","0.90","0.95",FALSE,3
1956,0.931015024716687,1291.0525,1386.715,56.4680087,0.0147452315162971,"steepness-0.95","Steepness","h = 0.95","0.90","0.95",FALSE,3
1957,0.917717008479624,1332.805,1452.305,43.0690709,0.0211302172821502,"steepness-0.95","Steepness","h = 0.95","0.90","0.95",FALSE,3
1958,0.893741959402779,1307.7925,1463.2775,89.71843,0.0280314532299776,"steepness-0.95","Steepness","h = 0.95","0.90","0.95",FALSE,3
1959,0.86251684820552,1201.445,1392.9525,42.820893,0.020420031218509,"steepness-0.95","Steepness","h = 0.95","0.90","0.95",FALSE,3
1960,0.837694086745197,1087.5175,1298.2275,54.3145971,0.0242401330050983,"steepness-0.95","Steepness","h = 0.95","0.90","0.95",FALSE,3
1961,0.826189838729999,1049.195,1269.92,55.3798078,0.0203610622770951,"steepness-0.95","Steepness","h = 0.95","0.90","0.95",FALSE,3
1962,0.813948731933461,984.9675,1210.11,59.072631,0.0192655920494322,"steepness-0.95","Steepness","h = 0.95","0.90","0.95",FALSE,3
1963,0.802816323976515,930.145,1158.6025,63.326643,0.0231483370801668,"steepness-0.95","Steepness","h = 0.95","0.90","0.95",FALSE,3
1964,0.789076913289649,868.245,1100.33,48.7709855,0.0163643146154851,"steepness-0.95","Steepness","h = 0.95","0.90","0.95",FALSE,3
1965,0.793947366569823,846.465,1066.1475,41.7401488,0.0187479795647273,"steepness-0.95","Steepness","h = 0.95","0.90","0.95",FALSE,3
1966,0.799552657878456,840.05,1050.65,78.4780814,0.0180817784041492,"steepness-0.95","Steepness","h = 0.95","0.90","0.95",FALSE,3
1967,0.795040120299269,806.28,1014.1375,34.776625,0.0228172290565115,"steepness-0.95","Steepness","h = 0.95","0.90","0.95",FALSE,3
1968,0.791955438860872,769.8975,972.1475,51.466807,0.0185652755423574,"steepness-0.95","Steepness","h = 0.95","0.90","0.95",FALSE,3
1969,0.796302404081528,772.5925,970.225,55.8526428,0.0218786972263423,"steepness-0.95","Steepness","h = 0.95","0.90","0.95",FALSE,3
1970,0.791929632890313,746.6075,942.77,52.3545597,0.0333195190348044,"steepness-0.95","Steepness","h = 0.95","0.90","0.95",FALSE,3
1971,0.788718169295519,724.3075,918.335,36.8582746,0.038632964584479,"steepness-0.95","Steepness","h = 0.95","0.90","0.95",FALSE,3
1972,0.784452287219446,721.8275,920.1675,39.961594,0.0519762341951837,"steepness-0.95","Steepness","h = 0.95","0.90","0.95",FALSE,3
1973,0.764052438420318,678.6925,888.28,61.702839,0.0327336451260496,"steepness-0.95","Steepness","h = 0.95","0.90","0.95",FALSE,3
1974,0.751204123916201,642.65325,855.4975,28.350098,0.051246335931431,"steepness-0.95","Steepness","h = 0.95","0.90","0.95",FALSE,3
1975,0.737140045546168,619.86475,840.905,88.194216,0.0456493708727348,"steepness-0.95","Steepness","h = 0.95","0.90","0.95",FALSE,3
1976,0.710929718606548,583.86525,821.27,31.891025,0.0563214247458909,"steepness-0.95","Steepness","h = 0.95","0.90","0.95",FALSE,3
1977,0.690700189484656,573.2,829.8825,70.1426904,0.0691691070243239,"steepness-0.95","Steepness","h = 0.95","0.90","0.95",FALSE,3
1978,0.682317770870569,588.859,863.0275,9.4244747,0.055949467388872,"steepness-0.95","Steepness","h = 0.95","0.90","0.95",FALSE,3
1979,0.665077952803672,575.57675,865.4275,37.7958105,0.0714662525024515,"steepness-0.95","Steepness","h = 0.95","0.90","0.95",FALSE,3
1980,0.639082890881133,550.68175,861.675,54.888187,0.0605883734182346,"steepness-0.95","Steepness","h = 0.95","0.90","0.95",FALSE,3
1981,0.615710440182313,503.20475,817.275,68.413275,0.0895204796144891,"steepness-0.95","Steepness","h = 0.95","0.90","0.95",FALSE,3
1982,0.603423827261822,477.8815,791.95,71.9953127,0.109006021433723,"steepness-0.95","Steepness","h = 0.95","0.90","0.95",FALSE,3
1983,0.595449755515283,478.886,804.2425,60.826204,0.131427041162262,"steepness-0.95","Steepness","h = 0.95","0.90","0.95",FALSE,3
1984,0.591472472823488,510.23225,862.6475,59.4553016,0.149432178949693,"steepness-0.95","Steepness","h = 0.95","0.90","0.95",FALSE,3
1985,0.571281990226374,527.816,923.915,70.3921947,0.138819243974587,"steepness-0.95","Steepness","h = 0.95","0.90","0.95",FALSE,3
1986,0.545815769177945,516.631,946.53,53.648563,0.155672840144414,"steepness-0.95","Steepness","h = 0.95","0.90","0.95",FALSE,3
1987,0.529360167097449,517.64675,977.8725,91.1894839,0.167998130789307,"steepness-0.95","Steepness","h = 0.95","0.90","0.95",FALSE,3
1988,0.509302314240222,522.17875,1025.2825,84.873279,0.146850613882207,"steepness-0.95","Steepness","h = 0.95","0.90","0.95",FALSE,3
1989,0.495012777378567,520.1025,1050.685,75.973434,0.133134271511555,"steepness-0.95","Steepness","h = 0.95","0.90","0.95",FALSE,3
1990,0.489168123429861,550.5575,1125.4975,71.923189,0.18010167787055,"steepness-0.95","Steepness","h = 0.95","0.90","0.95",FALSE,3
1991,0.479217538882416,567.5565,1184.34,70.8841342,0.208149743080541,"steepness-0.95","Steepness","h = 0.95","0.90","0.95",FALSE,3
1992,0.462041503754445,561.0235,1214.2275,89.764778,0.236257562348305,"steepness-0.95","Steepness","h = 0.95","0.90","0.95",FALSE,3
1993,0.43361590923577,527.2325,1215.8975,50.536755,0.194527484304581,"steepness-0.95","Steepness","h = 0.95","0.90","0.95",FALSE,3
1994,0.410302292627984,508.17375,1238.535,101.374191,0.191568911457636,"steepness-0.95","Steepness","h = 0.95","0.90","0.95",FALSE,3
1995,0.384082544847028,481.63375,1253.985,38.35149,0.187668693133998,"steepness-0.95","Steepness","h = 0.95","0.90","0.95",FALSE,3
1996,0.375743602450438,466.29875,1241.0025,113.473212,0.204642813833262,"steepness-0.95","Steepness","h = 0.95","0.90","0.95",FALSE,3
1997,0.391406010835066,495.44075,1265.7975,44.320197,0.289342914108478,"steepness-0.95","Steepness","h = 0.95","0.90","0.95",FALSE,3
1998,0.375686661678841,487.074,1296.49,110.740495,0.269501579511455,"steepness-0.95","Steepness","h = 0.95","0.90","0.95",FALSE,3
1999,0.350821930022595,462.307,1317.7825,74.475028,0.425790456292756,"steepness-0.95","Steepness","h = 0.95","0.90","0.95",FALSE,3
2000,0.319464273970029,425.02725,1330.4375,118.299827,0.330481158349003,"steepness-0.95","Steepness","h = 0.95","0.90","0.95",FALSE,3
2001,0.295955781468463,396.361,1339.2575,54.586092,0.288979641289731,"steepness-0.95","Steepness","h = 0.95","0.90","0.95",FALSE,3
2002,0.281733779906394,387.36,1374.915,96.78703,0.256265978563945,"steepness-0.95","Steepness","h = 0.95","0.90","0.95",FALSE,3
2003,0.266310341813096,380.7905,1429.875,66.33759,0.315284281086815,"steepness-0.95","Steepness","h = 0.95","0.90","0.95",FALSE,3
2004,0.257489355923813,374.50475,1454.4475,111.626343,0.335385252305025,"steepness-0.95","Steepness","h = 0.95","0.90","0.95",FALSE,3
2005,0.235188107057133,341.7195,1452.9625,68.680811,0.341417296442889,"steepness-0.95","Steepness","h = 0.95","0.90","0.95",FALSE,3
2006,0.229279672625163,334.77125,1460.1,79.24537,0.339977885292158,"steepness-0.95","Steepness","h = 0.95","0.90","0.95",FALSE,3
2007,0.223974859992161,332.844,1486.0775,86.217313,0.382750868313711,"steepness-0.95","Steepness","h = 0.95","0.90","0.95",FALSE,3
2008,0.215417816576859,320.42,1487.435,82.977706,0.505027389920623,"steepness-0.95","Steepness","h = 0.95","0.90","0.95",FALSE,3
2009,0.20342244930021,297.8125,1464.01,90.927489,0.370006362463395,"steepness-0.95","Steepness","h = 0.95","0.90","0.95",FALSE,3
2010,0.189535802096067,275.9755,1456.06,66.692367,0.287294259417516,"steepness-0.95","Steepness","h = 0.95","0.90","0.95",FALSE,3
2011,0.188801775525302,277.53625,1469.9875,72.511704,0.418098328942259,"steepness-0.95","Steepness","h = 0.95","0.90","0.95",FALSE,3
2012,0.18347724137697,270.345,1473.4525,107.705933,0.362451558443642,"steepness-0.95","Steepness","h = 0.95","0.90","0.95",FALSE,3
2013,0.175554643701803,253.49125,1443.945,102.068161,0.342043159053478,"steepness-0.95","Steepness","h = 0.95","0.90","0.95",FALSE,3
2014,0.17922221398767,259.96675,1450.5275,61.101645,0.420053402991674,"steepness-0.95","Steepness","h = 0.95","0.90","0.95",FALSE,3
2015,0.185631606272797,278.8855,1502.36,81.840397,0.339858778558926,"steepness-0.95","Steepness","h = 0.95","0.90","0.95",FALSE,3
2016,0.1870531429403,285.9935,1528.9425,82.628368,0.471111998473294,"steepness-0.95","Steepness","h = 0.95","0.90","0.95",FALSE,3
2017,0.18484949077824,278.424,1506.22,86.339745,0.32189805351241,"steepness-0.95","Steepness","h = 0.95","0.90","0.95",FALSE,3
2018,0.185244534701535,275.479,1487.11,66.529322,0.372770621800221,"steepness-0.95","Steepness","h = 0.95","0.90","0.95",FALSE,3
2019,0.184553232581068,273.2975,1480.86,72.011129,0.263528279972666,"steepness-0.95","Steepness","h = 0.95","0.90","0.95",FALSE,3
2020,0.188290162827088,277.358,1473.035,82.409103,0.421790089962157,"steepness-0.95","Steepness","h = 0.95","0.90","0.95",FALSE,3
2021,0.195305182129826,283.1515,1449.79,72.090384,0.425845258511456,"steepness-0.95","Steepness","h = 0.95","0.90","0.95",FALSE,3
2022,0.198802113731918,284.41525,1430.645,59.858565,0.571493979583008,"steepness-0.95","Steepness","h = 0.95","0.90","0.95",FALSE,3
2023,0.193144898298331,270.22275,1399.0675,81.037318,0.54456452366851,"steepness-0.95","Steepness","h = 0.95","0.90","0.95",FALSE,3
2024,0.170396017033383,233.58525,1370.8375,69.334812,0.432972989649549,"steepness-0.95","Steepness","h = 0.95","0.90","0.95",FALSE,3
1952,0.997164377097782,2800.0625,2808.025,202.532487,0.00503152419785639,"tau-1.006738","Tag overdispersion","tau = 1.006738","2.0","1.006737947",FALSE,4
1953,0.987915371151528,2846.1175,2880.9325,166.025231,0.00478210649147782,"tau-1.006738","Tag overdispersion","tau = 1.006738","2.0","1.006737947",FALSE,4
1954,0.981882783577062,2882.285,2935.4675,221.668041,0.00330328349688867,"tau-1.006738","Tag overdispersion","tau = 1.006738","2.0","1.006737947",FALSE,4
1955,0.977029231035726,2918.8675,2987.4925,203.491186,0.00519800378277844,"tau-1.006738","Tag overdispersion","tau = 1.006738","2.0","1.006737947",FALSE,4
1956,0.970485964432738,2929.145,3018.225,117.369473,0.00666878287123432,"tau-1.006738","Tag overdispersion","tau = 1.006738","2.0","1.006737947",FALSE,4
1957,0.963349620240917,2987.01,3100.65,81.556174,0.0101752678640612,"tau-1.006738","Tag overdispersion","tau = 1.006738","2.0","1.006737947",FALSE,4
1958,0.950813276242872,2893.9975,3043.7075,213.495905,0.0133888355789306,"tau-1.006738","Tag overdispersion","tau = 1.006738","2.0","1.006737947",FALSE,4
1959,0.934408495715377,2643.18,2828.72,88.284871,0.00960503134046492,"tau-1.006738","Tag overdispersion","tau = 1.006738","2.0","1.006737947",FALSE,4
1960,0.921399251817719,2380.5225,2583.595,138.896386,0.0103239721760809,"tau-1.006738","Tag overdispersion","tau = 1.006738","2.0","1.006737947",FALSE,4
1961,0.915245711735814,2297.1775,2509.9025,85.152302,0.0102170782830816,"tau-1.006738","Tag overdispersion","tau = 1.006738","2.0","1.006737947",FALSE,4
1962,0.908720100590372,2169.935,2387.9025,127.16015,0.00894497140714309,"tau-1.006738","Tag overdispersion","tau = 1.006738","2.0","1.006737947",FALSE,4
1963,0.901612383386976,2042.125,2264.97,93.647547,0.0123232539417139,"tau-1.006738","Tag overdispersion","tau = 1.006738","2.0","1.006737947",FALSE,4
1964,0.892804780247798,1895.3375,2122.9025,101.140581,0.00836053751537663,"tau-1.006738","Tag overdispersion","tau = 1.006738","2.0","1.006737947",FALSE,4
1965,0.892431610828922,1795.1775,2011.5575,74.9634758,0.00993444618392893,"tau-1.006738","Tag overdispersion","tau = 1.006738","2.0","1.006737947",FALSE,4
1966,0.892132764060668,1721.2475,1929.3625,162.022924,0.0092230910351438,"tau-1.006738","Tag overdispersion","tau = 1.006738","2.0","1.006737947",FALSE,4
1967,0.887234693052149,1617.8525,1823.4775,44.949538,0.0131263948814434,"tau-1.006738","Tag overdispersion","tau = 1.006738","2.0","1.006737947",FALSE,4
1968,0.883687147582067,1516.2525,1715.825,91.6269173,0.00991821686194367,"tau-1.006738","Tag overdispersion","tau = 1.006738","2.0","1.006737947",FALSE,4
1969,0.884272952927362,1487.325,1681.975,121.9900985,0.0112394388544632,"tau-1.006738","Tag overdispersion","tau = 1.006738","2.0","1.006737947",FALSE,4
1970,0.88077418795828,1423.1175,1615.7575,89.6473738,0.0209224510735216,"tau-1.006738","Tag overdispersion","tau = 1.006738","2.0","1.006737947",FALSE,4
1971,0.878598065912303,1375.3025,1565.3375,70.299058,0.0218215584754053,"tau-1.006738","Tag overdispersion","tau = 1.006738","2.0","1.006737947",FALSE,4
1972,0.875341845397069,1367.54,1562.2925,80.27744,0.0295943836722998,"tau-1.006738","Tag overdispersion","tau = 1.006738","2.0","1.006737947",FALSE,4
1973,0.863213840103804,1298.9275,1504.7575,117.676983,0.0183800899372887,"tau-1.006738","Tag overdispersion","tau = 1.006738","2.0","1.006737947",FALSE,4
1974,0.855095860671889,1236.785,1446.37,54.956448,0.0315339360656728,"tau-1.006738","Tag overdispersion","tau = 1.006738","2.0","1.006737947",FALSE,4
1975,0.84691859008391,1208.4025,1426.8225,174.383059,0.0251707757880488,"tau-1.006738","Tag overdispersion","tau = 1.006738","2.0","1.006737947",FALSE,4
1976,0.831921951289408,1161.1925,1395.795,80.17223,0.0296536578370272,"tau-1.006738","Tag overdispersion","tau = 1.006738","2.0","1.006737947",FALSE,4
1977,0.82034200282743,1164.9,1420.0175,123.516068,0.037576715117458,"tau-1.006738","Tag overdispersion","tau = 1.006738","2.0","1.006737947",FALSE,4
1978,0.815814308071547,1214.5925,1488.81,20.69218,0.0300243776544209,"tau-1.006738","Tag overdispersion","tau = 1.006738","2.0","1.006737947",FALSE,4
1979,0.806607976382037,1213.09,1503.94,90.158268,0.037330295141517,"tau-1.006738","Tag overdispersion","tau = 1.006738","2.0","1.006737947",FALSE,4
1980,0.791488737789344,1187.615,1500.4825,90.133404,0.0327553278461912,"tau-1.006738","Tag overdispersion","tau = 1.006738","2.0","1.006737947",FALSE,4
1981,0.778065604649817,1109.08,1425.4325,122.926022,0.0517765038716405,"tau-1.006738","Tag overdispersion","tau = 1.006738","2.0","1.006737947",FALSE,4
1982,0.770960730328938,1064.08,1380.2,136.565526,0.060708171839411,"tau-1.006738","Tag overdispersion","tau = 1.006738","2.0","1.006737947",FALSE,4
1983,0.765229234819216,1066.0925,1393.1675,97.511941,0.0742750925863599,"tau-1.006738","Tag overdispersion","tau = 1.006738","2.0","1.006737947",FALSE,4
1984,0.75963413415194,1120.975,1475.6775,104.638727,0.0825927888240791,"tau-1.006738","Tag overdispersion","tau = 1.006738","2.0","1.006737947",FALSE,4
1985,0.743235330077283,1155.01,1554.03,133.7554926,0.0830331243520956,"tau-1.006738","Tag overdispersion","tau = 1.006738","2.0","1.006737947",FALSE,4
1986,0.723960096310442,1133.555,1565.77,82.31443,0.0874289490347333,"tau-1.006738","Tag overdispersion","tau = 1.006738","2.0","1.006737947",FALSE,4
1987,0.708959004091593,1130.1675,1594.1225,177.5068608,0.0953615734572434,"tau-1.006738","Tag overdispersion","tau = 1.006738","2.0","1.006737947",FALSE,4
1988,0.692897531583768,1144.225,1651.3625,153.981101,0.0845854365912735,"tau-1.006738","Tag overdispersion","tau = 1.006738","2.0","1.006737947",FALSE,4
1989,0.680634960524387,1137.535,1671.285,126.671716,0.0770400851558916,"tau-1.006738","Tag overdispersion","tau = 1.006738","2.0","1.006737947",FALSE,4
1990,0.674228067985283,1201.675,1782.2975,117.275876,0.105753789134916,"tau-1.006738","Tag overdispersion","tau = 1.006738","2.0","1.006737947",FALSE,4
1991,0.667603530572518,1251.79,1875.05,128.976502,0.119702818122455,"tau-1.006738","Tag overdispersion","tau = 1.006738","2.0","1.006737947",FALSE,4
1992,0.65606453921473,1260.505,1921.3125,145.085296,0.14139057916149,"tau-1.006738","Tag overdispersion","tau = 1.006738","2.0","1.006737947",FALSE,4
1993,0.636164836931587,1216.74,1912.6175,91.791736,0.108144296564758,"tau-1.006738","Tag overdispersion","tau = 1.006738","2.0","1.006737947",FALSE,4
1994,0.616420517459179,1185.765,1923.63,162.578729,0.102936561169872,"tau-1.006738","Tag overdispersion","tau = 1.006738","2.0","1.006737947",FALSE,4
1995,0.596162652552878,1155.3975,1938.0575,74.829971,0.104683259494313,"tau-1.006738","Tag overdispersion","tau = 1.006738","2.0","1.006737947",FALSE,4
1996,0.588674426728384,1124.87,1910.8525,195.441997,0.115596083614108,"tau-1.006738","Tag overdispersion","tau = 1.006738","2.0","1.006737947",FALSE,4
1997,0.598909183578078,1169.195,1952.2075,71.65445,0.16134363110568,"tau-1.006738","Tag overdispersion","tau = 1.006738","2.0","1.006737947",FALSE,4
1998,0.588343977387391,1173.43,1994.4625,160.007045,0.165974232770386,"tau-1.006738","Tag overdispersion","tau = 1.006738","2.0","1.006737947",FALSE,4
1999,0.570595424616239,1150.8225,2016.88,145.025912,0.225352767512254,"tau-1.006738","Tag overdispersion","tau = 1.006738","2.0","1.006737947",FALSE,4
2000,0.544087178127284,1092.5665,2008.0725,172.276898,0.193370480771743,"tau-1.006738","Tag overdispersion","tau = 1.006738","2.0","1.006737947",FALSE,4
2001,0.522329329087626,1038.33325,1987.89,91.842389,0.165172794805918,"tau-1.006738","Tag overdispersion","tau = 1.006738","2.0","1.006737947",FALSE,4
2002,0.508773104592565,1029.524,2023.5425,148.559476,0.151744092004773,"tau-1.006738","Tag overdispersion","tau = 1.006738","2.0","1.006737947",FALSE,4
2003,0.49391094032171,1031.77625,2088.9925,103.389401,0.178590017406177,"tau-1.006738","Tag overdispersion","tau = 1.006738","2.0","1.006737947",FALSE,4
2004,0.482392012387207,1016.406,2107.0125,173.704581,0.209111536480531,"tau-1.006738","Tag overdispersion","tau = 1.006738","2.0","1.006737947",FALSE,4
2005,0.463481478999801,968.39125,2089.385,96.502029,0.19523111863044,"tau-1.006738","Tag overdispersion","tau = 1.006738","2.0","1.006737947",FALSE,4
2006,0.453476036718503,943.42175,2080.4225,107.941789,0.209023468150189,"tau-1.006738","Tag overdispersion","tau = 1.006738","2.0","1.006737947",FALSE,4
2007,0.443104894270631,928.554,2095.5625,132.644609,0.240726925613899,"tau-1.006738","Tag overdispersion","tau = 1.006738","2.0","1.006737947",FALSE,4
2008,0.429594036950789,884.10775,2058.0075,114.463767,0.317834578199074,"tau-1.006738","Tag overdispersion","tau = 1.006738","2.0","1.006737947",FALSE,4
2009,0.413747692245946,824.715,1993.28,136.26543,0.234753399389634,"tau-1.006738","Tag overdispersion","tau = 1.006738","2.0","1.006737947",FALSE,4
2010,0.3949907647974,773.07,1957.185,98.295368,0.190112512429361,"tau-1.006738","Tag overdispersion","tau = 1.006738","2.0","1.006737947",FALSE,4
2011,0.387654422232445,756.3225,1951.0225,107.901691,0.247929928860522,"tau-1.006738","Tag overdispersion","tau = 1.006738","2.0","1.006737947",FALSE,4
2012,0.378450097424798,736.1195,1945.09,172.012911,0.227620514430564,"tau-1.006738","Tag overdispersion","tau = 1.006738","2.0","1.006737947",FALSE,4
2013,0.369058620835002,700.4585,1897.96,149.502821,0.221345889697734,"tau-1.006738","Tag overdispersion","tau = 1.006738","2.0","1.006737947",FALSE,4
2014,0.372402854773004,709.38275,1904.88,90.167403,0.266809133948396,"tau-1.006738","Tag overdispersion","tau = 1.006738","2.0","1.006737947",FALSE,4
2015,0.380772908807683,756.53675,1986.845,118.965026,0.217261233372252,"tau-1.006738","Tag overdispersion","tau = 1.006738","2.0","1.006737947",FALSE,4
2016,0.381551191461684,774.33525,2029.44,121.221155,0.300600659832115,"tau-1.006738","Tag overdispersion","tau = 1.006738","2.0","1.006737947",FALSE,4
2017,0.377811339830802,754.851,1997.9575,122.202057,0.201785938409234,"tau-1.006738","Tag overdispersion","tau = 1.006738","2.0","1.006737947",FALSE,4
2018,0.375111596627528,736.5485,1963.545,99.913474,0.235673865134209,"tau-1.006738","Tag overdispersion","tau = 1.006738","2.0","1.006737947",FALSE,4
2019,0.371399578176609,723.29975,1947.4975,103.275248,0.162803203023199,"tau-1.006738","Tag overdispersion","tau = 1.006738","2.0","1.006737947",FALSE,4
2020,0.371215873814482,715.6875,1927.955,102.767389,0.276126957632817,"tau-1.006738","Tag overdispersion","tau = 1.006738","2.0","1.006737947",FALSE,4
2021,0.376393797531595,711.95075,1891.505,105.213696,0.265209654498484,"tau-1.006738","Tag overdispersion","tau = 1.006738","2.0","1.006737947",FALSE,4
2022,0.37644449007825,696.603,1850.48,83.850915,0.37375446046031,"tau-1.006738","Tag overdispersion","tau = 1.006738","2.0","1.006737947",FALSE,4
2023,0.367286129699051,655.2155,1783.9375,128.992599,0.352172354817362,"tau-1.006738","Tag overdispersion","tau = 1.006738","2.0","1.006737947",FALSE,4
2024,0.348297835911411,605.191,1737.5675,119.725448,0.239528436006197,"tau-1.006738","Tag overdispersion","tau = 1.006738","2.0","1.006737947",FALSE,4
1952,0.996268974564288,2192.925,2201.1375,138.780631,0.00687903747761519,"tau-1.2","Tag overdispersion","tau = 1.2","2.0","1.2",FALSE,5
1953,0.984142643055395,2219.655,2255.42,142.942943,0.0061576642434127,"tau-1.2","Tag overdispersion","tau = 1.2","2.0","1.2",FALSE,5
1954,0.97638647944469,2242.8525,2297.095,164.365102,0.00492468705346356,"tau-1.2","Tag overdispersion","tau = 1.2","2.0","1.2",FALSE,5
1955,0.97053270133337,2288.635,2358.1225,130.113228,0.00714624927199878,"tau-1.2","Tag overdispersion","tau = 1.2","2.0","1.2",FALSE,5
1956,0.962048930176403,2294.91,2385.44,78.6276577,0.00911101225165546,"tau-1.2","Tag overdispersion","tau = 1.2","2.0","1.2",FALSE,5
1957,0.953205043402159,2341.715,2456.675,56.9111138,0.0134797634772756,"tau-1.2","Tag overdispersion","tau = 1.2","2.0","1.2",FALSE,5
1958,0.937538780158187,2270.2525,2421.5025,117.113007,0.0187657206335608,"tau-1.2","Tag overdispersion","tau = 1.2","2.0","1.2",FALSE,5
1959,0.916939220193665,2066.2125,2253.38,95.24167,0.0120936324560527,"tau-1.2","Tag overdispersion","tau = 1.2","2.0","1.2",FALSE,5
1960,0.900243436283807,1849.9575,2054.9525,75.9859369,0.0154133900815535,"tau-1.2","Tag overdispersion","tau = 1.2","2.0","1.2",FALSE,5
1961,0.892936345431508,1784.7275,1998.7175,82.9645843,0.013001936772072,"tau-1.2","Tag overdispersion","tau = 1.2","2.0","1.2",FALSE,5
1962,0.885276630526618,1689.5925,1908.5475,83.859747,0.012571214568306,"tau-1.2","Tag overdispersion","tau = 1.2","2.0","1.2",FALSE,5
1963,0.876927358293014,1591.325,1814.66,73.285579,0.0162351056643834,"tau-1.2","Tag overdispersion","tau = 1.2","2.0","1.2",FALSE,5
1964,0.866424595664711,1477.62,1705.4225,76.7389325,0.0109791945379953,"tau-1.2","Tag overdispersion","tau = 1.2","2.0","1.2",FALSE,5
1965,0.866867087098268,1408.5875,1624.9175,55.707145,0.0130413079294388,"tau-1.2","Tag overdispersion","tau = 1.2","2.0","1.2",FALSE,5
1966,0.867639406298884,1363.055,1570.9925,104.420534,0.012872970637365,"tau-1.2","Tag overdispersion","tau = 1.2","2.0","1.2",FALSE,5
1967,0.862174907595608,1285.27,1490.73,43.463979,0.0168553910374941,"tau-1.2","Tag overdispersion","tau = 1.2","2.0","1.2",FALSE,5
1968,0.85809833759091,1207.5975,1407.295,65.807721,0.0132076494907851,"tau-1.2","Tag overdispersion","tau = 1.2","2.0","1.2",FALSE,5
1969,0.858873119680153,1186.8875,1381.9125,75.5005421,0.0156107653776859,"tau-1.2","Tag overdispersion","tau = 1.2","2.0","1.2",FALSE,5
1970,0.854501940199735,1136.2825,1329.76,78.1326389,0.0248797704900219,"tau-1.2","Tag overdispersion","tau = 1.2","2.0","1.2",FALSE,5
1971,0.851179863864105,1094.4875,1285.8475,44.7145499,0.0286679854807674,"tau-1.2","Tag overdispersion","tau = 1.2","2.0","1.2",FALSE,5
1972,0.846936804207199,1085.0425,1281.1375,56.503402,0.0399527363734804,"tau-1.2","Tag overdispersion","tau = 1.2","2.0","1.2",FALSE,5
1973,0.831629629028198,1024.26,1231.63,88.049618,0.023349591547227,"tau-1.2","Tag overdispersion","tau = 1.2","2.0","1.2",FALSE,5
1974,0.82112425309861,970.885,1182.385,37.3684009,0.0416833468572434,"tau-1.2","Tag overdispersion","tau = 1.2","2.0","1.2",FALSE,5
1975,0.810725707679207,944.915,1165.5175,129.344105,0.0337484232859629,"tau-1.2","Tag overdispersion","tau = 1.2","2.0","1.2",FALSE,5
1976,0.792220481756142,904.0325,1141.1375,43.157539,0.0404072065021044,"tau-1.2","Tag overdispersion","tau = 1.2","2.0","1.2",FALSE,5
1977,0.778257417134889,904.1425,1161.7525,99.564343,0.0488361933535745,"tau-1.2","Tag overdispersion","tau = 1.2","2.0","1.2",FALSE,5
1978,0.772769889481793,941.68,1218.5775,13.812295,0.0390967139734767,"tau-1.2","Tag overdispersion","tau = 1.2","2.0","1.2",FALSE,5
1979,0.76050949707931,933.8125,1227.8775,49.327631,0.0512028585164819,"tau-1.2","Tag overdispersion","tau = 1.2","2.0","1.2",FALSE,5
1980,0.741986181840448,908.8125,1224.8375,76.95085,0.0437292052921017,"tau-1.2","Tag overdispersion","tau = 1.2","2.0","1.2",FALSE,5
1981,0.725205783917195,841.8225,1160.805,91.707064,0.0667393512584561,"tau-1.2","Tag overdispersion","tau = 1.2","2.0","1.2",FALSE,5
1982,0.715784880744075,803.83,1123.005,98.0550705,0.0809264463309243,"tau-1.2","Tag overdispersion","tau = 1.2","2.0","1.2",FALSE,5
1983,0.708728967237798,806.08175,1137.3625,77.604624,0.0967408339990542,"tau-1.2","Tag overdispersion","tau = 1.2","2.0","1.2",FALSE,5
1984,0.702722593173624,852.2075,1212.7225,68.938889,0.111037603810224,"tau-1.2","Tag overdispersion","tau = 1.2","2.0","1.2",FALSE,5
1985,0.684077111637699,879.7625,1286.0575,102.1888476,0.105724566828988,"tau-1.2","Tag overdispersion","tau = 1.2","2.0","1.2",FALSE,5
1986,0.66150047425032,861.31,1302.055,66.812183,0.115472046835633,"tau-1.2","Tag overdispersion","tau = 1.2","2.0","1.2",FALSE,5
1987,0.645096538424019,859.675,1332.63,123.0388894,0.123809725044507,"tau-1.2","Tag overdispersion","tau = 1.2","2.0","1.2",FALSE,5
1988,0.626565831136229,869.19875,1387.2425,111.40042,0.110629425174783,"tau-1.2","Tag overdispersion","tau = 1.2","2.0","1.2",FALSE,5
1989,0.613440903118034,864.81825,1409.7825,102.69385,0.0993509587414163,"tau-1.2","Tag overdispersion","tau = 1.2","2.0","1.2",FALSE,5
1990,0.608353898634994,918.8775,1510.4325,95.072609,0.13400901417241,"tau-1.2","Tag overdispersion","tau = 1.2","2.0","1.2",FALSE,5
1991,0.601363019806333,957.6225,1592.42,69.8691379,0.158574367065622,"tau-1.2","Tag overdispersion","tau = 1.2","2.0","1.2",FALSE,5
1992,0.587538167822155,960.1725,1634.23,128.253283,0.176196039187056,"tau-1.2","Tag overdispersion","tau = 1.2","2.0","1.2",FALSE,5
1993,0.564027432569272,919.0545,1629.45,61.262788,0.141389142184677,"tau-1.2","Tag overdispersion","tau = 1.2","2.0","1.2",FALSE,5
1994,0.542877683392749,891.99825,1643.0925,133.38449,0.140147410402011,"tau-1.2","Tag overdispersion","tau = 1.2","2.0","1.2",FALSE,5
1995,0.520779923466581,863.845,1658.7525,53.570777,0.135387415923983,"tau-1.2","Tag overdispersion","tau = 1.2","2.0","1.2",FALSE,5
1996,0.51257596321974,838.4,1635.66,143.979772,0.153960004658073,"tau-1.2","Tag overdispersion","tau = 1.2","2.0","1.2",FALSE,5
1997,0.524640253053566,876.565,1670.7925,55.647122,0.207065303393391,"tau-1.2","Tag overdispersion","tau = 1.2","2.0","1.2",FALSE,5
1998,0.511931640516554,875.892,1710.955,133.024436,0.208451703613162,"tau-1.2","Tag overdispersion","tau = 1.2","2.0","1.2",FALSE,5
1999,0.491157595889868,852.0295,1734.7375,86.604902,0.305664566514637,"tau-1.2","Tag overdispersion","tau = 1.2","2.0","1.2",FALSE,5
2000,0.462582050905404,803.02625,1735.965,153.962262,0.251572276622884,"tau-1.2","Tag overdispersion","tau = 1.2","2.0","1.2",FALSE,5
2001,0.439584048232335,759.0045,1726.6425,64.779814,0.217207220112764,"tau-1.2","Tag overdispersion","tau = 1.2","2.0","1.2",FALSE,5
2002,0.425140813146338,750.26725,1764.75,122.555512,0.194986768855509,"tau-1.2","Tag overdispersion","tau = 1.2","2.0","1.2",FALSE,5
2003,0.409467711222505,748.854,1828.8475,76.091074,0.238614896557771,"tau-1.2","Tag overdispersion","tau = 1.2","2.0","1.2",FALSE,5
2004,0.398037551885161,736.465,1850.24,138.249508,0.273822535423031,"tau-1.2","Tag overdispersion","tau = 1.2","2.0","1.2",FALSE,5
2005,0.377089038953692,693.265,1838.465,73.45237,0.259729297960631,"tau-1.2","Tag overdispersion","tau = 1.2","2.0","1.2",FALSE,5
2006,0.367254958485517,675.20375,1838.515,92.612764,0.257194926253197,"tau-1.2","Tag overdispersion","tau = 1.2","2.0","1.2",FALSE,5
2007,0.356952242178736,662.64525,1856.3975,104.097319,0.306172365322621,"tau-1.2","Tag overdispersion","tau = 1.2","2.0","1.2",FALSE,5
2008,0.343982746088482,630.59175,1833.2075,90.620678,0.414182166176675,"tau-1.2","Tag overdispersion","tau = 1.2","2.0","1.2",FALSE,5
2009,0.328797088771476,587.29325,1786.1875,109.845128,0.302137918758886,"tau-1.2","Tag overdispersion","tau = 1.2","2.0","1.2",FALSE,5
2010,0.311119315307093,548.81525,1764.0025,77.881046,0.236745483211285,"tau-1.2","Tag overdispersion","tau = 1.2","2.0","1.2",FALSE,5
2011,0.305185977747122,539.80075,1768.76,83.32679,0.326773689285923,"tau-1.2","Tag overdispersion","tau = 1.2","2.0","1.2",FALSE,5
2012,0.29713028930256,525.69925,1769.255,133.233025,0.292220140645569,"tau-1.2","Tag overdispersion","tau = 1.2","2.0","1.2",FALSE,5
2013,0.288592554273692,499.29975,1730.12,120.60042,0.276142680576867,"tau-1.2","Tag overdispersion","tau = 1.2","2.0","1.2",FALSE,5
2014,0.292528900737744,509.129,1740.44,70.470197,0.333553501610754,"tau-1.2","Tag overdispersion","tau = 1.2","2.0","1.2",FALSE,5
2015,0.300580463737205,545.4025,1814.4975,95.446107,0.271467442565619,"tau-1.2","Tag overdispersion","tau = 1.2","2.0","1.2",FALSE,5
2016,0.30179711834853,559.052,1852.41,98.747256,0.375380965467152,"tau-1.2","Tag overdispersion","tau = 1.2","2.0","1.2",FALSE,5
2017,0.29893687443551,545.2915,1824.1025,97.847338,0.256863175486361,"tau-1.2","Tag overdispersion","tau = 1.2","2.0","1.2",FALSE,5
2018,0.297907705320327,535.361,1797.07,76.388696,0.299431839206458,"tau-1.2","Tag overdispersion","tau = 1.2","2.0","1.2",FALSE,5
2019,0.295477531824958,527.7635,1786.1375,82.654911,0.208851825835243,"tau-1.2","Tag overdispersion","tau = 1.2","2.0","1.2",FALSE,5
2020,0.295853258497126,523.5545,1769.6425,90.053984,0.347468133731511,"tau-1.2","Tag overdispersion","tau = 1.2","2.0","1.2",FALSE,5
2021,0.301201976808409,522.1645,1733.6025,81.475518,0.334803350675875,"tau-1.2","Tag overdispersion","tau = 1.2","2.0","1.2",FALSE,5
2022,0.301348272966451,512.27775,1699.9525,69.399095,0.462065305106607,"tau-1.2","Tag overdispersion","tau = 1.2","2.0","1.2",FALSE,5
2023,0.292359948564913,482.008,1648.68,95.347493,0.445760731398496,"tau-1.2","Tag overdispersion","tau = 1.2","2.0","1.2",FALSE,5
2024,0.27151250991834,437.14125,1610.0225,89.869268,0.318893496479307,"tau-1.2","Tag overdispersion","tau = 1.2","2.0","1.2",FALSE,5
1952,0.993607495735155,1434.26,1443.4875,91.12022,0.0102483125733505,"tau-1.4","Tag overdispersion","tau = 1.4","2.0","1.4",FALSE,6
1953,0.973683320652633,1439.7125,1478.625,91.092938,0.010014586657094,"tau-1.4","Tag overdispersion","tau = 1.4","2.0","1.4",FALSE,6
1954,0.961557831123048,1446.32,1504.1425,101.312095,0.00780236490162719,"tau-1.4","Tag overdispersion","tau = 1.4","2.0","1.4",FALSE,6
1955,0.951439739135153,1446.5,1520.3275,100.2081557,0.010282947052824,"tau-1.4","Tag overdispersion","tau = 1.4","2.0","1.4",FALSE,6
1956,0.938159744512795,1443.1125,1538.2375,59.704927,0.0134666802082745,"tau-1.4","Tag overdispersion","tau = 1.4","2.0","1.4",FALSE,6
1957,0.925947661648482,1487.065,1605.9925,45.977949,0.0192774513729794,"tau-1.4","Tag overdispersion","tau = 1.4","2.0","1.4",FALSE,6
1958,0.903998649199201,1458.925,1613.8575,94.548768,0.025925039804695,"tau-1.4","Tag overdispersion","tau = 1.4","2.0","1.4",FALSE,6
1959,0.875447762412448,1340.5075,1531.225,50.062988,0.018339522955007,"tau-1.4","Tag overdispersion","tau = 1.4","2.0","1.4",FALSE,6
1960,0.852717196494212,1213.2375,1422.79,57.1854932,0.0221939252469729,"tau-1.4","Tag overdispersion","tau = 1.4","2.0","1.4",FALSE,6
1961,0.84237811009596,1172.7925,1392.24,59.8944021,0.0185739269382039,"tau-1.4","Tag overdispersion","tau = 1.4","2.0","1.4",FALSE,6
1962,0.831236415551345,1103.3375,1327.345,62.723758,0.0177656442094004,"tau-1.4","Tag overdispersion","tau = 1.4","2.0","1.4",FALSE,6
1963,0.820809487610727,1041.9725,1269.445,67.172585,0.0213864943933115,"tau-1.4","Tag overdispersion","tau = 1.4","2.0","1.4",FALSE,6
1964,0.807810146959547,972.25,1203.5625,52.2016618,0.0151245343606352,"tau-1.4","Tag overdispersion","tau = 1.4","2.0","1.4",FALSE,6
1965,0.811671252768308,944.6575,1163.8425,43.9160061,0.0173964731815829,"tau-1.4","Tag overdispersion","tau = 1.4","2.0","1.4",FALSE,6
1966,0.816126897600031,934.2225,1144.7025,84.18492,0.0168608135561314,"tau-1.4","Tag overdispersion","tau = 1.4","2.0","1.4",FALSE,6
1967,0.811281125390698,894.19,1102.195,36.272813,0.0212020481890919,"tau-1.4","Tag overdispersion","tau = 1.4","2.0","1.4",FALSE,6
1968,0.807863119782046,851.7725,1054.3525,54.318645,0.0172212666001221,"tau-1.4","Tag overdispersion","tau = 1.4","2.0","1.4",FALSE,6
1969,0.811430732131901,853.0125,1051.245,58.5847233,0.020465978281785,"tau-1.4","Tag overdispersion","tau = 1.4","2.0","1.4",FALSE,6
1970,0.807030048300659,823.7275,1020.69,56.5421852,0.0311494776674071,"tau-1.4","Tag overdispersion","tau = 1.4","2.0","1.4",FALSE,6
1971,0.803606139652932,797.8925,992.89,38.3042133,0.0359994086878394,"tau-1.4","Tag overdispersion","tau = 1.4","2.0","1.4",FALSE,6
1972,0.79911855265541,794.18,993.82,42.319714,0.0485012815390231,"tau-1.4","Tag overdispersion","tau = 1.4","2.0","1.4",FALSE,6
1973,0.779666234481103,747.16,958.3075,65.688792,0.0305515446085982,"tau-1.4","Tag overdispersion","tau = 1.4","2.0","1.4",FALSE,6
1974,0.767259784546019,707.0625,921.5425,29.3395925,0.048562431352426,"tau-1.4","Tag overdispersion","tau = 1.4","2.0","1.4",FALSE,6
1975,0.753821853046437,682.45,905.32,95.114582,0.0431447586026056,"tau-1.4","Tag overdispersion","tau = 1.4","2.0","1.4",FALSE,6
1976,0.729130036319202,644.427,883.83,31.958962,0.0526882038220729,"tau-1.4","Tag overdispersion","tau = 1.4","2.0","1.4",FALSE,6
1977,0.709996196506379,634.67625,893.915,75.3024697,0.0651477680478792,"tau-1.4","Tag overdispersion","tau = 1.4","2.0","1.4",FALSE,6
1978,0.701943390297551,653.40225,930.8475,9.8825026,0.0524877470343923,"tau-1.4","Tag overdispersion","tau = 1.4","2.0","1.4",FALSE,6
1979,0.685398150701989,639.886,933.5975,38.7803857,0.0680609253692355,"tau-1.4","Tag overdispersion","tau = 1.4","2.0","1.4",FALSE,6
1980,0.660816098228668,614.33925,929.6675,58.539859,0.0572740647639763,"tau-1.4","Tag overdispersion","tau = 1.4","2.0","1.4",FALSE,6
1981,0.638598521922919,562.741,881.2125,71.968135,0.0863164164256801,"tau-1.4","Tag overdispersion","tau = 1.4","2.0","1.4",FALSE,6
1982,0.626584232666596,534.73325,853.41,75.3394149,0.104395745815759,"tau-1.4","Tag overdispersion","tau = 1.4","2.0","1.4",FALSE,6
1983,0.618078128468828,535.934,867.0975,63.49267,0.125452181305803,"tau-1.4","Tag overdispersion","tau = 1.4","2.0","1.4",FALSE,6
1984,0.612577374427752,570.02775,930.54,60.5277867,0.142857598734248,"tau-1.4","Tag overdispersion","tau = 1.4","2.0","1.4",FALSE,6
1985,0.591481263902069,589,995.805,73.5502163,0.133129218960995,"tau-1.4","Tag overdispersion","tau = 1.4","2.0","1.4",FALSE,6
1986,0.565632382626975,575.82225,1018.015,56.854296,0.149320268691452,"tau-1.4","Tag overdispersion","tau = 1.4","2.0","1.4",FALSE,6
1987,0.54861397649144,575.71825,1049.405,93.4828219,0.16139677503402,"tau-1.4","Tag overdispersion","tau = 1.4","2.0","1.4",FALSE,6
1988,0.528183707048202,580.23225,1098.5425,88.572378,0.142638439668652,"tau-1.4","Tag overdispersion","tau = 1.4","2.0","1.4",FALSE,6
1989,0.513439603621314,577.19725,1124.1775,78.902473,0.128033108406264,"tau-1.4","Tag overdispersion","tau = 1.4","2.0","1.4",FALSE,6
1990,0.506952175890071,610.3945,1204.0475,73.498569,0.175435640112899,"tau-1.4","Tag overdispersion","tau = 1.4","2.0","1.4",FALSE,6
1991,0.496855856389597,628.98225,1265.925,81.07235,0.201218626613851,"tau-1.4","Tag overdispersion","tau = 1.4","2.0","1.4",FALSE,6
1992,0.47972282161197,621.94025,1296.4575,86.245867,0.240792613054085,"tau-1.4","Tag overdispersion","tau = 1.4","2.0","1.4",FALSE,6
1993,0.451538651528425,585.02025,1295.615,53.444692,0.188503065744771,"tau-1.4","Tag overdispersion","tau = 1.4","2.0","1.4",FALSE,6
1994,0.426991792504187,562.77625,1318.0025,104.162974,0.18944788272531,"tau-1.4","Tag overdispersion","tau = 1.4","2.0","1.4",FALSE,6
1995,0.400076279938001,533.66275,1333.9025,37.934235,0.178804469297359,"tau-1.4","Tag overdispersion","tau = 1.4","2.0","1.4",FALSE,6
1996,0.391231810650888,516.54825,1320.3125,116.589768,0.19685280233426,"tau-1.4","Tag overdispersion","tau = 1.4","2.0","1.4",FALSE,6
1997,0.405907569996159,546.80925,1347.1275,45.410123,0.280477617295308,"tau-1.4","Tag overdispersion","tau = 1.4","2.0","1.4",FALSE,6
1998,0.390710440944597,538.95575,1379.425,114.035476,0.265486231891094,"tau-1.4","Tag overdispersion","tau = 1.4","2.0","1.4",FALSE,6
1999,0.366233323456226,512.92625,1400.545,74.802166,0.410812418539001,"tau-1.4","Tag overdispersion","tau = 1.4","2.0","1.4",FALSE,6
2000,0.335197180432171,473.62775,1412.9825,121.855915,0.325826859692938,"tau-1.4","Tag overdispersion","tau = 1.4","2.0","1.4",FALSE,6
2001,0.311526445205998,442.47425,1420.3425,55.289113,0.279668475710528,"tau-1.4","Tag overdispersion","tau = 1.4","2.0","1.4",FALSE,6
2002,0.296532467821939,432.37325,1458.0975,98.496626,0.251302996502401,"tau-1.4","Tag overdispersion","tau = 1.4","2.0","1.4",FALSE,6
2003,0.280545795982702,425.3965,1516.3175,67.666773,0.304786101231196,"tau-1.4","Tag overdispersion","tau = 1.4","2.0","1.4",FALSE,6
2004,0.270964508500637,417.6525,1541.355,113.859161,0.342734121959634,"tau-1.4","Tag overdispersion","tau = 1.4","2.0","1.4",FALSE,6
2005,0.248504278713704,382.23375,1538.1375,68.627296,0.3339278950773,"tau-1.4","Tag overdispersion","tau = 1.4","2.0","1.4",FALSE,6
2006,0.242029690411132,374.452,1547.1325,80.019202,0.330836278744308,"tau-1.4","Tag overdispersion","tau = 1.4","2.0","1.4",FALSE,6
2007,0.235137425819262,370.37025,1575.1225,86.352854,0.383492606236901,"tau-1.4","Tag overdispersion","tau = 1.4","2.0","1.4",FALSE,6
2008,0.225389990778934,355.03375,1575.1975,84.584713,0.503440163852877,"tau-1.4","Tag overdispersion","tau = 1.4","2.0","1.4",FALSE,6
2009,0.212867826960438,329.52525,1548.0275,92.944566,0.369377513666595,"tau-1.4","Tag overdispersion","tau = 1.4","2.0","1.4",FALSE,6
2010,0.197711121096456,304.702,1541.1475,68.623043,0.28508953869969,"tau-1.4","Tag overdispersion","tau = 1.4","2.0","1.4",FALSE,6
2011,0.1952394242398,304.307,1558.635,73.631916,0.411915591123456,"tau-1.4","Tag overdispersion","tau = 1.4","2.0","1.4",FALSE,6
2012,0.189277992290323,296.327,1565.565,109.07812,0.359488072235369,"tau-1.4","Tag overdispersion","tau = 1.4","2.0","1.4",FALSE,6
2013,0.181823635077908,279.61975,1537.8625,105.167694,0.335689703873866,"tau-1.4","Tag overdispersion","tau = 1.4","2.0","1.4",FALSE,6
2014,0.185586092939646,287.52575,1549.285,61.568484,0.409983654660008,"tau-1.4","Tag overdispersion","tau = 1.4","2.0","1.4",FALSE,6
2015,0.191921948069888,309.133,1610.7225,83.584553,0.330972143923338,"tau-1.4","Tag overdispersion","tau = 1.4","2.0","1.4",FALSE,6
2016,0.193510042480109,318.30225,1644.8875,84.066795,0.458212043887567,"tau-1.4","Tag overdispersion","tau = 1.4","2.0","1.4",FALSE,6
2017,0.191786612767308,311.227,1622.7775,88.315246,0.314700825955301,"tau-1.4","Tag overdispersion","tau = 1.4","2.0","1.4",FALSE,6
2018,0.192562772223496,308.70075,1603.1175,66.803488,0.365010072857742,"tau-1.4","Tag overdispersion","tau = 1.4","2.0","1.4",FALSE,6
2019,0.192118810455019,306.76475,1596.745,72.782983,0.256639375975465,"tau-1.4","Tag overdispersion","tau = 1.4","2.0","1.4",FALSE,6
2020,0.195448478208857,310.423,1588.26,83.713498,0.416114051402717,"tau-1.4","Tag overdispersion","tau = 1.4","2.0","1.4",FALSE,6
2021,0.20225541042387,315.8825,1561.8,74.504705,0.412953721924924,"tau-1.4","Tag overdispersion","tau = 1.4","2.0","1.4",FALSE,6
2022,0.205074166770883,315.664,1539.2675,58.676037,0.568230081614018,"tau-1.4","Tag overdispersion","tau = 1.4","2.0","1.4",FALSE,6
2023,0.198822099778603,298.596,1501.825,83.347619,0.525557030914225,"tau-1.4","Tag overdispersion","tau = 1.4","2.0","1.4",FALSE,6
2024,0.176534660533804,259.641,1470.765,71.972094,0.409434399181975,"tau-1.4","Tag overdispersion","tau = 1.4","2.0","1.4",FALSE,6
1952,0.993773505273896,1453.9925,1463.1025,105.45038,0.00932894248109545,"tau-1.6","Tag overdispersion","tau = 1.6","2.0","1.6",FALSE,7
1953,0.974344406104159,1461.9575,1500.4525,86.29408,0.00891680774132084,"tau-1.6","Tag overdispersion","tau = 1.6","2.0","1.6",FALSE,7
1954,0.962527971524661,1471.07,1528.34,123.008317,0.00612096714416943,"tau-1.6","Tag overdispersion","tau = 1.6","2.0","1.6",FALSE,7
1955,0.952899040410866,1480.605,1553.79,124.507521,0.00931613943899359,"tau-1.6","Tag overdispersion","tau = 1.6","2.0","1.6",FALSE,7
1956,0.940284015820611,1481.6925,1575.7925,71.7942038,0.0122689799908928,"tau-1.6","Tag overdispersion","tau = 1.6","2.0","1.6",FALSE,7
1957,0.928223056867285,1527.3075,1645.41,52.2250286,0.0180814981569889,"tau-1.6","Tag overdispersion","tau = 1.6","2.0","1.6",FALSE,7
1958,0.90654906571794,1495.7425,1649.93,128.48122,0.0230010326769738,"tau-1.6","Tag overdispersion","tau = 1.6","2.0","1.6",FALSE,7
1959,0.878316239685074,1373.8425,1564.1775,40.938245,0.0177061566295489,"tau-1.6","Tag overdispersion","tau = 1.6","2.0","1.6",FALSE,7
1960,0.855793389154581,1244.1075,1453.7475,89.9592035,0.0175711040989696,"tau-1.6","Tag overdispersion","tau = 1.6","2.0","1.6",FALSE,7
1961,0.846015640215391,1205.4475,1424.8525,49.0770016,0.017715920502995,"tau-1.6","Tag overdispersion","tau = 1.6","2.0","1.6",FALSE,7
1962,0.835586668673438,1138.115,1362.055,82.380821,0.0150727057090678,"tau-1.6","Tag overdispersion","tau = 1.6","2.0","1.6",FALSE,7
1963,0.825625180667306,1078.2025,1305.9225,74.517093,0.0193009692644991,"tau-1.6","Tag overdispersion","tau = 1.6","2.0","1.6",FALSE,7
1964,0.813021753333172,1007.9925,1239.81,58.1822565,0.0138918668055502,"tau-1.6","Tag overdispersion","tau = 1.6","2.0","1.6",FALSE,7
1965,0.816470853290165,978.475,1198.42,50.4104886,0.0159064796573165,"tau-1.6","Tag overdispersion","tau = 1.6","2.0","1.6",FALSE,7
1966,0.820376200855736,965.39,1176.765,108.879763,0.0144144705484398,"tau-1.6","Tag overdispersion","tau = 1.6","2.0","1.6",FALSE,7
1967,0.815410983108347,922.98,1131.92,32.463378,0.0197828210900709,"tau-1.6","Tag overdispersion","tau = 1.6","2.0","1.6",FALSE,7
1968,0.812015844256688,878.4225,1081.78,62.5069282,0.0156340376677848,"tau-1.6","Tag overdispersion","tau = 1.6","2.0","1.6",FALSE,7
1969,0.815602245180787,879.835,1078.755,76.8454484,0.0177981804057583,"tau-1.6","Tag overdispersion","tau = 1.6","2.0","1.6",FALSE,7
1970,0.81146180790178,849.635,1047.0425,55.381883,0.0304128021733491,"tau-1.6","Tag overdispersion","tau = 1.6","2.0","1.6",FALSE,7
1971,0.808641128301129,825.0525,1020.295,48.513793,0.0326336285045967,"tau-1.6","Tag overdispersion","tau = 1.6","2.0","1.6",FALSE,7
1972,0.804001195264011,820.64,1020.695,52.12282,0.0421889872747962,"tau-1.6","Tag overdispersion","tau = 1.6","2.0","1.6",FALSE,7
1973,0.784930391183732,771.0175,982.275,68.915714,0.0280815315808639,"tau-1.6","Tag overdispersion","tau = 1.6","2.0","1.6",FALSE,7
1974,0.773109110000955,728.895,942.81,38.442495,0.0439734229810202,"tau-1.6","Tag overdispersion","tau = 1.6","2.0","1.6",FALSE,7
1975,0.760209568379925,703.3725,925.235,103.495777,0.0376050076066532,"tau-1.6","Tag overdispersion","tau = 1.6","2.0","1.6",FALSE,7
1976,0.73598687637859,664,902.19,46.553285,0.0467933581723434,"tau-1.6","Tag overdispersion","tau = 1.6","2.0","1.6",FALSE,7
1977,0.717018383403292,652.52975,910.06,80.0583106,0.0590769662060188,"tau-1.6","Tag overdispersion","tau = 1.6","2.0","1.6",FALSE,7
1978,0.709027282005722,670.38175,945.495,13.0874012,0.0485466198144297,"tau-1.6","Tag overdispersion","tau = 1.6","2.0","1.6",FALSE,7
1979,0.693784084262884,658.356,948.935,57.453241,0.0596015974690874,"tau-1.6","Tag overdispersion","tau = 1.6","2.0","1.6",FALSE,7
1980,0.669797154934716,633.40875,945.6725,59.471153,0.0511389627116845,"tau-1.6","Tag overdispersion","tau = 1.6","2.0","1.6",FALSE,7
1981,0.648709731217167,583.46575,899.425,81.383687,0.0793636002364215,"tau-1.6","Tag overdispersion","tau = 1.6","2.0","1.6",FALSE,7
1982,0.638158893468566,556.99625,872.8175,87.46649,0.0925313873409216,"tau-1.6","Tag overdispersion","tau = 1.6","2.0","1.6",FALSE,7
1983,0.630268005612506,558.1165,885.5225,69.838885,0.115618682620166,"tau-1.6","Tag overdispersion","tau = 1.6","2.0","1.6",FALSE,7
1984,0.62513173831243,592.267,947.4275,76.1395587,0.12938619847724,"tau-1.6","Tag overdispersion","tau = 1.6","2.0","1.6",FALSE,7
1985,0.604595963843798,611.01375,1010.615,81.7688708,0.123236228361808,"tau-1.6","Tag overdispersion","tau = 1.6","2.0","1.6",FALSE,7
1986,0.579075682772855,597.609,1032.005,61.401055,0.134562810357209,"tau-1.6","Tag overdispersion","tau = 1.6","2.0","1.6",FALSE,7
1987,0.560915881244109,595.13175,1061,116.2752807,0.142549456839851,"tau-1.6","Tag overdispersion","tau = 1.6","2.0","1.6",FALSE,7
1988,0.540250029921391,598.09325,1107.0675,102.678477,0.132587193140146,"tau-1.6","Tag overdispersion","tau = 1.6","2.0","1.6",FALSE,7
1989,0.525296923945408,593.21125,1129.2875,78.18439,0.122159865289412,"tau-1.6","Tag overdispersion","tau = 1.6","2.0","1.6",FALSE,7
1990,0.517268114454446,623.63525,1205.6325,79.419672,0.161810786993763,"tau-1.6","Tag overdispersion","tau = 1.6","2.0","1.6",FALSE,7
1991,0.505909857473028,639.72175,1264.4975,97.970673,0.183538576464071,"tau-1.6","Tag overdispersion","tau = 1.6","2.0","1.6",FALSE,7
1992,0.488510138625047,631.31875,1292.335,92.867254,0.214998853467528,"tau-1.6","Tag overdispersion","tau = 1.6","2.0","1.6",FALSE,7
1993,0.461108475357424,595.2945,1291.0075,67.701994,0.174350496605954,"tau-1.6","Tag overdispersion","tau = 1.6","2.0","1.6",FALSE,7
1994,0.437225122215514,573.964,1312.7425,110.893106,0.162784510265079,"tau-1.6","Tag overdispersion","tau = 1.6","2.0","1.6",FALSE,7
1995,0.410233403651131,544.992,1328.4925,49.138055,0.159909769834924,"tau-1.6","Tag overdispersion","tau = 1.6","2.0","1.6",FALSE,7
1996,0.401359833827623,528.4725,1316.705,130.452674,0.174747108822076,"tau-1.6","Tag overdispersion","tau = 1.6","2.0","1.6",FALSE,7
1997,0.416008224490706,559.93875,1345.98,51.306473,0.25789826869287,"tau-1.6","Tag overdispersion","tau = 1.6","2.0","1.6",FALSE,7
1998,0.400634928711353,551.1715,1375.745,121.264779,0.239573723285952,"tau-1.6","Tag overdispersion","tau = 1.6","2.0","1.6",FALSE,7
1999,0.376742397349426,525.33525,1394.415,104.993691,0.364355747345244,"tau-1.6","Tag overdispersion","tau = 1.6","2.0","1.6",FALSE,7
2000,0.345699141289741,484.907,1402.685,118.346584,0.296406151731286,"tau-1.6","Tag overdispersion","tau = 1.6","2.0","1.6",FALSE,7
2001,0.322592133622603,454.2565,1408.145,70.78342,0.252079727509331,"tau-1.6","Tag overdispersion","tau = 1.6","2.0","1.6",FALSE,7
2002,0.307630433766193,444.12375,1443.6925,100.537799,0.229313264897219,"tau-1.6","Tag overdispersion","tau = 1.6","2.0","1.6",FALSE,7
2003,0.290467541305153,435.38325,1498.905,81.297091,0.269374465745512,"tau-1.6","Tag overdispersion","tau = 1.6","2.0","1.6",FALSE,7
2004,0.279606188004992,425.6445,1522.3,124.031116,0.299063297212648,"tau-1.6","Tag overdispersion","tau = 1.6","2.0","1.6",FALSE,7
2005,0.256974306830671,390.46475,1519.47,80.004795,0.28988044972711,"tau-1.6","Tag overdispersion","tau = 1.6","2.0","1.6",FALSE,7
2006,0.24986348469652,381.15925,1525.47,84.748048,0.300720908717368,"tau-1.6","Tag overdispersion","tau = 1.6","2.0","1.6",FALSE,7
2007,0.242909181170236,376.7655,1551.055,96.586527,0.338766703269255,"tau-1.6","Tag overdispersion","tau = 1.6","2.0","1.6",FALSE,7
2008,0.233161001569392,361.0195,1548.37,97.341519,0.444306799485058,"tau-1.6","Tag overdispersion","tau = 1.6","2.0","1.6",FALSE,7
2009,0.220766390219313,336.13725,1522.5925,100.93155,0.333191082456284,"tau-1.6","Tag overdispersion","tau = 1.6","2.0","1.6",FALSE,7
2010,0.206174434763355,311.93625,1512.9725,76.380002,0.263109455822116,"tau-1.6","Tag overdispersion","tau = 1.6","2.0","1.6",FALSE,7
2011,0.20350500446023,310.831,1527.3875,83.714005,0.371100948119636,"tau-1.6","Tag overdispersion","tau = 1.6","2.0","1.6",FALSE,7
2012,0.196600476050735,301.477,1533.45,123.879605,0.321053692621389,"tau-1.6","Tag overdispersion","tau = 1.6","2.0","1.6",FALSE,7
2013,0.188322237415038,283.71875,1506.56,116.735815,0.308702870143713,"tau-1.6","Tag overdispersion","tau = 1.6","2.0","1.6",FALSE,7
2014,0.192010982940163,291.08625,1515.9875,70.257323,0.381393708943947,"tau-1.6","Tag overdispersion","tau = 1.6","2.0","1.6",FALSE,7
2015,0.198825277230768,313.49875,1576.755,94.406853,0.305746087237089,"tau-1.6","Tag overdispersion","tau = 1.6","2.0","1.6",FALSE,7
2016,0.200711147874147,323.93575,1613.94,92.076108,0.425228721923868,"tau-1.6","Tag overdispersion","tau = 1.6","2.0","1.6",FALSE,7
2017,0.19910666610295,317.88325,1596.5475,99.600778,0.28468887841599,"tau-1.6","Tag overdispersion","tau = 1.6","2.0","1.6",FALSE,7
2018,0.199214330161837,314.541,1578.9075,78.601613,0.336335673297436,"tau-1.6","Tag overdispersion","tau = 1.6","2.0","1.6",FALSE,7
2019,0.198073700244544,311.43425,1572.315,79.003523,0.240199852027379,"tau-1.6","Tag overdispersion","tau = 1.6","2.0","1.6",FALSE,7
2020,0.20110857551961,314.61325,1564.395,91.965451,0.379907504642139,"tau-1.6","Tag overdispersion","tau = 1.6","2.0","1.6",FALSE,7
2021,0.208007456947324,320.50725,1540.845,83.572224,0.378116649576584,"tau-1.6","Tag overdispersion","tau = 1.6","2.0","1.6",FALSE,7
2022,0.210789955015077,319.80525,1517.175,65.347402,0.516971410816796,"tau-1.6","Tag overdispersion","tau = 1.6","2.0","1.6",FALSE,7
2023,0.204498986828774,302.76075,1480.5,97.394036,0.481719382072679,"tau-1.6","Tag overdispersion","tau = 1.6","2.0","1.6",FALSE,7
2024,0.183132839908402,265.30775,1448.7175,82.020346,0.372204580864571,"tau-1.6","Tag overdispersion","tau = 1.6","2.0","1.6",FALSE,7
1952,0.993042520428464,1325.25,1334.535,86.69278,0.0106960129022344,"tau-1.8","Tag overdispersion","tau = 1.8","2.0","1.8",FALSE,8
1953,0.971470873165293,1328.705,1367.725,68.600903,0.0103266118616466,"tau-1.8","Tag overdispersion","tau = 1.8","2.0","1.8",FALSE,8
1954,0.958503437999318,1334.74,1392.525,102.316865,0.00697815531431991,"tau-1.8","Tag overdispersion","tau = 1.8","2.0","1.8",FALSE,8
1955,0.947785174096605,1339.0925,1412.865,107.7183146,0.010379479798526,"tau-1.8","Tag overdispersion","tau = 1.8","2.0","1.8",FALSE,8
1956,0.933770240899021,1336.1225,1430.89,58.3913825,0.0139773707312724,"tau-1.8","Tag overdispersion","tau = 1.8","2.0","1.8",FALSE,8
1957,0.920750076441231,1377.67,1496.2475,44.4038762,0.0202684904808512,"tau-1.8","Tag overdispersion","tau = 1.8","2.0","1.8",FALSE,8
1958,0.897267870415481,1349.04,1503.4975,97.521691,0.026424904839656,"tau-1.8","Tag overdispersion","tau = 1.8","2.0","1.8",FALSE,8
1959,0.86690864670273,1238.3725,1428.4925,40.525458,0.019615228398877,"tau-1.8","Tag overdispersion","tau = 1.8","2.0","1.8",FALSE,8
1960,0.842506417429079,1120.0175,1329.3875,63.5004032,0.0219658043679594,"tau-1.8","Tag overdispersion","tau = 1.8","2.0","1.8",FALSE,8
1961,0.831148770822914,1080.2025,1299.65,49.4365686,0.0198327376507399,"tau-1.8","Tag overdispersion","tau = 1.8","2.0","1.8",FALSE,8
1962,0.819195996125282,1014.82,1238.8,63.195957,0.0180728315432223,"tau-1.8","Tag overdispersion","tau = 1.8","2.0","1.8",FALSE,8
1963,0.808151864578283,958.4075,1185.925,65.713145,0.0220891995096282,"tau-1.8","Tag overdispersion","tau = 1.8","2.0","1.8",FALSE,8
1964,0.794480789131236,894.4225,1125.795,47.9839888,0.0157417668492083,"tau-1.8","Tag overdispersion","tau = 1.8","2.0","1.8",FALSE,8
1965,0.798933151169774,871.3125,1090.595,43.1423013,0.0179890621980615,"tau-1.8","Tag overdispersion","tau = 1.8","2.0","1.8",FALSE,8
1966,0.803905460943063,863.6075,1074.265,83.8705701,0.0170787701205717,"tau-1.8","Tag overdispersion","tau = 1.8","2.0","1.8",FALSE,8
1967,0.799061587822353,828.0875,1036.325,33.936247,0.0219422489095029,"tau-1.8","Tag overdispersion","tau = 1.8","2.0","1.8",FALSE,8
1968,0.795798562599907,790.3175,993.1125,52.7550358,0.0177935100031945,"tau-1.8","Tag overdispersion","tau = 1.8","2.0","1.8",FALSE,8
1969,0.799789225276831,793.055,991.58,62.4170821,0.0206061608206215,"tau-1.8","Tag overdispersion","tau = 1.8","2.0","1.8",FALSE,8
1970,0.795387149917628,766.445,963.6125,48.7697621,0.0330233566419459,"tau-1.8","Tag overdispersion","tau = 1.8","2.0","1.8",FALSE,8
1971,0.792342689902887,744.505,939.625,38.9880544,0.0368348898124766,"tau-1.8","Tag overdispersion","tau = 1.8","2.0","1.8",FALSE,8
1972,0.787727903158096,741.185,940.915,41.386778,0.0494405214133875,"tau-1.8","Tag overdispersion","tau = 1.8","2.0","1.8",FALSE,8
1973,0.767532900446019,696.515,907.4725,62.519769,0.0317773215132522,"tau-1.8","Tag overdispersion","tau = 1.8","2.0","1.8",FALSE,8
1974,0.754968119859023,659.2325,873.1925,30.116709,0.0495990415596871,"tau-1.8","Tag overdispersion","tau = 1.8","2.0","1.8",FALSE,8
1975,0.741120463680317,636.14075,858.35,89.523635,0.0432292270324546,"tau-1.8","Tag overdispersion","tau = 1.8","2.0","1.8",FALSE,8
1976,0.715217345906809,599.3575,838.0075,35.044517,0.0538685963845407,"tau-1.8","Tag overdispersion","tau = 1.8","2.0","1.8",FALSE,8
1977,0.695115382911813,588.51075,846.6375,70.8319753,0.0665937474643057,"tau-1.8","Tag overdispersion","tau = 1.8","2.0","1.8",FALSE,8
1978,0.686757329836244,604.8495,880.7325,9.339036,0.0540562362777491,"tau-1.8","Tag overdispersion","tau = 1.8","2.0","1.8",FALSE,8
1979,0.669954140768885,592.02675,883.6825,41.5422961,0.0680919490306308,"tau-1.8","Tag overdispersion","tau = 1.8","2.0","1.8",FALSE,8
1980,0.644008366036846,566.56475,879.7475,55.170474,0.0582083860522272,"tau-1.8","Tag overdispersion","tau = 1.8","2.0","1.8",FALSE,8
1981,0.621283104257459,518.9205,835.24,71.028929,0.0882303732328685,"tau-1.8","Tag overdispersion","tau = 1.8","2.0","1.8",FALSE,8
1982,0.609600540719045,493.79625,810.0325,72.6080253,0.105637263110739,"tau-1.8","Tag overdispersion","tau = 1.8","2.0","1.8",FALSE,8
1983,0.601692620176033,495.45025,823.4275,60.319336,0.129569807509556,"tau-1.8","Tag overdispersion","tau = 1.8","2.0","1.8",FALSE,8
1984,0.597367937255878,528.018,883.9075,65.3678138,0.144771849549755,"tau-1.8","Tag overdispersion","tau = 1.8","2.0","1.8",FALSE,8
1985,0.576674203244603,545.81925,946.495,68.9902225,0.136879643238343,"tau-1.8","Tag overdispersion","tau = 1.8","2.0","1.8",FALSE,8
1986,0.550984034114214,533.95725,969.0975,54.524,0.151318352896833,"tau-1.8","Tag overdispersion","tau = 1.8","2.0","1.8",FALSE,8
1987,0.534074351671414,534.4215,1000.65,98.9651589,0.161944172491391,"tau-1.8","Tag overdispersion","tau = 1.8","2.0","1.8",FALSE,8
1988,0.513774527930529,538.39075,1047.9125,83.694739,0.143400171570092,"tau-1.8","Tag overdispersion","tau = 1.8","2.0","1.8",FALSE,8
1989,0.499495825716382,536.2275,1073.5375,74.555854,0.13013917421403,"tau-1.8","Tag overdispersion","tau = 1.8","2.0","1.8",FALSE,8
1990,0.493218272655559,567.402,1150.4075,71.72601,0.178027381377863,"tau-1.8","Tag overdispersion","tau = 1.8","2.0","1.8",FALSE,8
1991,0.482718093749612,583.74375,1209.285,77.3829095,0.204041122583519,"tau-1.8","Tag overdispersion","tau = 1.8","2.0","1.8",FALSE,8
1992,0.46511886750147,575.63925,1237.6175,85.607939,0.234765858860092,"tau-1.8","Tag overdispersion","tau = 1.8","2.0","1.8",FALSE,8
1993,0.436758993873804,540.58425,1237.7175,54.752066,0.188729614823001,"tau-1.8","Tag overdispersion","tau = 1.8","2.0","1.8",FALSE,8
1994,0.413024870096386,520.6385,1260.55,101.804121,0.186641115874599,"tau-1.8","Tag overdispersion","tau = 1.8","2.0","1.8",FALSE,8
1995,0.38636861653649,492.818,1275.5125,38.193903,0.18112753203418,"tau-1.8","Tag overdispersion","tau = 1.8","2.0","1.8",FALSE,8
1996,0.378525399565387,478.58575,1264.3425,115.298308,0.199024890240672,"tau-1.8","Tag overdispersion","tau = 1.8","2.0","1.8",FALSE,8
1997,0.393565687280897,508.00475,1290.775,45.035155,0.284076501845108,"tau-1.8","Tag overdispersion","tau = 1.8","2.0","1.8",FALSE,8
1998,0.378072472289284,499.95075,1322.3675,109.746231,0.266037622363729,"tau-1.8","Tag overdispersion","tau = 1.8","2.0","1.8",FALSE,8
1999,0.353651594997647,475.29625,1343.9675,80.104569,0.414521686176403,"tau-1.8","Tag overdispersion","tau = 1.8","2.0","1.8",FALSE,8
2000,0.322638859967088,437.70075,1356.6275,117.250287,0.324850965501302,"tau-1.8","Tag overdispersion","tau = 1.8","2.0","1.8",FALSE,8
2001,0.299767093966232,409.28925,1365.3575,56.651601,0.280189697632737,"tau-1.8","Tag overdispersion","tau = 1.8","2.0","1.8",FALSE,8
2002,0.28581322704963,401.22175,1403.79,95.130884,0.250241166727061,"tau-1.8","Tag overdispersion","tau = 1.8","2.0","1.8",FALSE,8
2003,0.270107741263656,394.91575,1462.0675,68.354124,0.305268459020098,"tau-1.8","Tag overdispersion","tau = 1.8","2.0","1.8",FALSE,8
2004,0.260491977064367,387.63225,1488.0775,111.455032,0.32620579159702,"tau-1.8","Tag overdispersion","tau = 1.8","2.0","1.8",FALSE,8
2005,0.23802243397914,353.9465,1487.03,69.144388,0.3307342094629,"tau-1.8","Tag overdispersion","tau = 1.8","2.0","1.8",FALSE,8
2006,0.231889533327982,346.63775,1494.84,78.432298,0.331653385461176,"tau-1.8","Tag overdispersion","tau = 1.8","2.0","1.8",FALSE,8
2007,0.225705964103019,343.49175,1521.855,86.559973,0.377156848489495,"tau-1.8","Tag overdispersion","tau = 1.8","2.0","1.8",FALSE,8
2008,0.216380991784384,329.4855,1522.71,84.05883,0.491903096170949,"tau-1.8","Tag overdispersion","tau = 1.8","2.0","1.8",FALSE,8
2009,0.20449572133763,306.66025,1499.5925,90.972864,0.362316765379962,"tau-1.8","Tag overdispersion","tau = 1.8","2.0","1.8",FALSE,8
2010,0.19043127090805,284.3415,1493.145,67.602591,0.284657252581523,"tau-1.8","Tag overdispersion","tau = 1.8","2.0","1.8",FALSE,8
2011,0.188660885122879,284.7105,1509.1125,73.390247,0.410114981709846,"tau-1.8","Tag overdispersion","tau = 1.8","2.0","1.8",FALSE,8
2012,0.182687091665017,276.82575,1515.3,109.269672,0.353062931287305,"tau-1.8","Tag overdispersion","tau = 1.8","2.0","1.8",FALSE,8
2013,0.175032191885462,260.6435,1489.1175,102.722251,0.335158409194496,"tau-1.8","Tag overdispersion","tau = 1.8","2.0","1.8",FALSE,8
2014,0.178782457924527,268.091,1499.5375,61.751297,0.410894880379513,"tau-1.8","Tag overdispersion","tau = 1.8","2.0","1.8",FALSE,8
2015,0.185080647102143,288.3885,1558.1775,82.863671,0.333691078596986,"tau-1.8","Tag overdispersion","tau = 1.8","2.0","1.8",FALSE,8
2016,0.186461032685306,296.632,1590.8525,83.009265,0.462655519397815,"tau-1.8","Tag overdispersion","tau = 1.8","2.0","1.8",FALSE,8
2017,0.184411561024923,289.593,1570.3625,87.479307,0.314725128498472,"tau-1.8","Tag overdispersion","tau = 1.8","2.0","1.8",FALSE,8
2018,0.184766872934835,286.718,1551.7825,67.458655,0.364756337945653,"tau-1.8","Tag overdispersion","tau = 1.8","2.0","1.8",FALSE,8
2019,0.184040997975329,284.5145,1545.93,72.503198,0.256949877408119,"tau-1.8","Tag overdispersion","tau = 1.8","2.0","1.8",FALSE,8
2020,0.187579570231391,288.63525,1538.735,81.493618,0.416360124172076,"tau-1.8","Tag overdispersion","tau = 1.8","2.0","1.8",FALSE,8
2021,0.194608498867664,294.96275,1515.6725,73.033652,0.41786219416013,"tau-1.8","Tag overdispersion","tau = 1.8","2.0","1.8",FALSE,8
2022,0.19739159092544,294.9815,1494.3975,59.255531,0.565532481357304,"tau-1.8","Tag overdispersion","tau = 1.8","2.0","1.8",FALSE,8
2023,0.190928247253699,278.392,1458.0975,82.599963,0.531669945041353,"tau-1.8","Tag overdispersion","tau = 1.8","2.0","1.8",FALSE,8
2024,0.168891195088729,240.857,1426.1075,70.618506,0.421382514211511,"tau-1.8","Tag overdispersion","tau = 1.8","2.0","1.8",FALSE,8
1952,0.995138134187496,1826.79,1835.715,139.40859,0.00724014245343705,"tag-mixing-k-0.1","Tag mixing periods (KS D-statistic cutoff)","K=0.1","Derived at K=0.2","Derived at K=0.1",FALSE,9
1953,0.97996102574715,1846.8125,1884.5775,112.073407,0.00688244312282256,"tag-mixing-k-0.1","Tag mixing periods (KS D-statistic cutoff)","K=0.1","Derived at K=0.2","Derived at K=0.1",FALSE,9
1954,0.970618513095819,1864.4975,1920.9375,167.63629,0.00472566203793293,"tag-mixing-k-0.1","Tag mixing periods (KS D-statistic cutoff)","K=0.1","Derived at K=0.2","Derived at K=0.1",FALSE,9
1955,0.963044401465381,1882.2125,1954.44,142.201257,0.00765975469041037,"tag-mixing-k-0.1","Tag mixing periods (KS D-statistic cutoff)","K=0.1","Derived at K=0.2","Derived at K=0.1",FALSE,9
1956,0.952982544742906,1886.965,1980.0625,96.034611,0.00964971563961831,"tag-mixing-k-0.1","Tag mixing periods (KS D-statistic cutoff)","K=0.1","Derived at K=0.2","Derived at K=0.1",FALSE,9
1957,0.942985209735586,1937.58,2054.73,71.678596,0.0143106784344767,"tag-mixing-k-0.1","Tag mixing periods (KS D-statistic cutoff)","K=0.1","Derived at K=0.2","Derived at K=0.1",FALSE,9
1958,0.925246201720666,1895.4825,2048.625,183.230266,0.0172225902453121,"tag-mixing-k-0.1","Tag mixing periods (KS D-statistic cutoff)","K=0.1","Derived at K=0.2","Derived at K=0.1",FALSE,9
1959,0.902609483858591,1752.5675,1941.6675,38.107342,0.0142873109647649,"tag-mixing-k-0.1","Tag mixing periods (KS D-statistic cutoff)","K=0.1","Derived at K=0.2","Derived at K=0.1",FALSE,9
1960,0.884631602814288,1599.655,1808.2725,131.0972892,0.0127106201859369,"tag-mixing-k-0.1","Tag mixing periods (KS D-statistic cutoff)","K=0.1","Derived at K=0.2","Derived at K=0.1",FALSE,9
1961,0.87717415579618,1561.245,1779.8575,52.453423,0.0139593816092316,"tag-mixing-k-0.1","Tag mixing periods (KS D-statistic cutoff)","K=0.1","Derived at K=0.2","Derived at K=0.1",FALSE,9
1962,0.869047793718473,1480.7575,1703.885,118.588012,0.0111511742756669,"tag-mixing-k-0.1","Tag mixing periods (KS D-statistic cutoff)","K=0.1","Derived at K=0.2","Derived at K=0.1",FALSE,9
1963,0.861135802771348,1407.1325,1634.0425,94.9017,0.0148252604801842,"tag-mixing-k-0.1","Tag mixing periods (KS D-statistic cutoff)","K=0.1","Derived at K=0.2","Derived at K=0.1",FALSE,9
1964,0.851110034336933,1321.7675,1552.9925,79.4348917,0.0106789981183786,"tag-mixing-k-0.1","Tag mixing periods (KS D-statistic cutoff)","K=0.1","Derived at K=0.2","Derived at K=0.1",FALSE,9
1965,0.85358334874684,1280.6375,1500.3075,61.8679352,0.0121974579325164,"tag-mixing-k-0.1","Tag mixing periods (KS D-statistic cutoff)","K=0.1","Derived at K=0.2","Derived at K=0.1",FALSE,9
1966,0.856428516796832,1259.71,1470.8875,140.492104,0.0108502096579435,"tag-mixing-k-0.1","Tag mixing periods (KS D-statistic cutoff)","K=0.1","Derived at K=0.2","Derived at K=0.1",FALSE,9
1967,0.85276291265426,1207.8875,1416.44,54.0920445,0.0148205662595824,"tag-mixing-k-0.1","Tag mixing periods (KS D-statistic cutoff)","K=0.1","Derived at K=0.2","Derived at K=0.1",FALSE,9
1968,0.849980221153384,1149.56,1352.455,74.9953602,0.0121137038963472,"tag-mixing-k-0.1","Tag mixing periods (KS D-statistic cutoff)","K=0.1","Derived at K=0.2","Derived at K=0.1",FALSE,9
1969,0.852603088857598,1147.4375,1345.805,92.7451233,0.0140689649739631,"tag-mixing-k-0.1","Tag mixing periods (KS D-statistic cutoff)","K=0.1","Derived at K=0.2","Derived at K=0.1",FALSE,9
1970,0.849753262168011,1113.2575,1310.095,69.1596593,0.0232191615145874,"tag-mixing-k-0.1","Tag mixing periods (KS D-statistic cutoff)","K=0.1","Derived at K=0.2","Derived at K=0.1",FALSE,9
1971,0.846838449861173,1076.645,1271.37,60.607896,0.0239900048935445,"tag-mixing-k-0.1","Tag mixing periods (KS D-statistic cutoff)","K=0.1","Derived at K=0.2","Derived at K=0.1",FALSE,9
1972,0.841977667784004,1061.8875,1261.1825,85.904993,0.0304766584616351,"tag-mixing-k-0.1","Tag mixing periods (KS D-statistic cutoff)","K=0.1","Derived at K=0.2","Derived at K=0.1",FALSE,9
1973,0.82654164516462,1001.04525,1211.125,71.388638,0.0234308293608894,"tag-mixing-k-0.1","Tag mixing periods (KS D-statistic cutoff)","K=0.1","Derived at K=0.2","Derived at K=0.1",FALSE,9
1974,0.816452861894533,942.5785,1154.48,50.56126,0.0339803642082964,"tag-mixing-k-0.1","Tag mixing periods (KS D-statistic cutoff)","K=0.1","Derived at K=0.2","Derived at K=0.1",FALSE,9
1975,0.806221433991565,913.723,1133.34,124.70263,0.0288046175448152,"tag-mixing-k-0.1","Tag mixing periods (KS D-statistic cutoff)","K=0.1","Derived at K=0.2","Derived at K=0.1",FALSE,9
1976,0.786469153440469,869.77,1105.9175,73.682467,0.0359015629173677,"tag-mixing-k-0.1","Tag mixing periods (KS D-statistic cutoff)","K=0.1","Derived at K=0.2","Derived at K=0.1",FALSE,9
1977,0.769296766167469,851.825,1107.2775,85.5746058,0.044705597178469,"tag-mixing-k-0.1","Tag mixing periods (KS D-statistic cutoff)","K=0.1","Derived at K=0.2","Derived at K=0.1",FALSE,9
1978,0.761923684923012,872.395,1144.99,23.853326,0.0403864825460573,"tag-mixing-k-0.1","Tag mixing periods (KS D-statistic cutoff)","K=0.1","Derived at K=0.2","Derived at K=0.1",FALSE,9
1979,0.750490061849935,863.3375,1150.365,74.608124,0.0480966932169372,"tag-mixing-k-0.1","Tag mixing periods (KS D-statistic cutoff)","K=0.1","Derived at K=0.2","Derived at K=0.1",FALSE,9
1980,0.730374710331861,835.22,1143.55,65.440992,0.0415573078155483,"tag-mixing-k-0.1","Tag mixing periods (KS D-statistic cutoff)","K=0.1","Derived at K=0.2","Derived at K=0.1",FALSE,9
1981,0.711646815491049,773.295,1086.6275,105.654809,0.0638485603761265,"tag-mixing-k-0.1","Tag mixing periods (KS D-statistic cutoff)","K=0.1","Derived at K=0.2","Derived at K=0.1",FALSE,9
1982,0.70109602743641,735.9405,1049.7,106.928985,0.0733292171964599,"tag-mixing-k-0.1","Tag mixing periods (KS D-statistic cutoff)","K=0.1","Derived at K=0.2","Derived at K=0.1",FALSE,9
1983,0.692819080432065,732.96275,1057.9425,83.242714,0.0925618135059751,"tag-mixing-k-0.1","Tag mixing periods (KS D-statistic cutoff)","K=0.1","Derived at K=0.2","Derived at K=0.1",FALSE,9
1984,0.68729375872773,772.7175,1124.29,81.008433,0.0967831710733266,"tag-mixing-k-0.1","Tag mixing periods (KS D-statistic cutoff)","K=0.1","Derived at K=0.2","Derived at K=0.1",FALSE,9
1985,0.669300079169931,798.9,1193.635,108.6708688,0.0988364157597146,"tag-mixing-k-0.1","Tag mixing periods (KS D-statistic cutoff)","K=0.1","Derived at K=0.2","Derived at K=0.1",FALSE,9
1986,0.646945762879462,785.1075,1213.56,80.183602,0.104425155561327,"tag-mixing-k-0.1","Tag mixing periods (KS D-statistic cutoff)","K=0.1","Derived at K=0.2","Derived at K=0.1",FALSE,9
1987,0.629235358641933,777.285,1235.285,126.811027,0.12155147090392,"tag-mixing-k-0.1","Tag mixing periods (KS D-statistic cutoff)","K=0.1","Derived at K=0.2","Derived at K=0.1",FALSE,9
1988,0.610070486371593,780.695,1279.68,124.249729,0.105497466443316,"tag-mixing-k-0.1","Tag mixing periods (KS D-statistic cutoff)","K=0.1","Derived at K=0.2","Derived at K=0.1",FALSE,9
1989,0.594587189044414,770.88675,1296.5075,94.456997,0.104678584100741,"tag-mixing-k-0.1","Tag mixing periods (KS D-statistic cutoff)","K=0.1","Derived at K=0.2","Derived at K=0.1",FALSE,9
1990,0.584013451441174,799.7305,1369.37,97.249658,0.1444695600379,"tag-mixing-k-0.1","Tag mixing periods (KS D-statistic cutoff)","K=0.1","Derived at K=0.2","Derived at K=0.1",FALSE,9
1991,0.574446539806258,823.9775,1434.385,93.0839103,0.153074925059894,"tag-mixing-k-0.1","Tag mixing periods (KS D-statistic cutoff)","K=0.1","Derived at K=0.2","Derived at K=0.1",FALSE,9
1992,0.557051158490508,816.41,1465.5925,118.216047,0.183150932450927,"tag-mixing-k-0.1","Tag mixing periods (KS D-statistic cutoff)","K=0.1","Derived at K=0.2","Derived at K=0.1",FALSE,9
1993,0.531737169961988,777.425,1462.0475,79.857216,0.15385926110054,"tag-mixing-k-0.1","Tag mixing periods (KS D-statistic cutoff)","K=0.1","Derived at K=0.2","Derived at K=0.1",FALSE,9
1994,0.507028779468248,747.16775,1473.62,137.389935,0.148580623369597,"tag-mixing-k-0.1","Tag mixing periods (KS D-statistic cutoff)","K=0.1","Derived at K=0.2","Derived at K=0.1",FALSE,9
1995,0.479267648513139,709.9835,1481.3925,73.814766,0.131848541949859,"tag-mixing-k-0.1","Tag mixing periods (KS D-statistic cutoff)","K=0.1","Derived at K=0.2","Derived at K=0.1",FALSE,9
1996,0.466078757493449,681.653,1462.5275,134.723761,0.144658095206369,"tag-mixing-k-0.1","Tag mixing periods (KS D-statistic cutoff)","K=0.1","Derived at K=0.2","Derived at K=0.1",FALSE,9
1997,0.479514857973541,720.742,1503.065,89.58816,0.192206907855372,"tag-mixing-k-0.1","Tag mixing periods (KS D-statistic cutoff)","K=0.1","Derived at K=0.2","Derived at K=0.1",FALSE,9
1998,0.467257786169981,718.85975,1538.465,103.12614,0.214649699956502,"tag-mixing-k-0.1","Tag mixing periods (KS D-statistic cutoff)","K=0.1","Derived at K=0.2","Derived at K=0.1",FALSE,9
1999,0.446925885148056,694.134,1553.13,116.184657,0.266090622023821,"tag-mixing-k-0.1","Tag mixing periods (KS D-statistic cutoff)","K=0.1","Derived at K=0.2","Derived at K=0.1",FALSE,9
2000,0.416033330059999,646.08,1552.9525,132.936529,0.239346842581149,"tag-mixing-k-0.1","Tag mixing periods (KS D-statistic cutoff)","K=0.1","Derived at K=0.2","Derived at K=0.1",FALSE,9
2001,0.3923353434528,607.66075,1548.83,101.441741,0.19492086276703,"tag-mixing-k-0.1","Tag mixing periods (KS D-statistic cutoff)","K=0.1","Derived at K=0.2","Derived at K=0.1",FALSE,9
2002,0.375329226578831,592.53225,1578.7,97.44411,0.225003488679157,"tag-mixing-k-0.1","Tag mixing periods (KS D-statistic cutoff)","K=0.1","Derived at K=0.2","Derived at K=0.1",FALSE,9
2003,0.358175682836434,582.9945,1627.6775,117.403858,0.218848719556085,"tag-mixing-k-0.1","Tag mixing periods (KS D-statistic cutoff)","K=0.1","Derived at K=0.2","Derived at K=0.1",FALSE,9
2004,0.344021320474327,567.17075,1648.65,120.153345,0.291645294875715,"tag-mixing-k-0.1","Tag mixing periods (KS D-statistic cutoff)","K=0.1","Derived at K=0.2","Derived at K=0.1",FALSE,9
2005,0.322326687447493,526.59075,1633.7175,102.562024,0.237309650853799,"tag-mixing-k-0.1","Tag mixing periods (KS D-statistic cutoff)","K=0.1","Derived at K=0.2","Derived at K=0.1",FALSE,9
2006,0.309830279146739,510.646,1648.1475,96.771357,0.289013686100949,"tag-mixing-k-0.1","Tag mixing periods (KS D-statistic cutoff)","K=0.1","Derived at K=0.2","Derived at K=0.1",FALSE,9
2007,0.304056196784481,508.16,1671.27,95.284157,0.294486854288083,"tag-mixing-k-0.1","Tag mixing periods (KS D-statistic cutoff)","K=0.1","Derived at K=0.2","Derived at K=0.1",FALSE,9
2008,0.292633556082704,488.81875,1670.4125,112.829867,0.344158999963803,"tag-mixing-k-0.1","Tag mixing periods (KS D-statistic cutoff)","K=0.1","Derived at K=0.2","Derived at K=0.1",FALSE,9
2009,0.275011476850205,452.288,1644.615,105.30468,0.27878066597727,"tag-mixing-k-0.1","Tag mixing periods (KS D-statistic cutoff)","K=0.1","Derived at K=0.2","Derived at K=0.1",FALSE,9
2010,0.25852169396662,416.863,1612.4875,81.75078,0.225689196597228,"tag-mixing-k-0.1","Tag mixing periods (KS D-statistic cutoff)","K=0.1","Derived at K=0.2","Derived at K=0.1",FALSE,9
2011,0.253490853705823,408.5905,1611.855,95.699583,0.318764702496559,"tag-mixing-k-0.1","Tag mixing periods (KS D-statistic cutoff)","K=0.1","Derived at K=0.2","Derived at K=0.1",FALSE,9
2012,0.246748300932265,395.5585,1603.085,137.557584,0.268446497412996,"tag-mixing-k-0.1","Tag mixing periods (KS D-statistic cutoff)","K=0.1","Derived at K=0.2","Derived at K=0.1",FALSE,9
2013,0.237096079001057,371.3055,1566.055,124.572576,0.267641746381531,"tag-mixing-k-0.1","Tag mixing periods (KS D-statistic cutoff)","K=0.1","Derived at K=0.2","Derived at K=0.1",FALSE,9
2014,0.238182789815887,374.39,1571.86,79.929365,0.318259425182644,"tag-mixing-k-0.1","Tag mixing periods (KS D-statistic cutoff)","K=0.1","Derived at K=0.2","Derived at K=0.1",FALSE,9
2015,0.244121130667452,397.7905,1629.48,97.537576,0.269943739041839,"tag-mixing-k-0.1","Tag mixing periods (KS D-statistic cutoff)","K=0.1","Derived at K=0.2","Derived at K=0.1",FALSE,9
2016,0.246544429832801,410.11125,1663.4375,102.215282,0.358242671861643,"tag-mixing-k-0.1","Tag mixing periods (KS D-statistic cutoff)","K=0.1","Derived at K=0.2","Derived at K=0.1",FALSE,9
2017,0.244201237000464,401.244,1643.0875,107.16459,0.24346846520378,"tag-mixing-k-0.1","Tag mixing periods (KS D-statistic cutoff)","K=0.1","Derived at K=0.2","Derived at K=0.1",FALSE,9
2018,0.242765547533669,392.82925,1618.1425,91.55618,0.286519455972839,"tag-mixing-k-0.1","Tag mixing periods (KS D-statistic cutoff)","K=0.1","Derived at K=0.2","Derived at K=0.1",FALSE,9
2019,0.240884074049903,387.562,1608.915,76.360364,0.227608295182396,"tag-mixing-k-0.1","Tag mixing periods (KS D-statistic cutoff)","K=0.1","Derived at K=0.2","Derived at K=0.1",FALSE,9
2020,0.244268930114993,391.386,1602.275,115.897407,0.341982876671073,"tag-mixing-k-0.1","Tag mixing periods (KS D-statistic cutoff)","K=0.1","Derived at K=0.2","Derived at K=0.1",FALSE,9
2021,0.25249969513016,398.5815,1578.5425,85.958059,0.346197459849596,"tag-mixing-k-0.1","Tag mixing periods (KS D-statistic cutoff)","K=0.1","Derived at K=0.2","Derived at K=0.1",FALSE,9
2022,0.257235980996202,399.44825,1552.8475,73.328345,0.402868771805514,"tag-mixing-k-0.1","Tag mixing periods (KS D-statistic cutoff)","K=0.1","Derived at K=0.2","Derived at K=0.1",FALSE,9
2023,0.24893038075204,384.00125,1542.605,112.302172,0.419349673973748,"tag-mixing-k-0.1","Tag mixing periods (KS D-statistic cutoff)","K=0.1","Derived at K=0.2","Derived at K=0.1",FALSE,9
2024,0.226064502895633,341.6575,1511.3275,97.862681,0.310275690049723,"tag-mixing-k-0.1","Tag mixing periods (KS D-statistic cutoff)","K=0.1","Derived at K=0.2","Derived at K=0.1",FALSE,9
1952,0.992441855738824,1220.8325,1230.13,79.424912,0.0116754991184739,"tag-mixing-k-0.3","Tag mixing periods (KS D-statistic cutoff)","K=0.3","Derived at K=0.2","Derived at K=0.3",FALSE,10
1953,0.969051203773682,1221.3025,1260.3075,59.962945,0.0114376179538433,"tag-mixing-k-0.3","Tag mixing periods (KS D-statistic cutoff)","K=0.3","Derived at K=0.2","Derived at K=0.3",FALSE,10
1954,0.955030100112839,1225.115,1282.8025,94.72795,0.00760280576622623,"tag-mixing-k-0.3","Tag mixing periods (KS D-statistic cutoff)","K=0.3","Derived at K=0.2","Derived at K=0.3",FALSE,10
1955,0.943280542246024,1225.0125,1298.6725,98.1091294,0.0113562666774769,"tag-mixing-k-0.3","Tag mixing periods (KS D-statistic cutoff)","K=0.3","Derived at K=0.2","Derived at K=0.3",FALSE,10
1956,0.927989438450973,1217.8075,1312.3075,54.7251222,0.0151743621225855,"tag-mixing-k-0.3","Tag mixing periods (KS D-statistic cutoff)","K=0.3","Derived at K=0.2","Derived at K=0.3",FALSE,10
1957,0.913976067654201,1255.305,1373.455,39.8233478,0.0221808094976702,"tag-mixing-k-0.3","Tag mixing periods (KS D-statistic cutoff)","K=0.3","Derived at K=0.2","Derived at K=0.3",FALSE,10
1958,0.888626133059069,1226.895,1380.665,85.904425,0.029093840898608,"tag-mixing-k-0.3","Tag mixing periods (KS D-statistic cutoff)","K=0.3","Derived at K=0.2","Derived at K=0.3",FALSE,10
1959,0.85596046048144,1123.11,1312.105,38.478507,0.021427671226636,"tag-mixing-k-0.3","Tag mixing periods (KS D-statistic cutoff)","K=0.3","Derived at K=0.2","Derived at K=0.3",FALSE,10
1960,0.829244322984629,1010.4425,1218.51,57.3165844,0.0242392277633501,"tag-mixing-k-0.3","Tag mixing periods (KS D-statistic cutoff)","K=0.3","Derived at K=0.2","Derived at K=0.3",FALSE,10
1961,0.816438067769134,969.51,1187.4875,44.5712326,0.0218291216958372,"tag-mixing-k-0.3","Tag mixing periods (KS D-statistic cutoff)","K=0.3","Derived at K=0.2","Derived at K=0.3",FALSE,10
1962,0.803461729759602,908.665,1130.9375,57.293953,0.0198934947175625,"tag-mixing-k-0.3","Tag mixing periods (KS D-statistic cutoff)","K=0.3","Derived at K=0.2","Derived at K=0.3",FALSE,10
1963,0.791477758521086,856.28,1081.875,60.8564942,0.0241459549709883,"tag-mixing-k-0.3","Tag mixing periods (KS D-statistic cutoff)","K=0.3","Derived at K=0.2","Derived at K=0.3",FALSE,10
1964,0.776739916035962,797.4245,1026.63,43.5882314,0.0171962596649309,"tag-mixing-k-0.3","Tag mixing periods (KS D-statistic cutoff)","K=0.3","Derived at K=0.2","Derived at K=0.3",FALSE,10
1965,0.782008753801224,778.5425,995.5675,38.8560672,0.01976179262434,"tag-mixing-k-0.3","Tag mixing periods (KS D-statistic cutoff)","K=0.3","Derived at K=0.2","Derived at K=0.3",FALSE,10
1966,0.787802910588098,773.975,982.4475,78.4945876,0.018616723277052,"tag-mixing-k-0.3","Tag mixing periods (KS D-statistic cutoff)","K=0.3","Derived at K=0.2","Derived at K=0.3",FALSE,10
1967,0.782678825575879,742.41,948.55,29.5408599,0.0241452460069116,"tag-mixing-k-0.3","Tag mixing periods (KS D-statistic cutoff)","K=0.3","Derived at K=0.2","Derived at K=0.3",FALSE,10
1968,0.779514303682405,709.625,910.3425,47.9796446,0.0195494188981251,"tag-mixing-k-0.3","Tag mixing periods (KS D-statistic cutoff)","K=0.3","Derived at K=0.2","Derived at K=0.3",FALSE,10
1969,0.783995892017168,713.7675,910.4225,58.6018897,0.0223485157051271,"tag-mixing-k-0.3","Tag mixing periods (KS D-statistic cutoff)","K=0.3","Derived at K=0.2","Derived at K=0.3",FALSE,10
1970,0.778923078228263,688.605,884.0475,44.0619538,0.0348296468508535,"tag-mixing-k-0.3","Tag mixing periods (KS D-statistic cutoff)","K=0.3","Derived at K=0.2","Derived at K=0.3",FALSE,10
1971,0.775760560931796,669.365,862.85,35.7231676,0.0401025272253344,"tag-mixing-k-0.3","Tag mixing periods (KS D-statistic cutoff)","K=0.3","Derived at K=0.2","Derived at K=0.3",FALSE,10
1972,0.771090010428372,667.3225,865.4275,39.080689,0.0527549019639903,"tag-mixing-k-0.3","Tag mixing periods (KS D-statistic cutoff)","K=0.3","Derived at K=0.2","Derived at K=0.3",FALSE,10
1973,0.749550358366626,626.165,835.3875,57.813156,0.033376554674632,"tag-mixing-k-0.3","Tag mixing periods (KS D-statistic cutoff)","K=0.3","Derived at K=0.2","Derived at K=0.3",FALSE,10
1974,0.736470160749335,592.84375,804.98,27.4149902,0.0530710320109798,"tag-mixing-k-0.3","Tag mixing periods (KS D-statistic cutoff)","K=0.3","Derived at K=0.2","Derived at K=0.3",FALSE,10
1975,0.722350018576475,573.55675,794.015,83.923023,0.0460332990493622,"tag-mixing-k-0.3","Tag mixing periods (KS D-statistic cutoff)","K=0.3","Derived at K=0.2","Derived at K=0.3",FALSE,10
1976,0.69550821793044,540.276,776.8075,32.0258108,0.0576323992537488,"tag-mixing-k-0.3","Tag mixing periods (KS D-statistic cutoff)","K=0.3","Derived at K=0.2","Derived at K=0.3",FALSE,10
1977,0.674825512655894,530.811,786.59,66.4211961,0.0709205687281507,"tag-mixing-k-0.3","Tag mixing periods (KS D-statistic cutoff)","K=0.3","Derived at K=0.2","Derived at K=0.3",FALSE,10
1978,0.666216236826452,546.0225,819.5875,8.0409117,0.057518048965425,"tag-mixing-k-0.3","Tag mixing periods (KS D-statistic cutoff)","K=0.3","Derived at K=0.2","Derived at K=0.3",FALSE,10
1979,0.648613422411175,533.971,823.25,39.9396987,0.0717601707882354,"tag-mixing-k-0.3","Tag mixing periods (KS D-statistic cutoff)","K=0.3","Derived at K=0.2","Derived at K=0.3",FALSE,10
1980,0.621464671851723,509.991,820.6275,50.609669,0.061848734450086,"tag-mixing-k-0.3","Tag mixing periods (KS D-statistic cutoff)","K=0.3","Derived at K=0.2","Derived at K=0.3",FALSE,10
1981,0.597865557376576,466.02275,779.4775,67.326902,0.0900072717030127,"tag-mixing-k-0.3","Tag mixing periods (KS D-statistic cutoff)","K=0.3","Derived at K=0.2","Derived at K=0.3",FALSE,10
1982,0.586253548088983,444.05775,757.45,68.7840818,0.107820766408186,"tag-mixing-k-0.3","Tag mixing periods (KS D-statistic cutoff)","K=0.3","Derived at K=0.2","Derived at K=0.3",FALSE,10
1983,0.57937148087179,447.8585,773.0075,55.974085,0.132238978239672,"tag-mixing-k-0.3","Tag mixing periods (KS D-statistic cutoff)","K=0.3","Derived at K=0.2","Derived at K=0.3",FALSE,10
1984,0.57624530272652,479.972,832.93,62.2898835,0.148980661844901,"tag-mixing-k-0.3","Tag mixing periods (KS D-statistic cutoff)","K=0.3","Derived at K=0.2","Derived at K=0.3",FALSE,10
1985,0.555354438918168,496.04675,893.2075,64.5666624,0.141635270565844,"tag-mixing-k-0.3","Tag mixing periods (KS D-statistic cutoff)","K=0.3","Derived at K=0.2","Derived at K=0.3",FALSE,10
1986,0.529467621887719,484.263,914.6225,52.6507467,0.155449854133946,"tag-mixing-k-0.3","Tag mixing periods (KS D-statistic cutoff)","K=0.3","Derived at K=0.2","Derived at K=0.3",FALSE,10
1987,0.512720985279976,485.20325,946.33,92.6697997,0.163927872942167,"tag-mixing-k-0.3","Tag mixing periods (KS D-statistic cutoff)","K=0.3","Derived at K=0.2","Derived at K=0.3",FALSE,10
1988,0.492522130238244,489.4845,993.8325,80.893966,0.147718423578145,"tag-mixing-k-0.3","Tag mixing periods (KS D-statistic cutoff)","K=0.3","Derived at K=0.2","Derived at K=0.3",FALSE,10
1989,0.479257279876948,489.1815,1020.7075,72.6377474,0.134929236183402,"tag-mixing-k-0.3","Tag mixing periods (KS D-statistic cutoff)","K=0.3","Derived at K=0.2","Derived at K=0.3",FALSE,10
1990,0.473464312871206,518.36175,1094.8275,64.535184,0.189026703462909,"tag-mixing-k-0.3","Tag mixing periods (KS D-statistic cutoff)","K=0.3","Derived at K=0.2","Derived at K=0.3",FALSE,10
1991,0.463508144014074,534.849,1153.915,88.1802718,0.208099415235248,"tag-mixing-k-0.3","Tag mixing periods (KS D-statistic cutoff)","K=0.3","Derived at K=0.2","Derived at K=0.3",FALSE,10
1992,0.447328357074703,529.7665,1184.29,72.845587,0.257091413195525,"tag-mixing-k-0.3","Tag mixing periods (KS D-statistic cutoff)","K=0.3","Derived at K=0.2","Derived at K=0.3",FALSE,10
1993,0.419256401928487,496.98025,1185.385,49.513123,0.187990933388397,"tag-mixing-k-0.3","Tag mixing periods (KS D-statistic cutoff)","K=0.3","Derived at K=0.2","Derived at K=0.3",FALSE,10
1994,0.394116182606763,478.87875,1215.07,97.079272,0.182853587796638,"tag-mixing-k-0.3","Tag mixing periods (KS D-statistic cutoff)","K=0.3","Derived at K=0.2","Derived at K=0.3",FALSE,10
1995,0.367215766277413,451.803,1230.3475,36.898854,0.191856306597218,"tag-mixing-k-0.3","Tag mixing periods (KS D-statistic cutoff)","K=0.3","Derived at K=0.2","Derived at K=0.3",FALSE,10
1996,0.359745532241545,438.18175,1218.0325,111.977106,0.205587157263546,"tag-mixing-k-0.3","Tag mixing periods (KS D-statistic cutoff)","K=0.3","Derived at K=0.2","Derived at K=0.3",FALSE,10
1997,0.375997177344774,467.55625,1243.51,42.585337,0.29210722748748,"tag-mixing-k-0.3","Tag mixing periods (KS D-statistic cutoff)","K=0.3","Derived at K=0.2","Derived at K=0.3",FALSE,10
1998,0.360018046115672,458.8475,1274.5125,107.402175,0.268947203469434,"tag-mixing-k-0.3","Tag mixing periods (KS D-statistic cutoff)","K=0.3","Derived at K=0.2","Derived at K=0.3",FALSE,10
1999,0.335155197112576,434.5815,1296.6575,76.875178,0.423631918086703,"tag-mixing-k-0.3","Tag mixing periods (KS D-statistic cutoff)","K=0.3","Derived at K=0.2","Derived at K=0.3",FALSE,10
2000,0.304522850692538,399.266,1311.12,114.08863,0.328331211761804,"tag-mixing-k-0.3","Tag mixing periods (KS D-statistic cutoff)","K=0.3","Derived at K=0.2","Derived at K=0.3",FALSE,10
2001,0.281951789064404,373.092,1323.2475,55.090878,0.287196148905425,"tag-mixing-k-0.3","Tag mixing periods (KS D-statistic cutoff)","K=0.3","Derived at K=0.2","Derived at K=0.3",FALSE,10
2002,0.269064178039344,366.6625,1362.7325,92.402286,0.25797215830492,"tag-mixing-k-0.3","Tag mixing periods (KS D-statistic cutoff)","K=0.3","Derived at K=0.2","Derived at K=0.3",FALSE,10
2003,0.254682945183081,362.1375,1421.915,68.697176,0.31451045658598,"tag-mixing-k-0.3","Tag mixing periods (KS D-statistic cutoff)","K=0.3","Derived at K=0.2","Derived at K=0.3",FALSE,10
2004,0.246759172211077,357.62375,1449.2825,108.465042,0.338657398392724,"tag-mixing-k-0.3","Tag mixing periods (KS D-statistic cutoff)","K=0.3","Derived at K=0.2","Derived at K=0.3",FALSE,10
2005,0.22612289255814,328.22925,1451.5525,69.031911,0.342713765466477,"tag-mixing-k-0.3","Tag mixing periods (KS D-statistic cutoff)","K=0.3","Derived at K=0.2","Derived at K=0.3",FALSE,10
2006,0.220340360160451,322.716,1464.625,74.326682,0.343806916959366,"tag-mixing-k-0.3","Tag mixing periods (KS D-statistic cutoff)","K=0.3","Derived at K=0.2","Derived at K=0.3",FALSE,10
2007,0.215151879598774,322.00975,1496.6625,83.580559,0.397365979013735,"tag-mixing-k-0.3","Tag mixing periods (KS D-statistic cutoff)","K=0.3","Derived at K=0.2","Derived at K=0.3",FALSE,10
2008,0.206093626448421,308.855,1498.615,84.693879,0.495257752363903,"tag-mixing-k-0.3","Tag mixing periods (KS D-statistic cutoff)","K=0.3","Derived at K=0.2","Derived at K=0.3",FALSE,10
2009,0.192835529245623,284.70575,1476.4175,88.148555,0.36120532516724,"tag-mixing-k-0.3","Tag mixing periods (KS D-statistic cutoff)","K=0.3","Derived at K=0.2","Derived at K=0.3",FALSE,10
2010,0.179485681483922,264.211,1472.045,64.295612,0.282873829341689,"tag-mixing-k-0.3","Tag mixing periods (KS D-statistic cutoff)","K=0.3","Derived at K=0.2","Derived at K=0.3",FALSE,10
2011,0.179262717650789,267.13775,1490.2025,71.781849,0.411776340552593,"tag-mixing-k-0.3","Tag mixing periods (KS D-statistic cutoff)","K=0.3","Derived at K=0.2","Derived at K=0.3",FALSE,10
2012,0.174193413560081,260.47925,1495.345,108.64723,0.339328726599913,"tag-mixing-k-0.3","Tag mixing periods (KS D-statistic cutoff)","K=0.3","Derived at K=0.2","Derived at K=0.3",FALSE,10
2013,0.16565975739519,243.261,1468.4375,98.79786,0.335882031545162,"tag-mixing-k-0.3","Tag mixing periods (KS D-statistic cutoff)","K=0.3","Derived at K=0.2","Derived at K=0.3",FALSE,10
2014,0.169504714465426,250.286,1476.5725,59.358187,0.415402588353363,"tag-mixing-k-0.3","Tag mixing periods (KS D-statistic cutoff)","K=0.3","Derived at K=0.2","Derived at K=0.3",FALSE,10
2015,0.177300406615318,272.08875,1534.62,80.092878,0.336213849768447,"tag-mixing-k-0.3","Tag mixing periods (KS D-statistic cutoff)","K=0.3","Derived at K=0.2","Derived at K=0.3",FALSE,10
2016,0.178750852511855,279.78575,1565.2275,80.316217,0.46796012272122,"tag-mixing-k-0.3","Tag mixing periods (KS D-statistic cutoff)","K=0.3","Derived at K=0.2","Derived at K=0.3",FALSE,10
2017,0.176010139071892,271.504,1542.5475,85.377512,0.320247055433299,"tag-mixing-k-0.3","Tag mixing periods (KS D-statistic cutoff)","K=0.3","Derived at K=0.2","Derived at K=0.3",FALSE,10
2018,0.175604064400669,267.139,1521.2575,65.571018,0.373692570797736,"tag-mixing-k-0.3","Tag mixing periods (KS D-statistic cutoff)","K=0.3","Derived at K=0.2","Derived at K=0.3",FALSE,10
2019,0.17442864763012,264.0575,1513.8425,71.313664,0.260832452774803,"tag-mixing-k-0.3","Tag mixing periods (KS D-statistic cutoff)","K=0.3","Derived at K=0.2","Derived at K=0.3",FALSE,10
2020,0.17842071818117,268.843,1506.7925,75.596176,0.432150028373311,"tag-mixing-k-0.3","Tag mixing periods (KS D-statistic cutoff)","K=0.3","Derived at K=0.2","Derived at K=0.3",FALSE,10
2021,0.185708347427748,275.873,1485.5175,72.5121,0.432361815274652,"tag-mixing-k-0.3","Tag mixing periods (KS D-statistic cutoff)","K=0.3","Derived at K=0.2","Derived at K=0.3",FALSE,10
2022,0.187758951172012,275.00725,1464.6825,58.572092,0.580116093497937,"tag-mixing-k-0.3","Tag mixing periods (KS D-statistic cutoff)","K=0.3","Derived at K=0.2","Derived at K=0.3",FALSE,10
2023,0.179280631288472,255.64925,1425.9725,79.857556,0.551389123540811,"tag-mixing-k-0.3","Tag mixing periods (KS D-statistic cutoff)","K=0.3","Derived at K=0.2","Derived at K=0.3",FALSE,10
2024,0.156098496663834,217.6895,1394.565,67.049624,0.443231163754064,"tag-mixing-k-0.3","Tag mixing periods (KS D-statistic cutoff)","K=0.3","Derived at K=0.2","Derived at K=0.3",FALSE,10
1952,0.994206951976541,1558.745,1567.8275,115.241309,0.00885461627582571,"caal-0.5-sub-basin","Conditional age-at-length","0.5 sub-basin","0.75 sub-basin","0.5 sub-basin",FALSE,11
1953,0.97609972201029,1570.42,1608.8725,98.753794,0.00827897018466859,"caal-0.5-sub-basin","Conditional age-at-length","0.5 sub-basin","0.75 sub-basin","0.5 sub-basin",FALSE,11
1954,0.964941999463297,1582.1575,1639.64,138.147087,0.00580238344880879,"caal-0.5-sub-basin","Conditional age-at-length","0.5 sub-basin","0.75 sub-basin","0.5 sub-basin",FALSE,11
1955,0.956106867375667,1598.68,1672.0725,127.1588672,0.00903227791546885,"caal-0.5-sub-basin","Conditional age-at-length","0.5 sub-basin","0.75 sub-basin","0.5 sub-basin",FALSE,11
1956,0.944544881783375,1607.8775,1702.2775,84.4190505,0.0113409234964386,"caal-0.5-sub-basin","Conditional age-at-length","0.5 sub-basin","0.75 sub-basin","0.5 sub-basin",FALSE,11
1957,0.933129469790382,1655.43,1774.0625,59.473691,0.0168557829324116,"caal-0.5-sub-basin","Conditional age-at-length","0.5 sub-basin","0.75 sub-basin","0.5 sub-basin",FALSE,11
1958,0.912806393916555,1622.915,1777.94,152.56747,0.0212211966766384,"caal-0.5-sub-basin","Conditional age-at-length","0.5 sub-basin","0.75 sub-basin","0.5 sub-basin",FALSE,11
1959,0.886559799064847,1498.3725,1690.0975,38.800449,0.0166986428826096,"caal-0.5-sub-basin","Conditional age-at-length","0.5 sub-basin","0.75 sub-basin","0.5 sub-basin",FALSE,11
1960,0.866116341243997,1367.13,1578.46,101.9869159,0.0158991240087053,"caal-0.5-sub-basin","Conditional age-at-length","0.5 sub-basin","0.75 sub-basin","0.5 sub-basin",FALSE,11
1961,0.857920242010071,1335.7475,1556.96,52.2332814,0.0164863070091981,"caal-0.5-sub-basin","Conditional age-at-length","0.5 sub-basin","0.75 sub-basin","0.5 sub-basin",FALSE,11
1962,0.848701343287831,1266.935,1492.7925,91.211259,0.0137548298569593,"caal-0.5-sub-basin","Conditional age-at-length","0.5 sub-basin","0.75 sub-basin","0.5 sub-basin",FALSE,11
1963,0.839815889143243,1205.14,1435.005,85.180574,0.0176428660066689,"caal-0.5-sub-basin","Conditional age-at-length","0.5 sub-basin","0.75 sub-basin","0.5 sub-basin",FALSE,11
1964,0.828099673622062,1129.0725,1363.45,67.66764,0.0126769208988216,"caal-0.5-sub-basin","Conditional age-at-length","0.5 sub-basin","0.75 sub-basin","0.5 sub-basin",FALSE,11
1965,0.830777667509806,1094.5475,1317.4975,57.9596789,0.0143361317947907,"caal-0.5-sub-basin","Conditional age-at-length","0.5 sub-basin","0.75 sub-basin","0.5 sub-basin",FALSE,11
1966,0.834102960436588,1077.905,1292.2925,114.3494907,0.0134679965261665,"caal-0.5-sub-basin","Conditional age-at-length","0.5 sub-basin","0.75 sub-basin","0.5 sub-basin",FALSE,11
1967,0.82981771853781,1032.37,1244.0925,52.6593916,0.0175919690514246,"caal-0.5-sub-basin","Conditional age-at-length","0.5 sub-basin","0.75 sub-basin","0.5 sub-basin",FALSE,11
1968,0.826361440607476,981.0625,1187.2075,59.5747266,0.0146083362249025,"caal-0.5-sub-basin","Conditional age-at-length","0.5 sub-basin","0.75 sub-basin","0.5 sub-basin",FALSE,11
1969,0.82920520457752,978.5575,1180.115,78.2540941,0.0168498202358127,"caal-0.5-sub-basin","Conditional age-at-length","0.5 sub-basin","0.75 sub-basin","0.5 sub-basin",FALSE,11
1970,0.826021426800465,949.5075,1149.495,65.7926739,0.0278222660281323,"caal-0.5-sub-basin","Conditional age-at-length","0.5 sub-basin","0.75 sub-basin","0.5 sub-basin",FALSE,11
1971,0.822716349114984,918.3345,1116.2225,49.641185,0.029021722670558,"caal-0.5-sub-basin","Conditional age-at-length","0.5 sub-basin","0.75 sub-basin","0.5 sub-basin",FALSE,11
1972,0.81735905418975,906.7765,1109.398,63.425286,0.0377815940213028,"caal-0.5-sub-basin","Conditional age-at-length","0.5 sub-basin","0.75 sub-basin","0.5 sub-basin",FALSE,11
1973,0.799776658363179,853.7,1067.423,73.99147,0.0276686952042971,"caal-0.5-sub-basin","Conditional age-at-length","0.5 sub-basin","0.75 sub-basin","0.5 sub-basin",FALSE,11
1974,0.788651782621627,805.43725,1021.28375,40.4596077,0.0420465921713719,"caal-0.5-sub-basin","Conditional age-at-length","0.5 sub-basin","0.75 sub-basin","0.5 sub-basin",FALSE,11
1975,0.77737297472682,781.0585,1004.741,111.818205,0.0362563099639648,"caal-0.5-sub-basin","Conditional age-at-length","0.5 sub-basin","0.75 sub-basin","0.5 sub-basin",FALSE,11
1976,0.754760715559859,740.458,981.05,61.027941,0.0433763802040162,"caal-0.5-sub-basin","Conditional age-at-length","0.5 sub-basin","0.75 sub-basin","0.5 sub-basin",FALSE,11
1977,0.735992080292248,725.79675,986.1475,78.7853435,0.0546987064670376,"caal-0.5-sub-basin","Conditional age-at-length","0.5 sub-basin","0.75 sub-basin","0.5 sub-basin",FALSE,11
1978,0.727733818758349,743.5875,1021.785,17.1658493,0.0479040878969678,"caal-0.5-sub-basin","Conditional age-at-length","0.5 sub-basin","0.75 sub-basin","0.5 sub-basin",FALSE,11
1979,0.714626899033264,735.335,1028.9775,60.908247,0.0600983396312007,"caal-0.5-sub-basin","Conditional age-at-length","0.5 sub-basin","0.75 sub-basin","0.5 sub-basin",FALSE,11
1980,0.692245183734109,709.40075,1024.7825,61.857506,0.0508716665701349,"caal-0.5-sub-basin","Conditional age-at-length","0.5 sub-basin","0.75 sub-basin","0.5 sub-basin",FALSE,11
1981,0.671346800285161,654.72375,975.23925,89.937432,0.0765857751837308,"caal-0.5-sub-basin","Conditional age-at-length","0.5 sub-basin","0.75 sub-basin","0.5 sub-basin",FALSE,11
1982,0.659474373266652,622.47275,943.89225,94.483467,0.0870665434322743,"caal-0.5-sub-basin","Conditional age-at-length","0.5 sub-basin","0.75 sub-basin","0.5 sub-basin",FALSE,11
1983,0.650410082645711,620.24325,953.61875,77.603799,0.10848882518604,"caal-0.5-sub-basin","Conditional age-at-length","0.5 sub-basin","0.75 sub-basin","0.5 sub-basin",FALSE,11
1984,0.64437624137651,654.53,1015.7575,76.127566,0.11926102365958,"caal-0.5-sub-basin","Conditional age-at-length","0.5 sub-basin","0.75 sub-basin","0.5 sub-basin",FALSE,11
1985,0.624590205631334,675.296,1081.1825,92.1636046,0.117397005663008,"caal-0.5-sub-basin","Conditional age-at-length","0.5 sub-basin","0.75 sub-basin","0.5 sub-basin",FALSE,11
1986,0.599836041037364,661.26525,1102.41,70.527228,0.122758473499753,"caal-0.5-sub-basin","Conditional age-at-length","0.5 sub-basin","0.75 sub-basin","0.5 sub-basin",FALSE,11
1987,0.580774602385134,653.913,1125.9325,111.519183,0.143661816677508,"caal-0.5-sub-basin","Conditional age-at-length","0.5 sub-basin","0.75 sub-basin","0.5 sub-basin",FALSE,11
1988,0.561154956976541,657.69325,1172.035,113.21847,0.124266064259994,"caal-0.5-sub-basin","Conditional age-at-length","0.5 sub-basin","0.75 sub-basin","0.5 sub-basin",FALSE,11
1989,0.544621850150723,648.6065,1190.93,86.531997,0.12203555694676,"caal-0.5-sub-basin","Conditional age-at-length","0.5 sub-basin","0.75 sub-basin","0.5 sub-basin",FALSE,11
1990,0.534104431434147,673.26,1260.54,89.838235,0.170861385010175,"caal-0.5-sub-basin","Conditional age-at-length","0.5 sub-basin","0.75 sub-basin","0.5 sub-basin",FALSE,11
1991,0.524805588183085,694.77175,1323.865,80.583668,0.181095147349066,"caal-0.5-sub-basin","Conditional age-at-length","0.5 sub-basin","0.75 sub-basin","0.5 sub-basin",FALSE,11
1992,0.506542897213807,688.03975,1358.305,118.024694,0.214397901482099,"caal-0.5-sub-basin","Conditional age-at-length","0.5 sub-basin","0.75 sub-basin","0.5 sub-basin",FALSE,11
1993,0.481014250635878,655.7535,1363.2725,70.787226,0.176282268115443,"caal-0.5-sub-basin","Conditional age-at-length","0.5 sub-basin","0.75 sub-basin","0.5 sub-basin",FALSE,11
1994,0.455901764630425,630.83925,1383.7175,120.533114,0.174934300075315,"caal-0.5-sub-basin","Conditional age-at-length","0.5 sub-basin","0.75 sub-basin","0.5 sub-basin",FALSE,11
1995,0.427662105995788,597.5605,1397.2725,55.171496,0.162739308627913,"caal-0.5-sub-basin","Conditional age-at-length","0.5 sub-basin","0.75 sub-basin","0.5 sub-basin",FALSE,11
1996,0.414484120162354,572.6295,1381.5475,136.092332,0.163634820672198,"caal-0.5-sub-basin","Conditional age-at-length","0.5 sub-basin","0.75 sub-basin","0.5 sub-basin",FALSE,11
1997,0.426670425064152,603.57225,1414.61,61.716624,0.23385181548851,"caal-0.5-sub-basin","Conditional age-at-length","0.5 sub-basin","0.75 sub-basin","0.5 sub-basin",FALSE,11
1998,0.412613649919349,596.661,1446.0525,121.976061,0.234616821070366,"caal-0.5-sub-basin","Conditional age-at-length","0.5 sub-basin","0.75 sub-basin","0.5 sub-basin",FALSE,11
1999,0.391350211691963,572.16575,1462.03,104.316331,0.325726246307048,"caal-0.5-sub-basin","Conditional age-at-length","0.5 sub-basin","0.75 sub-basin","0.5 sub-basin",FALSE,11
2000,0.362489364453792,532.544,1469.13,124.554238,0.284134777067611,"caal-0.5-sub-basin","Conditional age-at-length","0.5 sub-basin","0.75 sub-basin","0.5 sub-basin",FALSE,11
2001,0.338957257565352,499.7035,1474.2375,90.519805,0.228821774674985,"caal-0.5-sub-basin","Conditional age-at-length","0.5 sub-basin","0.75 sub-basin","0.5 sub-basin",FALSE,11
2002,0.320989935276904,484.28875,1508.735,97.1306,0.25717044485705,"caal-0.5-sub-basin","Conditional age-at-length","0.5 sub-basin","0.75 sub-basin","0.5 sub-basin",FALSE,11
2003,0.303407043985577,472.47,1557.215,104.359252,0.257496002637106,"caal-0.5-sub-basin","Conditional age-at-length","0.5 sub-basin","0.75 sub-basin","0.5 sub-basin",FALSE,11
2004,0.290590828979868,460.014,1583.03,116.786542,0.337116151103077,"caal-0.5-sub-basin","Conditional age-at-length","0.5 sub-basin","0.75 sub-basin","0.5 sub-basin",FALSE,11
2005,0.270204276213858,425.0955,1573.2375,92.957645,0.277610663024248,"caal-0.5-sub-basin","Conditional age-at-length","0.5 sub-basin","0.75 sub-basin","0.5 sub-basin",FALSE,11
2006,0.258428247086642,411.4785,1592.235,88.440237,0.322901686882905,"caal-0.5-sub-basin","Conditional age-at-length","0.5 sub-basin","0.75 sub-basin","0.5 sub-basin",FALSE,11
2007,0.252137264196829,408.22725,1619.0675,98.38696,0.359415627840595,"caal-0.5-sub-basin","Conditional age-at-length","0.5 sub-basin","0.75 sub-basin","0.5 sub-basin",FALSE,11
2008,0.241731716957129,391.4265,1619.26,99.50692,0.402489829422852,"caal-0.5-sub-basin","Conditional age-at-length","0.5 sub-basin","0.75 sub-basin","0.5 sub-basin",FALSE,11
2009,0.226082547155047,361.142,1597.39,103.98456,0.321442309252495,"caal-0.5-sub-basin","Conditional age-at-length","0.5 sub-basin","0.75 sub-basin","0.5 sub-basin",FALSE,11
2010,0.210166930618819,332.09475,1580.1475,77.498705,0.262156706312793,"caal-0.5-sub-basin","Conditional age-at-length","0.5 sub-basin","0.75 sub-basin","0.5 sub-basin",FALSE,11
2011,0.205777584022796,325.6955,1582.755,89.306615,0.371736225290659,"caal-0.5-sub-basin","Conditional age-at-length","0.5 sub-basin","0.75 sub-basin","0.5 sub-basin",FALSE,11
2012,0.199122556893607,314.24825,1578.165,130.300688,0.308131054047352,"caal-0.5-sub-basin","Conditional age-at-length","0.5 sub-basin","0.75 sub-basin","0.5 sub-basin",FALSE,11
2013,0.188907607128626,291.5515,1543.355,120.339951,0.296759790717909,"caal-0.5-sub-basin","Conditional age-at-length","0.5 sub-basin","0.75 sub-basin","0.5 sub-basin",FALSE,11
2014,0.191382299115873,297.26025,1553.2275,73.644421,0.358256907379458,"caal-0.5-sub-basin","Conditional age-at-length","0.5 sub-basin","0.75 sub-basin","0.5 sub-basin",FALSE,11
2015,0.199618578594309,322.648,1616.3225,95.803074,0.298249576538404,"caal-0.5-sub-basin","Conditional age-at-length","0.5 sub-basin","0.75 sub-basin","0.5 sub-basin",FALSE,11
2016,0.202901927557721,335.265,1652.35,95.738082,0.400109885139359,"caal-0.5-sub-basin","Conditional age-at-length","0.5 sub-basin","0.75 sub-basin","0.5 sub-basin",FALSE,11
2017,0.201323918529503,328.88225,1633.5975,101.373777,0.271447565638793,"caal-0.5-sub-basin","Conditional age-at-length","0.5 sub-basin","0.75 sub-basin","0.5 sub-basin",FALSE,11
2018,0.200557787947564,323.4235,1612.62,81.888456,0.32659991404758,"caal-0.5-sub-basin","Conditional age-at-length","0.5 sub-basin","0.75 sub-basin","0.5 sub-basin",FALSE,11
2019,0.199199890177946,319.23625,1602.5925,72.22393,0.263349789672514,"caal-0.5-sub-basin","Conditional age-at-length","0.5 sub-basin","0.75 sub-basin","0.5 sub-basin",FALSE,11
2020,0.202823127756071,322.88225,1591.94,111.74532,0.388508036792765,"caal-0.5-sub-basin","Conditional age-at-length","0.5 sub-basin","0.75 sub-basin","0.5 sub-basin",FALSE,11
2021,0.209891653996959,327.877,1562.125,86.101431,0.397103038452688,"caal-0.5-sub-basin","Conditional age-at-length","0.5 sub-basin","0.75 sub-basin","0.5 sub-basin",FALSE,11
2022,0.212870195158002,327.6365,1539.1375,67.049488,0.48447479476992,"caal-0.5-sub-basin","Conditional age-at-length","0.5 sub-basin","0.75 sub-basin","0.5 sub-basin",FALSE,11
2023,0.204395720026043,310.798,1520.57,101.965437,0.475280693345415,"caal-0.5-sub-basin","Conditional age-at-length","0.5 sub-basin","0.75 sub-basin","0.5 sub-basin",FALSE,11
2024,0.182135310094004,271.93075,1493.015,88.163323,0.366172175142789,"caal-0.5-sub-basin","Conditional age-at-length","0.5 sub-basin","0.75 sub-basin","0.5 sub-basin",FALSE,11
1952,0.993380612109259,1382.5325,1391.745,86.42868,0.010666284582117,"caal-1.0-sub-basin","Conditional age-at-length","1.0 sub-basin","0.75 sub-basin","1.0 sub-basin",FALSE,12
1953,0.972711018937181,1385.96,1424.8425,82.78878,0.0105603412831605,"caal-1.0-sub-basin","Conditional age-at-length","1.0 sub-basin","0.75 sub-basin","1.0 sub-basin",FALSE,12
1954,0.960148053561568,1391.0625,1448.8,96.461125,0.00821620711584802,"caal-1.0-sub-basin","Conditional age-at-length","1.0 sub-basin","0.75 sub-basin","1.0 sub-basin",FALSE,12
1955,0.949525556312171,1387.4325,1461.185,95.9460874,0.0107811647625026,"caal-1.0-sub-basin","Conditional age-at-length","1.0 sub-basin","0.75 sub-basin","1.0 sub-basin",FALSE,12
1956,0.935459446979574,1377.595,1472.64,56.6346089,0.0141184849859738,"caal-1.0-sub-basin","Conditional age-at-length","1.0 sub-basin","0.75 sub-basin","1.0 sub-basin",FALSE,12
1957,0.922744066242138,1418.6175,1537.39,42.6782807,0.0202007063225973,"caal-1.0-sub-basin","Conditional age-at-length","1.0 sub-basin","0.75 sub-basin","1.0 sub-basin",FALSE,12
1958,0.899945323545493,1390.825,1545.455,80.990348,0.0277087256135169,"caal-1.0-sub-basin","Conditional age-at-length","1.0 sub-basin","0.75 sub-basin","1.0 sub-basin",FALSE,12
1959,0.870239613041749,1274.69,1464.7575,52.4232148,0.0191621835396314,"caal-1.0-sub-basin","Conditional age-at-length","1.0 sub-basin","0.75 sub-basin","1.0 sub-basin",FALSE,12
1960,0.846074852507375,1147.2775,1356,51.7536528,0.023854246292968,"caal-1.0-sub-basin","Conditional age-at-length","1.0 sub-basin","0.75 sub-basin","1.0 sub-basin",FALSE,12
1961,0.834547470557961,1102.6375,1321.24,56.2034423,0.0197593412108489,"caal-1.0-sub-basin","Conditional age-at-length","1.0 sub-basin","0.75 sub-basin","1.0 sub-basin",FALSE,12
1962,0.822646115190573,1034.605,1257.655,57.372771,0.0191550710211135,"caal-1.0-sub-basin","Conditional age-at-length","1.0 sub-basin","0.75 sub-basin","1.0 sub-basin",FALSE,12
1963,0.811523459870097,974.24,1200.5075,61.6425167,0.022858669169084,"caal-1.0-sub-basin","Conditional age-at-length","1.0 sub-basin","0.75 sub-basin","1.0 sub-basin",FALSE,12
1964,0.797702140577259,906.5825,1136.4925,50.9525225,0.0159700997900111,"caal-1.0-sub-basin","Conditional age-at-length","1.0 sub-basin","0.75 sub-basin","1.0 sub-basin",FALSE,12
1965,0.801939193694093,881.0525,1098.6525,40.9192719,0.0184862085328638,"caal-1.0-sub-basin","Conditional age-at-length","1.0 sub-basin","0.75 sub-basin","1.0 sub-basin",FALSE,12
1966,0.806896854621905,872.665,1081.5075,78.8477919,0.0179472965120339,"caal-1.0-sub-basin","Conditional age-at-length","1.0 sub-basin","0.75 sub-basin","1.0 sub-basin",FALSE,12
1967,0.801889509073195,835.4125,1041.805,33.231517,0.0225450654930508,"caal-1.0-sub-basin","Conditional age-at-length","1.0 sub-basin","0.75 sub-basin","1.0 sub-basin",FALSE,12
1968,0.798563512927632,796.625,997.5725,50.531315,0.0182782723000579,"caal-1.0-sub-basin","Conditional age-at-length","1.0 sub-basin","0.75 sub-basin","1.0 sub-basin",FALSE,12
1969,0.802484877387616,799.295,996.025,54.4090492,0.021764318401558,"caal-1.0-sub-basin","Conditional age-at-length","1.0 sub-basin","0.75 sub-basin","1.0 sub-basin",FALSE,12
1970,0.797797738287561,771.62,967.1875,55.2433405,0.0318870394282235,"caal-1.0-sub-basin","Conditional age-at-length","1.0 sub-basin","0.75 sub-basin","1.0 sub-basin",FALSE,12
1971,0.794262464877383,747.675,941.345,34.8294288,0.038267184921121,"caal-1.0-sub-basin","Conditional age-at-length","1.0 sub-basin","0.75 sub-basin","1.0 sub-basin",FALSE,12
1972,0.789935761871614,746.12,944.5325,39.882741,0.0514334242492727,"caal-1.0-sub-basin","Conditional age-at-length","1.0 sub-basin","0.75 sub-basin","1.0 sub-basin",FALSE,12
1973,0.769742433963402,701.855,911.805,62.142113,0.0303125098343711,"caal-1.0-sub-basin","Conditional age-at-length","1.0 sub-basin","0.75 sub-basin","1.0 sub-basin",FALSE,12
1974,0.756647972094932,663.777,877.26,27.8098983,0.0528616604075016,"caal-1.0-sub-basin","Conditional age-at-length","1.0 sub-basin","0.75 sub-basin","1.0 sub-basin",FALSE,12
1975,0.74291347245061,641.5355,863.54,91.369895,0.0447972858762452,"caal-1.0-sub-basin","Conditional age-at-length","1.0 sub-basin","0.75 sub-basin","1.0 sub-basin",FALSE,12
1976,0.717654895552082,606.0165,844.44,29.2160333,0.0551194989540746,"caal-1.0-sub-basin","Conditional age-at-length","1.0 sub-basin","0.75 sub-basin","1.0 sub-basin",FALSE,12
1977,0.69830151534624,597.68325,855.91,71.8411807,0.0676390300301391,"caal-1.0-sub-basin","Conditional age-at-length","1.0 sub-basin","0.75 sub-basin","1.0 sub-basin",FALSE,12
1978,0.690249508653851,616.36175,892.955,9.7385426,0.0539679367019014,"caal-1.0-sub-basin","Conditional age-at-length","1.0 sub-basin","0.75 sub-basin","1.0 sub-basin",FALSE,12
1979,0.673105853467998,603.1365,896.05,35.1761388,0.0706866116694315,"caal-1.0-sub-basin","Conditional age-at-length","1.0 sub-basin","0.75 sub-basin","1.0 sub-basin",FALSE,12
1980,0.648028273497096,578.72975,893.0625,56.518439,0.0602236332977837,"caal-1.0-sub-basin","Conditional age-at-length","1.0 sub-basin","0.75 sub-basin","1.0 sub-basin",FALSE,12
1981,0.625237757484411,528.90425,845.925,68.812693,0.086987889562886,"caal-1.0-sub-basin","Conditional age-at-length","1.0 sub-basin","0.75 sub-basin","1.0 sub-basin",FALSE,12
1982,0.612649268075395,502.014,819.415,72.7455733,0.10739283152602,"caal-1.0-sub-basin","Conditional age-at-length","1.0 sub-basin","0.75 sub-basin","1.0 sub-basin",FALSE,12
1983,0.60445610652744,504.77525,835.09,61.244815,0.128474828402866,"caal-1.0-sub-basin","Conditional age-at-length","1.0 sub-basin","0.75 sub-basin","1.0 sub-basin",FALSE,12
1984,0.599542406618702,539.1505,899.27,55.1403684,0.148571972529897,"caal-1.0-sub-basin","Conditional age-at-length","1.0 sub-basin","0.75 sub-basin","1.0 sub-basin",FALSE,12
1985,0.578043491793414,557.153,963.86,72.3714068,0.134535942244852,"caal-1.0-sub-basin","Conditional age-at-length","1.0 sub-basin","0.75 sub-basin","1.0 sub-basin",FALSE,12
1986,0.551281706472345,543.182,985.3075,54.894779,0.152132641779007,"caal-1.0-sub-basin","Conditional age-at-length","1.0 sub-basin","0.75 sub-basin","1.0 sub-basin",FALSE,12
1987,0.534311544597142,543.43625,1017.0775,87.3963316,0.166087306890567,"caal-1.0-sub-basin","Conditional age-at-length","1.0 sub-basin","0.75 sub-basin","1.0 sub-basin",FALSE,12
1988,0.514141939717808,548.4095,1066.65,87.047809,0.140428262865453,"caal-1.0-sub-basin","Conditional age-at-length","1.0 sub-basin","0.75 sub-basin","1.0 sub-basin",FALSE,12
1989,0.49966290541684,546.214,1093.165,76.654956,0.130735312603282,"caal-1.0-sub-basin","Conditional age-at-length","1.0 sub-basin","0.75 sub-basin","1.0 sub-basin",FALSE,12
1990,0.494633758944977,580.79525,1174.1925,71.037545,0.17786369376882,"caal-1.0-sub-basin","Conditional age-at-length","1.0 sub-basin","0.75 sub-basin","1.0 sub-basin",FALSE,12
1991,0.485066038308287,599.55375,1236.025,73.675053,0.206374153957202,"caal-1.0-sub-basin","Conditional age-at-length","1.0 sub-basin","0.75 sub-basin","1.0 sub-basin",FALSE,12
1992,0.467619946602632,591.9975,1265.98,87.651341,0.238738644744328,"caal-1.0-sub-basin","Conditional age-at-length","1.0 sub-basin","0.75 sub-basin","1.0 sub-basin",FALSE,12
1993,0.438750654818973,554.8715,1264.6625,49.910383,0.192148845459364,"caal-1.0-sub-basin","Conditional age-at-length","1.0 sub-basin","0.75 sub-basin","1.0 sub-basin",FALSE,12
1994,0.415194234494431,534.77225,1288.005,101.229942,0.190428463582459,"caal-1.0-sub-basin","Conditional age-at-length","1.0 sub-basin","0.75 sub-basin","1.0 sub-basin",FALSE,12
1995,0.388850943038447,507.537,1305.2225,37.577487,0.188381449093821,"caal-1.0-sub-basin","Conditional age-at-length","1.0 sub-basin","0.75 sub-basin","1.0 sub-basin",FALSE,12
1996,0.380658885469291,491.6495,1291.575,112.77039,0.203346037957423,"caal-1.0-sub-basin","Conditional age-at-length","1.0 sub-basin","0.75 sub-basin","1.0 sub-basin",FALSE,12
1997,0.396310147757106,522.6885,1318.8875,44.038757,0.285297071428139,"caal-1.0-sub-basin","Conditional age-at-length","1.0 sub-basin","0.75 sub-basin","1.0 sub-basin",FALSE,12
1998,0.380532282731565,515.05425,1353.51,112.723113,0.267550756483069,"caal-1.0-sub-basin","Conditional age-at-length","1.0 sub-basin","0.75 sub-basin","1.0 sub-basin",FALSE,12
1999,0.355399391894101,489.1735,1376.405,71.001753,0.424580971243861,"caal-1.0-sub-basin","Conditional age-at-length","1.0 sub-basin","0.75 sub-basin","1.0 sub-basin",FALSE,12
2000,0.324466129006167,451.30075,1390.9025,120.309692,0.327540855008375,"caal-1.0-sub-basin","Conditional age-at-length","1.0 sub-basin","0.75 sub-basin","1.0 sub-basin",FALSE,12
2001,0.300757546028903,421.53125,1401.565,54.105505,0.284620690329972,"caal-1.0-sub-basin","Conditional age-at-length","1.0 sub-basin","0.75 sub-basin","1.0 sub-basin",FALSE,12
2002,0.286544523861544,413.127,1441.755,97.763791,0.256013264077592,"caal-1.0-sub-basin","Conditional age-at-length","1.0 sub-basin","0.75 sub-basin","1.0 sub-basin",FALSE,12
2003,0.271888924755157,408.51175,1502.495,64.718194,0.311086767324198,"caal-1.0-sub-basin","Conditional age-at-length","1.0 sub-basin","0.75 sub-basin","1.0 sub-basin",FALSE,12
2004,0.263629156047858,403.174,1529.3225,111.993552,0.349464369608422,"caal-1.0-sub-basin","Conditional age-at-length","1.0 sub-basin","0.75 sub-basin","1.0 sub-basin",FALSE,12
2005,0.242608564870821,371.014,1529.27,69.835415,0.341861743996392,"caal-1.0-sub-basin","Conditional age-at-length","1.0 sub-basin","0.75 sub-basin","1.0 sub-basin",FALSE,12
2006,0.236452772756921,364.32525,1540.795,80.213291,0.34223241443197,"caal-1.0-sub-basin","Conditional age-at-length","1.0 sub-basin","0.75 sub-basin","1.0 sub-basin",FALSE,12
2007,0.229908880525343,360.87475,1569.6425,84.861033,0.382430178396681,"caal-1.0-sub-basin","Conditional age-at-length","1.0 sub-basin","0.75 sub-basin","1.0 sub-basin",FALSE,12
2008,0.221265702539729,348.22575,1573.79,84.095904,0.504202650467041,"caal-1.0-sub-basin","Conditional age-at-length","1.0 sub-basin","0.75 sub-basin","1.0 sub-basin",FALSE,12
2009,0.208918858793602,323.9945,1550.815,89.965077,0.376846992511585,"caal-1.0-sub-basin","Conditional age-at-length","1.0 sub-basin","0.75 sub-basin","1.0 sub-basin",FALSE,12
2010,0.194460216920583,300.179,1543.6525,67.695302,0.283249118955247,"caal-1.0-sub-basin","Conditional age-at-length","1.0 sub-basin","0.75 sub-basin","1.0 sub-basin",FALSE,12
2011,0.193005045247057,301.25675,1560.875,71.610846,0.412829670410937,"caal-1.0-sub-basin","Conditional age-at-length","1.0 sub-basin","0.75 sub-basin","1.0 sub-basin",FALSE,12
2012,0.18761507411012,293.97875,1566.925,106.491294,0.364334796135571,"caal-1.0-sub-basin","Conditional age-at-length","1.0 sub-basin","0.75 sub-basin","1.0 sub-basin",FALSE,12
2013,0.180369883986647,277.44225,1538.185,102.095594,0.339796266217944,"caal-1.0-sub-basin","Conditional age-at-length","1.0 sub-basin","0.75 sub-basin","1.0 sub-basin",FALSE,12
2014,0.183242197154613,283.58425,1547.5925,60.412948,0.41465944105375,"caal-1.0-sub-basin","Conditional age-at-length","1.0 sub-basin","0.75 sub-basin","1.0 sub-basin",FALSE,12
2015,0.188486938381542,302.68175,1605.85,80.93603,0.336773715530731,"caal-1.0-sub-basin","Conditional age-at-length","1.0 sub-basin","0.75 sub-basin","1.0 sub-basin",FALSE,12
2016,0.189520465369999,310.07775,1636.1175,82.660063,0.468345821553777,"caal-1.0-sub-basin","Conditional age-at-length","1.0 sub-basin","0.75 sub-basin","1.0 sub-basin",FALSE,12
2017,0.187080941762834,301.41125,1611.1275,86.163604,0.32084387055508,"caal-1.0-sub-basin","Conditional age-at-length","1.0 sub-basin","0.75 sub-basin","1.0 sub-basin",FALSE,12
2018,0.187157767952048,297.56775,1589.93,65.864016,0.369130692049212,"caal-1.0-sub-basin","Conditional age-at-length","1.0 sub-basin","0.75 sub-basin","1.0 sub-basin",FALSE,12
2019,0.186366147910293,295.1285,1583.595,72.020714,0.260485448761803,"caal-1.0-sub-basin","Conditional age-at-length","1.0 sub-basin","0.75 sub-basin","1.0 sub-basin",FALSE,12
2020,0.189951069055461,299.304,1575.69,80.337501,0.421987659642877,"caal-1.0-sub-basin","Conditional age-at-length","1.0 sub-basin","0.75 sub-basin","1.0 sub-basin",FALSE,12
2021,0.19664936237445,304.93925,1550.675,71.040002,0.424722030664305,"caal-1.0-sub-basin","Conditional age-at-length","1.0 sub-basin","0.75 sub-basin","1.0 sub-basin",FALSE,12
2022,0.199379647736712,304.8455,1528.97,59.877692,0.57313602094921,"caal-1.0-sub-basin","Conditional age-at-length","1.0 sub-basin","0.75 sub-basin","1.0 sub-basin",FALSE,12
2023,0.192465956658547,287.024,1491.2975,81.155959,0.543335056766678,"caal-1.0-sub-basin","Conditional age-at-length","1.0 sub-basin","0.75 sub-basin","1.0 sub-basin",FALSE,12
2024,0.169430444886265,247.346,1459.8675,69.234639,0.42772260941437,"caal-1.0-sub-basin","Conditional age-at-length","1.0 sub-basin","0.75 sub-basin","1.0 sub-basin",FALSE,12
1952,0.996978788173668,2715.0175,2723.245,84.339053,0.00813114278694193,"lorenzen-m-scalar-0.062","Natural mortality","M scalar = 0.062","0.078","0.062",FALSE,13
1953,0.986763907552929,2771.9925,2809.175,85.838919,0.00735213622380814,"lorenzen-m-scalar-0.062","Natural mortality","M scalar = 0.062","0.078","0.062",FALSE,13
1954,0.979328192311401,2818.3425,2877.8325,100.219706,0.00565358773320629,"lorenzen-m-scalar-0.062","Natural mortality","M scalar = 0.062","0.078","0.062",FALSE,13
1955,0.973073349548503,2877.4825,2957.1075,66.534532,0.00889505878776295,"lorenzen-m-scalar-0.062","Natural mortality","M scalar = 0.062","0.078","0.062",FALSE,13
1956,0.964620872435117,2893.525,2999.65,44.1970353,0.0104605376762743,"lorenzen-m-scalar-0.062","Natural mortality","M scalar = 0.062","0.078","0.062",FALSE,13
1957,0.955265373932286,2926.7325,3063.79,31.565649,0.0150694280298376,"lorenzen-m-scalar-0.062","Natural mortality","M scalar = 0.062","0.078","0.062",FALSE,13
1958,0.940371426636964,2847.2425,3027.785,68.539722,0.0207019239564854,"lorenzen-m-scalar-0.062","Natural mortality","M scalar = 0.062","0.078","0.062",FALSE,13
1959,0.9214623535019,2639.0175,2863.945,51.0192372,0.0148061143355792,"lorenzen-m-scalar-0.062","Natural mortality","M scalar = 0.062","0.078","0.062",FALSE,13
1960,0.905514324700751,2403.93,2654.7675,43.1775773,0.017666894107237,"lorenzen-m-scalar-0.062","Natural mortality","M scalar = 0.062","0.078","0.062",FALSE,13
1961,0.89538999989252,2290.965,2558.6225,44.7146081,0.0157730718008896,"lorenzen-m-scalar-0.062","Natural mortality","M scalar = 0.062","0.078","0.062",FALSE,13
1962,0.88567887450898,2161.6875,2440.7125,47.52231,0.0150307570724507,"lorenzen-m-scalar-0.062","Natural mortality","M scalar = 0.062","0.078","0.062",FALSE,13
1963,0.875535559187989,2028.6925,2317.0875,35.854458,0.0199907545945944,"lorenzen-m-scalar-0.062","Natural mortality","M scalar = 0.062","0.078","0.062",FALSE,13
1964,0.86397688049458,1884.1975,2180.8425,45.2153978,0.0134029166424043,"lorenzen-m-scalar-0.062","Natural mortality","M scalar = 0.062","0.078","0.062",FALSE,13
1965,0.860989782623934,1780.9875,2068.535,30.9444639,0.0154168413704486,"lorenzen-m-scalar-0.062","Natural mortality","M scalar = 0.062","0.078","0.062",FALSE,13
1966,0.858701587609858,1702.275,1982.3825,58.933914,0.0155771290936945,"lorenzen-m-scalar-0.062","Natural mortality","M scalar = 0.062","0.078","0.062",FALSE,13
1967,0.852298058095079,1603.9525,1881.915,23.7663536,0.020221095066024,"lorenzen-m-scalar-0.062","Natural mortality","M scalar = 0.062","0.078","0.062",FALSE,13
1968,0.847067008679152,1506.6675,1778.6875,35.4662535,0.0160167486553586,"lorenzen-m-scalar-0.062","Natural mortality","M scalar = 0.062","0.078","0.062",FALSE,13
1969,0.845716177801684,1462.2475,1729.005,46.5534919,0.0190206247089082,"lorenzen-m-scalar-0.062","Natural mortality","M scalar = 0.062","0.078","0.062",FALSE,13
1970,0.840756764397607,1397.735,1662.4725,42.7823138,0.0283291921642933,"lorenzen-m-scalar-0.062","Natural mortality","M scalar = 0.062","0.078","0.062",FALSE,13
1971,0.836735646636643,1344.22,1606.505,26.3781155,0.0312020595229092,"lorenzen-m-scalar-0.062","Natural mortality","M scalar = 0.062","0.078","0.062",FALSE,13
1972,0.831857154094234,1321.925,1589.125,32.331734,0.046195730181353,"lorenzen-m-scalar-0.062","Natural mortality","M scalar = 0.062","0.078","0.062",FALSE,13
1973,0.818065477110005,1257.7,1537.4075,48.8312445,0.027557495196142,"lorenzen-m-scalar-0.062","Natural mortality","M scalar = 0.062","0.078","0.062",FALSE,13
1974,0.807042645162921,1197.2175,1483.4625,22.1563502,0.0457353223194473,"lorenzen-m-scalar-0.062","Natural mortality","M scalar = 0.062","0.078","0.062",FALSE,13
1975,0.795347782699578,1157.6625,1455.5425,74.039421,0.0424113431457725,"lorenzen-m-scalar-0.062","Natural mortality","M scalar = 0.062","0.078","0.062",FALSE,13
1976,0.776851610815222,1104.1625,1421.33,24.9855859,0.0484162779785827,"lorenzen-m-scalar-0.062","Natural mortality","M scalar = 0.062","0.078","0.062",FALSE,13
1977,0.760521853855024,1086.5975,1428.7525,58.5482218,0.0600957974558272,"lorenzen-m-scalar-0.062","Natural mortality","M scalar = 0.062","0.078","0.062",FALSE,13
1978,0.751204205123176,1110.785,1478.6725,7.4798286,0.0453352209096326,"lorenzen-m-scalar-0.062","Natural mortality","M scalar = 0.062","0.078","0.062",FALSE,13
1979,0.737297221235736,1100.335,1492.39,29.5621485,0.0587790157935635,"lorenzen-m-scalar-0.062","Natural mortality","M scalar = 0.062","0.078","0.062",FALSE,13
1980,0.718589248058663,1075.985,1497.3575,44.860908,0.0527862867331415,"lorenzen-m-scalar-0.062","Natural mortality","M scalar = 0.062","0.078","0.062",FALSE,13
1981,0.702233890033188,1015.13,1445.5725,53.889787,0.0797808812048713,"lorenzen-m-scalar-0.062","Natural mortality","M scalar = 0.062","0.078","0.062",FALSE,13
1982,0.690807506321814,973.21825,1408.8125,57.9406443,0.099035867886563,"lorenzen-m-scalar-0.062","Natural mortality","M scalar = 0.062","0.078","0.062",FALSE,13
1983,0.680100019404117,963.85475,1417.225,47.576724,0.115401332930298,"lorenzen-m-scalar-0.062","Natural mortality","M scalar = 0.062","0.078","0.062",FALSE,13
1984,0.669406726410688,996.08725,1488.015,43.8416958,0.127762338081751,"lorenzen-m-scalar-0.062","Natural mortality","M scalar = 0.062","0.078","0.062",FALSE,13
1985,0.648866347973785,1019.03,1570.4775,59.80096,0.127614013642014,"lorenzen-m-scalar-0.062","Natural mortality","M scalar = 0.062","0.078","0.062",FALSE,13
1986,0.625391669494137,1004.54475,1606.265,40.7092065,0.138145648235875,"lorenzen-m-scalar-0.062","Natural mortality","M scalar = 0.062","0.078","0.062",FALSE,13
1987,0.60629053089319,1001.066,1651.1325,72.4238049,0.148020188142493,"lorenzen-m-scalar-0.062","Natural mortality","M scalar = 0.062","0.078","0.062",FALSE,13
1988,0.584890198458916,1006.89725,1721.515,70.83851,0.133307462278212,"lorenzen-m-scalar-0.062","Natural mortality","M scalar = 0.062","0.078","0.062",FALSE,13
1989,0.568579037306872,1004.0125,1765.8275,63.014407,0.118244869189452,"lorenzen-m-scalar-0.062","Natural mortality","M scalar = 0.062","0.078","0.062",FALSE,13
1990,0.558601098743153,1049.33775,1878.51,58.712809,0.157211317421387,"lorenzen-m-scalar-0.062","Natural mortality","M scalar = 0.062","0.078","0.062",FALSE,13
1991,0.549283494670944,1089.74275,1983.935,53.519971,0.175195743347012,"lorenzen-m-scalar-0.062","Natural mortality","M scalar = 0.062","0.078","0.062",FALSE,13
1992,0.535319599408932,1098.59225,2052.2175,75.465859,0.212610621248333,"lorenzen-m-scalar-0.062","Natural mortality","M scalar = 0.062","0.078","0.062",FALSE,13
1993,0.513781799408148,1067.31875,2077.3775,34.488386,0.164125993083498,"lorenzen-m-scalar-0.062","Natural mortality","M scalar = 0.062","0.078","0.062",FALSE,13
1994,0.493123748412982,1042.8655,2114.815,83.196741,0.157999661462078,"lorenzen-m-scalar-0.062","Natural mortality","M scalar = 0.062","0.078","0.062",FALSE,13
1995,0.472031661963074,1017.3545,2155.2675,33.6271698,0.157442994525961,"lorenzen-m-scalar-0.062","Natural mortality","M scalar = 0.062","0.078","0.062",FALSE,13
1996,0.461978173230767,991.82325,2146.905,94.047279,0.183021701964113,"lorenzen-m-scalar-0.062","Natural mortality","M scalar = 0.062","0.078","0.062",FALSE,13
1997,0.468482121931003,1024.424,2186.6875,40.6643586,0.233061196732695,"lorenzen-m-scalar-0.062","Natural mortality","M scalar = 0.062","0.078","0.062",FALSE,13
1998,0.458096003854072,1026.95275,2241.785,85.164933,0.246890639719652,"lorenzen-m-scalar-0.062","Natural mortality","M scalar = 0.062","0.078","0.062",FALSE,13
1999,0.44116345221209,1013.144,2296.5275,60.932355,0.349305130569577,"lorenzen-m-scalar-0.062","Natural mortality","M scalar = 0.062","0.078","0.062",FALSE,13
2000,0.416355314113597,967.60975,2324,98.894548,0.297048610565041,"lorenzen-m-scalar-0.062","Natural mortality","M scalar = 0.062","0.078","0.062",FALSE,13
2001,0.394921235880923,926.269,2345.4525,42.083286,0.251657895236709,"lorenzen-m-scalar-0.062","Natural mortality","M scalar = 0.062","0.078","0.062",FALSE,13
2002,0.379908543962977,914.5035,2407.1675,80.533352,0.230624151218684,"lorenzen-m-scalar-0.062","Natural mortality","M scalar = 0.062","0.078","0.062",FALSE,13
2003,0.364314360071737,909.55725,2496.6275,47.446532,0.279665575808304,"lorenzen-m-scalar-0.062","Natural mortality","M scalar = 0.062","0.078","0.062",FALSE,13
2004,0.352355866942902,895.44725,2541.315,92.807744,0.326820222215255,"lorenzen-m-scalar-0.062","Natural mortality","M scalar = 0.062","0.078","0.062",FALSE,13
2005,0.333349418861262,849.666,2548.875,51.167019,0.313763871470569,"lorenzen-m-scalar-0.062","Natural mortality","M scalar = 0.062","0.078","0.062",FALSE,13
2006,0.321710239374446,822.43775,2556.455,63.352908,0.321286464622017,"lorenzen-m-scalar-0.062","Natural mortality","M scalar = 0.062","0.078","0.062",FALSE,13
2007,0.310957402420791,804.88525,2588.41,73.552241,0.355573443944903,"lorenzen-m-scalar-0.062","Natural mortality","M scalar = 0.062","0.078","0.062",FALSE,13
2008,0.299072914129287,773.50125,2586.33,61.992335,0.484298626017919,"lorenzen-m-scalar-0.062","Natural mortality","M scalar = 0.062","0.078","0.062",FALSE,13
2009,0.285292703191437,729.67175,2557.625,73.964198,0.36134030024073,"lorenzen-m-scalar-0.062","Natural mortality","M scalar = 0.062","0.078","0.062",FALSE,13
2010,0.269173119596478,686.271,2549.5525,52.902079,0.275115007471105,"lorenzen-m-scalar-0.062","Natural mortality","M scalar = 0.062","0.078","0.062",FALSE,13
2011,0.261125050831491,669.42475,2563.6175,56.212342,0.397335853717486,"lorenzen-m-scalar-0.062","Natural mortality","M scalar = 0.062","0.078","0.062",FALSE,13
2012,0.252385935598947,648.76625,2570.5325,90.71859,0.349112750007339,"lorenzen-m-scalar-0.062","Natural mortality","M scalar = 0.062","0.078","0.062",FALSE,13
2013,0.243754323876483,617.47175,2533.1725,81.251616,0.332629488016979,"lorenzen-m-scalar-0.062","Natural mortality","M scalar = 0.062","0.078","0.062",FALSE,13
2014,0.243504300676278,618.50275,2540.0075,48.365846,0.389449477381058,"lorenzen-m-scalar-0.062","Natural mortality","M scalar = 0.062","0.078","0.062",FALSE,13
2015,0.247245630171278,647.171,2617.5225,64.689815,0.317649624889554,"lorenzen-m-scalar-0.062","Natural mortality","M scalar = 0.062","0.078","0.062",FALSE,13
2016,0.247711496583596,660.89675,2668.01,67.114761,0.439394444761016,"lorenzen-m-scalar-0.062","Natural mortality","M scalar = 0.062","0.078","0.062",FALSE,13
2017,0.245649724551441,650.8035,2649.315,66.804073,0.30934108205955,"lorenzen-m-scalar-0.062","Natural mortality","M scalar = 0.062","0.078","0.062",FALSE,13
2018,0.245081891507678,643.4815,2625.5775,50.555495,0.361290548246739,"lorenzen-m-scalar-0.062","Natural mortality","M scalar = 0.062","0.078","0.062",FALSE,13
2019,0.243186502874016,636.20325,2616.1125,54.85411,0.24818413672066,"lorenzen-m-scalar-0.062","Natural mortality","M scalar = 0.062","0.078","0.062",FALSE,13
2020,0.242708944641239,630.70225,2598.595,62.820705,0.395646987484468,"lorenzen-m-scalar-0.062","Natural mortality","M scalar = 0.062","0.078","0.062",FALSE,13
2021,0.245206561497645,626.2925,2554.1425,54.07796,0.372971313062343,"lorenzen-m-scalar-0.062","Natural mortality","M scalar = 0.062","0.078","0.062",FALSE,13
2022,0.245544624481754,616.23475,2509.665,50.946613,0.519915494020763,"lorenzen-m-scalar-0.062","Natural mortality","M scalar = 0.062","0.078","0.062",FALSE,13
2023,0.240713016910253,590.4925,2453.0975,64.230471,0.519844548268388,"lorenzen-m-scalar-0.062","Natural mortality","M scalar = 0.062","0.078","0.062",FALSE,13
2024,0.226359471537868,544.244,2404.335,55.994032,0.388155581473786,"lorenzen-m-scalar-0.062","Natural mortality","M scalar = 0.062","0.078","0.062",FALSE,13
1952,0.992655678635038,1206.6375,1215.565,202.34735,0.00632932141694389,"lorenzen-m-scalar-0.1","Natural mortality","M scalar = 0.1","0.078","0.1",FALSE,14
1953,0.970964591803932,1200.605,1236.5075,184.727746,0.00590346105752776,"lorenzen-m-scalar-0.1","Natural mortality","M scalar = 0.1","0.078","0.1",FALSE,14
1954,0.960251764790482,1201.8175,1251.565,240.168785,0.00405635094428231,"lorenzen-m-scalar-0.1","Natural mortality","M scalar = 0.1","0.078","0.1",FALSE,14
1955,0.952752431211282,1214.595,1274.8275,243.779337,0.00612705026967453,"lorenzen-m-scalar-0.1","Natural mortality","M scalar = 0.1","0.078","0.1",FALSE,14
1956,0.942046893470186,1231.26,1307.005,128.219097,0.00884657883480025,"lorenzen-m-scalar-0.1","Natural mortality","M scalar = 0.1","0.078","0.1",FALSE,14
1957,0.932212603871863,1290.385,1384.2175,100.970846,0.0138995928680904,"lorenzen-m-scalar-0.1","Natural mortality","M scalar = 0.1","0.078","0.1",FALSE,14
1958,0.909662297360993,1239.9675,1363.1075,259.004411,0.0168109964973233,"lorenzen-m-scalar-0.1","Natural mortality","M scalar = 0.1","0.078","0.1",FALSE,14
1959,0.879300423651503,1096.3975,1246.8975,72.545184,0.0125670880653294,"lorenzen-m-scalar-0.1","Natural mortality","M scalar = 0.1","0.078","0.1",FALSE,14
1960,0.856196152001891,968.6725,1131.3675,174.821771,0.0119395727819503,"lorenzen-m-scalar-0.1","Natural mortality","M scalar = 0.1","0.078","0.1",FALSE,14
1961,0.851143241425689,949.2375,1115.25,85.523702,0.0127839486227049,"lorenzen-m-scalar-0.1","Natural mortality","M scalar = 0.1","0.078","0.1",FALSE,14
1962,0.842820282170249,890.1025,1056.1,159.093201,0.0103252356744,"lorenzen-m-scalar-0.1","Natural mortality","M scalar = 0.1","0.078","0.1",FALSE,14
1963,0.834291292697262,837.52,1003.87,161.808885,0.0127760078510427,"lorenzen-m-scalar-0.1","Natural mortality","M scalar = 0.1","0.078","0.1",FALSE,14
1964,0.822554238000016,778.4715,946.4075,95.2011591,0.00967211692325216,"lorenzen-m-scalar-0.1","Natural mortality","M scalar = 0.1","0.078","0.1",FALSE,14
1965,0.832047987913674,768.27775,923.3575,91.3654268,0.0117689811163738,"lorenzen-m-scalar-0.1","Natural mortality","M scalar = 0.1","0.078","0.1",FALSE,14
1966,0.839762724420429,770.835,917.92,214.715254,0.00987154416704732,"lorenzen-m-scalar-0.1","Natural mortality","M scalar = 0.1","0.078","0.1",FALSE,14
1967,0.83371221205788,730.00675,875.61,68.819907,0.0140814922481705,"lorenzen-m-scalar-0.1","Natural mortality","M scalar = 0.1","0.078","0.1",FALSE,14
1968,0.831556043075801,695.5405,836.4325,123.5050558,0.011299736682176,"lorenzen-m-scalar-0.1","Natural mortality","M scalar = 0.1","0.078","0.1",FALSE,14
1969,0.837557011532281,708.84125,846.32,158.9122237,0.0119451444179034,"lorenzen-m-scalar-0.1","Natural mortality","M scalar = 0.1","0.078","0.1",FALSE,14
1970,0.832334999953904,677.12325,813.5225,85.030373,0.0262553191820989,"lorenzen-m-scalar-0.1","Natural mortality","M scalar = 0.1","0.078","0.1",FALSE,14
1971,0.831319079742469,662.06875,796.4075,98.509949,0.0262442772420342,"lorenzen-m-scalar-0.1","Natural mortality","M scalar = 0.1","0.078","0.1",FALSE,14
1972,0.827248476557642,665.1905,804.1,97.48471,0.0326233564250642,"lorenzen-m-scalar-0.1","Natural mortality","M scalar = 0.1","0.078","0.1",FALSE,14
1973,0.805076613883106,612.89275,761.285,138.574701,0.0210883623675279,"lorenzen-m-scalar-0.1","Natural mortality","M scalar = 0.1","0.078","0.1",FALSE,14
1974,0.796343323393429,582.17475,731.06,77.97482,0.0362951089239266,"lorenzen-m-scalar-0.1","Natural mortality","M scalar = 0.1","0.078","0.1",FALSE,14
1975,0.786934863138091,573.044,728.1975,195.864502,0.0267737226583543,"lorenzen-m-scalar-0.1","Natural mortality","M scalar = 0.1","0.078","0.1",FALSE,14
1976,0.762216133929301,541.25425,710.106,88.516458,0.035599360816661,"lorenzen-m-scalar-0.1","Natural mortality","M scalar = 0.1","0.078","0.1",FALSE,14
1977,0.747734779748362,545.56225,729.62,146.52357,0.0436099918697285,"lorenzen-m-scalar-0.1","Natural mortality","M scalar = 0.1","0.078","0.1",FALSE,14
1978,0.744824608848081,571.49275,767.285,19.722664,0.0379352405687507,"lorenzen-m-scalar-0.1","Natural mortality","M scalar = 0.1","0.078","0.1",FALSE,14
1979,0.730631991949732,557.2585,762.7075,108.690992,0.0451182306703834,"lorenzen-m-scalar-0.1","Natural mortality","M scalar = 0.1","0.078","0.1",FALSE,14
1980,0.703404121272239,524.74475,746.0075,120.527056,0.0369260743818512,"lorenzen-m-scalar-0.1","Natural mortality","M scalar = 0.1","0.078","0.1",FALSE,14
1981,0.680671487227935,468.319,688.025,162.059485,0.0576588241170792,"lorenzen-m-scalar-0.1","Natural mortality","M scalar = 0.1","0.078","0.1",FALSE,14
1982,0.676131741290545,450.45925,666.23,146.415852,0.064960233930802,"lorenzen-m-scalar-0.1","Natural mortality","M scalar = 0.1","0.078","0.1",FALSE,14
1983,0.678130529332373,468.53225,690.9175,112.343309,0.0894694261416063,"lorenzen-m-scalar-0.1","Natural mortality","M scalar = 0.1","0.078","0.1",FALSE,14
1984,0.683294745568462,517.208,756.9325,163.536511,0.0957629329045282,"lorenzen-m-scalar-0.1","Natural mortality","M scalar = 0.1","0.078","0.1",FALSE,14
1985,0.665258269989177,534.74125,803.81,126.0719451,0.0920546373709898,"lorenzen-m-scalar-0.1","Natural mortality","M scalar = 0.1","0.078","0.1",FALSE,14
1986,0.641527177797806,516.0605,804.425,109.238994,0.0988025995928958,"lorenzen-m-scalar-0.1","Natural mortality","M scalar = 0.1","0.078","0.1",FALSE,14
1987,0.629061885440877,518.9965,825.0325,239.248265,0.101084416498289,"lorenzen-m-scalar-0.1","Natural mortality","M scalar = 0.1","0.078","0.1",FALSE,14
1988,0.613015748031496,525.50775,857.25,153.440429,0.0891736602020196,"lorenzen-m-scalar-0.1","Natural mortality","M scalar = 0.1","0.078","0.1",FALSE,14
1989,0.603839519193262,522.4495,865.2125,148.030636,0.0850529015674425,"lorenzen-m-scalar-0.1","Natural mortality","M scalar = 0.1","0.078","0.1",FALSE,14
1990,0.6032381227005,564.839,936.345,128.530311,0.118522780632523,"lorenzen-m-scalar-0.1","Natural mortality","M scalar = 0.1","0.078","0.1",FALSE,14
1991,0.594518691278086,581.1985,977.595,186.3301,0.137817453497768,"lorenzen-m-scalar-0.1","Natural mortality","M scalar = 0.1","0.078","0.1",FALSE,14
1992,0.576443599809448,565.69725,981.3575,135.76624,0.142428818985428,"lorenzen-m-scalar-0.1","Natural mortality","M scalar = 0.1","0.078","0.1",FALSE,14
1993,0.545542837866462,521.5485,956.0175,127.539464,0.118142293773594,"lorenzen-m-scalar-0.1","Natural mortality","M scalar = 0.1","0.078","0.1",FALSE,14
1994,0.525583934369665,510.2855,970.8925,207.454847,0.117968199553956,"lorenzen-m-scalar-0.1","Natural mortality","M scalar = 0.1","0.078","0.1",FALSE,14
1995,0.5000388384708,482.80625,965.5375,71.978857,0.123025877267907,"lorenzen-m-scalar-0.1","Natural mortality","M scalar = 0.1","0.078","0.1",FALSE,14
1996,0.49920194665104,474.9295,951.3775,212.82769,0.127612146531056,"lorenzen-m-scalar-0.1","Natural mortality","M scalar = 0.1","0.078","0.1",FALSE,14
1997,0.521296275062872,511.47375,981.1575,78.217733,0.199238906063126,"lorenzen-m-scalar-0.1","Natural mortality","M scalar = 0.1","0.078","0.1",FALSE,14
1998,0.500734209267087,502.2965,1003.12,197.623232,0.178716167842141,"lorenzen-m-scalar-0.1","Natural mortality","M scalar = 0.1","0.078","0.1",FALSE,14
1999,0.469814990488523,468.01325,996.165,170.090368,0.26956652689746,"lorenzen-m-scalar-0.1","Natural mortality","M scalar = 0.1","0.078","0.1",FALSE,14
2000,0.432163644759744,425.813,985.305,204.666435,0.209249655449298,"lorenzen-m-scalar-0.1","Natural mortality","M scalar = 0.1","0.078","0.1",FALSE,14
2001,0.408854326633957,396.0255,968.6225,110.659109,0.182800646813625,"lorenzen-m-scalar-0.1","Natural mortality","M scalar = 0.1","0.078","0.1",FALSE,14
2002,0.402446949336115,401.304,997.16,177.828675,0.154793388526244,"lorenzen-m-scalar-0.1","Natural mortality","M scalar = 0.1","0.078","0.1",FALSE,14
2003,0.389383190592305,405.20675,1040.6375,127.397368,0.200105908196749,"lorenzen-m-scalar-0.1","Natural mortality","M scalar = 0.1","0.078","0.1",FALSE,14
2004,0.382379291292089,403.1205,1054.2425,206.197672,0.188749112369754,"lorenzen-m-scalar-0.1","Natural mortality","M scalar = 0.1","0.078","0.1",FALSE,14
2005,0.357168280404182,372.29525,1042.3525,127.566512,0.205234077630538,"lorenzen-m-scalar-0.1","Natural mortality","M scalar = 0.1","0.078","0.1",FALSE,14
2006,0.354085647870785,369.391,1043.225,134.332442,0.206208155722975,"lorenzen-m-scalar-0.1","Natural mortality","M scalar = 0.1","0.078","0.1",FALSE,14
2007,0.349350907264023,369.41675,1057.4375,149.762085,0.237997847138675,"lorenzen-m-scalar-0.1","Natural mortality","M scalar = 0.1","0.078","0.1",FALSE,14
2008,0.337664913360386,351.15125,1039.94,147.272808,0.298821861331042,"lorenzen-m-scalar-0.1","Natural mortality","M scalar = 0.1","0.078","0.1",FALSE,14
2009,0.321335816287917,322.679,1004.18,162.90616,0.204971334336117,"lorenzen-m-scalar-0.1","Natural mortality","M scalar = 0.1","0.078","0.1",FALSE,14
2010,0.307154079284795,303.029,986.57,113.458474,0.188223726590245,"lorenzen-m-scalar-0.1","Natural mortality","M scalar = 0.1","0.078","0.1",FALSE,14
2011,0.311944666067443,308.87825,990.17,130.123425,0.247859594491613,"lorenzen-m-scalar-0.1","Natural mortality","M scalar = 0.1","0.078","0.1",FALSE,14
2012,0.304580941213496,300.01375,985.005,209.480782,0.209457804814451,"lorenzen-m-scalar-0.1","Natural mortality","M scalar = 0.1","0.078","0.1",FALSE,14
2013,0.294285452474768,281.0095,954.8875,174.167741,0.213885471792487,"lorenzen-m-scalar-0.1","Natural mortality","M scalar = 0.1","0.078","0.1",FALSE,14
2014,0.305516437687174,295.5925,967.5175,107.363873,0.277245374081261,"lorenzen-m-scalar-0.1","Natural mortality","M scalar = 0.1","0.078","0.1",FALSE,14
2015,0.318963585297111,325.92975,1021.84,145.035991,0.224253498837307,"lorenzen-m-scalar-0.1","Natural mortality","M scalar = 0.1","0.078","0.1",FALSE,14
2016,0.318322605821763,330.36475,1037.83,148.531634,0.310288907957048,"lorenzen-m-scalar-0.1","Natural mortality","M scalar = 0.1","0.078","0.1",FALSE,14
2017,0.311519654033466,314.071,1008.19,156.522173,0.197471281560325,"lorenzen-m-scalar-0.1","Natural mortality","M scalar = 0.1","0.078","0.1",FALSE,14
2018,0.308503902279519,304.272,986.2825,124.881395,0.232476957440961,"lorenzen-m-scalar-0.1","Natural mortality","M scalar = 0.1","0.078","0.1",FALSE,14
2019,0.307405466460436,302.0935,982.72,140.479379,0.161993377689238,"lorenzen-m-scalar-0.1","Natural mortality","M scalar = 0.1","0.078","0.1",FALSE,14
2020,0.314455490975834,308.3865,980.7,125.715056,0.292159389232948,"lorenzen-m-scalar-0.1","Natural mortality","M scalar = 0.1","0.078","0.1",FALSE,14
2021,0.327065989847716,318.133,972.6875,126.014227,0.275511767570321,"lorenzen-m-scalar-0.1","Natural mortality","M scalar = 0.1","0.078","0.1",FALSE,14
2022,0.327995330463514,314.682,959.41,92.124978,0.382373478197142,"lorenzen-m-scalar-0.1","Natural mortality","M scalar = 0.1","0.078","0.1",FALSE,14
2023,0.313336829463136,288.29025,920.065,150.844278,0.369174369274956,"lorenzen-m-scalar-0.1","Natural mortality","M scalar = 0.1","0.078","0.1",FALSE,14
2024,0.28194027447868,249.5545,885.1325,143.06068,0.261933914067841,"lorenzen-m-scalar-0.1","Natural mortality","M scalar = 0.1","0.078","0.1",FALSE,14
1952,0.995213271136904,1896.6675,1905.79,120.83927,0.00767710811705736,"effort-creep-high","Effort creep","2.5% / 1.25%","1% / 0.5%","2.5% / 1.25%",FALSE,15
1953,0.980273183875338,1913.655,1952.165,107.352245,0.0076655642769879,"effort-creep-high","Effort creep","2.5% / 1.25%","1% / 0.5%","2.5% / 1.25%",FALSE,15
1954,0.971116706534055,1928.395,1985.75,128.074047,0.0059886797269078,"effort-creep-high","Effort creep","2.5% / 1.25%","1% / 0.5%","2.5% / 1.25%",FALSE,15
1955,0.963200948458817,1925.47,1999.0325,120.419574,0.00816433482103883,"effort-creep-high","Effort creep","2.5% / 1.25%","1% / 0.5%","2.5% / 1.25%",FALSE,15
1956,0.952401872984045,1902.2775,1997.3475,71.7444527,0.0107164180811412,"effort-creep-high","Effort creep","2.5% / 1.25%","1% / 0.5%","2.5% / 1.25%",FALSE,15
1957,0.942142480236746,1937.2475,2056.215,53.5121279,0.0155982757056333,"effort-creep-high","Effort creep","2.5% / 1.25%","1% / 0.5%","2.5% / 1.25%",FALSE,15
1958,0.924091511960703,1886.415,2041.3725,110.600168,0.0208286429702918,"effort-creep-high","Effort creep","2.5% / 1.25%","1% / 0.5%","2.5% / 1.25%",FALSE,15
1959,0.90054603353368,1727.1775,1917.9225,55.332898,0.0154100178884521,"effort-creep-high","Effort creep","2.5% / 1.25%","1% / 0.5%","2.5% / 1.25%",FALSE,15
1960,0.880928422413207,1553.9225,1763.96,67.364774,0.0184998771663292,"effort-creep-high","Effort creep","2.5% / 1.25%","1% / 0.5%","2.5% / 1.25%",FALSE,15
1961,0.870394503369867,1477.7275,1697.7675,67.3883526,0.0157742702346009,"effort-creep-high","Effort creep","2.5% / 1.25%","1% / 0.5%","2.5% / 1.25%",FALSE,15
1962,0.859659852560022,1373.975,1598.2775,72.887782,0.0149826287811498,"effort-creep-high","Effort creep","2.5% / 1.25%","1% / 0.5%","2.5% / 1.25%",FALSE,15
1963,0.849531226747358,1284.4275,1511.925,77.635371,0.0181611398900038,"effort-creep-high","Effort creep","2.5% / 1.25%","1% / 0.5%","2.5% / 1.25%",FALSE,15
1964,0.837413248656399,1190.0375,1421.0875,58.4003166,0.0129646396793979,"effort-creep-high","Effort creep","2.5% / 1.25%","1% / 0.5%","2.5% / 1.25%",FALSE,15
1965,0.839752825713165,1145.2675,1363.815,48.6375431,0.0150447067334332,"effort-creep-high","Effort creep","2.5% / 1.25%","1% / 0.5%","2.5% / 1.25%",FALSE,15
1966,0.84266521034961,1122.5375,1332.1275,94.742182,0.0145543885155774,"effort-creep-high","Effort creep","2.5% / 1.25%","1% / 0.5%","2.5% / 1.25%",FALSE,15
1967,0.837546798106884,1067.11,1274.09,39.316378,0.0186706063865651,"effort-creep-high","Effort creep","2.5% / 1.25%","1% / 0.5%","2.5% / 1.25%",FALSE,15
1968,0.833648518081144,1009.49,1210.93,59.428436,0.0152895675096844,"effort-creep-high","Effort creep","2.5% / 1.25%","1% / 0.5%","2.5% / 1.25%",FALSE,15
1969,0.835358670587842,999.8575,1196.92,64.4138387,0.0181682193259789,"effort-creep-high","Effort creep","2.5% / 1.25%","1% / 0.5%","2.5% / 1.25%",FALSE,15
1970,0.830107610882175,956.34,1152.0675,58.6399246,0.0280590676410724,"effort-creep-high","Effort creep","2.5% / 1.25%","1% / 0.5%","2.5% / 1.25%",FALSE,15
1971,0.825745753488728,918.06,1111.795,41.3109737,0.0322299175996044,"effort-creep-high","Effort creep","2.5% / 1.25%","1% / 0.5%","2.5% / 1.25%",FALSE,15
1972,0.82009578926362,904.09,1102.42,44.129041,0.044080895089557,"effort-creep-high","Effort creep","2.5% / 1.25%","1% / 0.5%","2.5% / 1.25%",FALSE,15
1973,0.801122814344119,844.065,1053.6025,68.122878,0.0279004768599744,"effort-creep-high","Effort creep","2.5% / 1.25%","1% / 0.5%","2.5% / 1.25%",FALSE,15
1974,0.788462733884503,792.75,1005.4375,31.6494506,0.0440933757936131,"effort-creep-high","Effort creep","2.5% / 1.25%","1% / 0.5%","2.5% / 1.25%",FALSE,15
1975,0.77438028341569,758.49,979.48,98.544416,0.0397449126309966,"effort-creep-high","Effort creep","2.5% / 1.25%","1% / 0.5%","2.5% / 1.25%",FALSE,15
1976,0.749521867473535,710.32,947.6975,33.806102,0.0491799264226731,"effort-creep-high","Effort creep","2.5% / 1.25%","1% / 0.5%","2.5% / 1.25%",FALSE,15
1977,0.729833893857202,693.88775,950.7475,77.5927764,0.0605146868282211,"effort-creep-high","Effort creep","2.5% / 1.25%","1% / 0.5%","2.5% / 1.25%",FALSE,15
1978,0.720570991069362,708.215,982.8525,9.6965018,0.0493207740219332,"effort-creep-high","Effort creep","2.5% / 1.25%","1% / 0.5%","2.5% / 1.25%",FALSE,15
1979,0.703756890863009,690.009,980.465,41.0520018,0.0631929020946044,"effort-creep-high","Effort creep","2.5% / 1.25%","1% / 0.5%","2.5% / 1.25%",FALSE,15
1980,0.678787168919562,659.20925,971.1575,59.876374,0.0540637246200807,"effort-creep-high","Effort creep","2.5% / 1.25%","1% / 0.5%","2.5% / 1.25%",FALSE,15
1981,0.656461447839912,601.80775,916.745,74.29524,0.0799059372667537,"effort-creep-high","Effort creep","2.5% / 1.25%","1% / 0.5%","2.5% / 1.25%",FALSE,15
1982,0.643848683838738,569.658,884.77,77.1609337,0.0976256496174636,"effort-creep-high","Effort creep","2.5% / 1.25%","1% / 0.5%","2.5% / 1.25%",FALSE,15
1983,0.634753524664278,568.63125,895.83,63.325822,0.118311926281543,"effort-creep-high","Effort creep","2.5% / 1.25%","1% / 0.5%","2.5% / 1.25%",FALSE,15
1984,0.628615106645744,601.89425,957.4925,62.3007919,0.134266044568376,"effort-creep-high","Effort creep","2.5% / 1.25%","1% / 0.5%","2.5% / 1.25%",FALSE,15
1985,0.607293760602465,619.32425,1019.81,74.4660943,0.126681554371937,"effort-creep-high","Effort creep","2.5% / 1.25%","1% / 0.5%","2.5% / 1.25%",FALSE,15
1986,0.581463343023816,604.03575,1038.82,56.370857,0.141089580369723,"effort-creep-high","Effort creep","2.5% / 1.25%","1% / 0.5%","2.5% / 1.25%",FALSE,15
1987,0.563708185620021,601.8515,1067.665,96.8713062,0.152013396925415,"effort-creep-high","Effort creep","2.5% / 1.25%","1% / 0.5%","2.5% / 1.25%",FALSE,15
1988,0.542700857692981,604.58775,1114.035,87.074435,0.136268244743601,"effort-creep-high","Effort creep","2.5% / 1.25%","1% / 0.5%","2.5% / 1.25%",FALSE,15
1989,0.527640815644326,599.80625,1136.77,78.65265,0.121601219114086,"effort-creep-high","Effort creep","2.5% / 1.25%","1% / 0.5%","2.5% / 1.25%",FALSE,15
1990,0.519989129964858,631.4475,1214.3475,73.595637,0.164997355641408,"effort-creep-high","Effort creep","2.5% / 1.25%","1% / 0.5%","2.5% / 1.25%",FALSE,15
1991,0.508597096819139,647.926,1273.9475,70.1205577,0.194286220066612,"effort-creep-high","Effort creep","2.5% / 1.25%","1% / 0.5%","2.5% / 1.25%",FALSE,15
1992,0.49021231426588,637.314,1300.0775,92.824411,0.218296832290284,"effort-creep-high","Effort creep","2.5% / 1.25%","1% / 0.5%","2.5% / 1.25%",FALSE,15
1993,0.461079785271511,596.726,1294.1925,53.004965,0.180441764221062,"effort-creep-high","Effort creep","2.5% / 1.25%","1% / 0.5%","2.5% / 1.25%",FALSE,15
1994,0.43650928547746,572.698,1311.995,104.5074,0.178000259313979,"effort-creep-high","Effort creep","2.5% / 1.25%","1% / 0.5%","2.5% / 1.25%",FALSE,15
1995,0.409305991901916,541.3215,1322.535,38.887773,0.175721198673235,"effort-creep-high","Effort creep","2.5% / 1.25%","1% / 0.5%","2.5% / 1.25%",FALSE,15
1996,0.400163045974372,522.765,1306.38,115.00432,0.193745923555092,"effort-creep-high","Effort creep","2.5% / 1.25%","1% / 0.5%","2.5% / 1.25%",FALSE,15
1997,0.413765729245841,551.1825,1332.1125,43.705285,0.272280562453275,"effort-creep-high","Effort creep","2.5% / 1.25%","1% / 0.5%","2.5% / 1.25%",FALSE,15
1998,0.396843024066074,541.028,1363.33,111.344533,0.255842423175034,"effort-creep-high","Effort creep","2.5% / 1.25%","1% / 0.5%","2.5% / 1.25%",FALSE,15
1999,0.370656284760845,512.32575,1382.2125,75.213111,0.401817189717702,"effort-creep-high","Effort creep","2.5% / 1.25%","1% / 0.5%","2.5% / 1.25%",FALSE,15
2000,0.338177308470007,470.3835,1390.9375,118.872643,0.319002235998888,"effort-creep-high","Effort creep","2.5% / 1.25%","1% / 0.5%","2.5% / 1.25%",FALSE,15
2001,0.313488227905035,437.36075,1395.1425,54.817745,0.276668339705115,"effort-creep-high","Effort creep","2.5% / 1.25%","1% / 0.5%","2.5% / 1.25%",FALSE,15
2002,0.29791858839972,426.3215,1431,97.019276,0.246993303257548,"effort-creep-high","Effort creep","2.5% / 1.25%","1% / 0.5%","2.5% / 1.25%",FALSE,15
2003,0.280835503519653,417.6045,1487.0075,66.442413,0.302834369757954,"effort-creep-high","Effort creep","2.5% / 1.25%","1% / 0.5%","2.5% / 1.25%",FALSE,15
2004,0.270397338179822,408.7725,1511.7475,111.401001,0.325399568600444,"effort-creep-high","Effort creep","2.5% / 1.25%","1% / 0.5%","2.5% / 1.25%",FALSE,15
2005,0.247132161727925,373.00275,1509.325,68.548246,0.330044800729241,"effort-creep-high","Effort creep","2.5% / 1.25%","1% / 0.5%","2.5% / 1.25%",FALSE,15
2006,0.239880422673549,363.901,1517.01,78.883313,0.330433673025551,"effort-creep-high","Effort creep","2.5% / 1.25%","1% / 0.5%","2.5% / 1.25%",FALSE,15
2007,0.232885061418057,359.46275,1543.52,85.263888,0.37512413433497,"effort-creep-high","Effort creep","2.5% / 1.25%","1% / 0.5%","2.5% / 1.25%",FALSE,15
2008,0.222930074457753,344.3155,1544.5,83.498559,0.495927238454245,"effort-creep-high","Effort creep","2.5% / 1.25%","1% / 0.5%","2.5% / 1.25%",FALSE,15
2009,0.209976695113868,319.17875,1520.0675,90.296247,0.366704350216237,"effort-creep-high","Effort creep","2.5% / 1.25%","1% / 0.5%","2.5% / 1.25%",FALSE,15
2010,0.195012860014282,294.94525,1512.44,66.445665,0.285040002235415,"effort-creep-high","Effort creep","2.5% / 1.25%","1% / 0.5%","2.5% / 1.25%",FALSE,15
2011,0.19257084361504,294.40375,1528.8075,72.027086,0.412284337239669,"effort-creep-high","Effort creep","2.5% / 1.25%","1% / 0.5%","2.5% / 1.25%",FALSE,15
2012,0.186127435087416,285.6065,1534.4675,108.645876,0.357758237384681,"effort-creep-high","Effort creep","2.5% / 1.25%","1% / 0.5%","2.5% / 1.25%",FALSE,15
2013,0.177691370686422,267.6805,1506.435,101.8153,0.336561560778498,"effort-creep-high","Effort creep","2.5% / 1.25%","1% / 0.5%","2.5% / 1.25%",FALSE,15
2014,0.180676932504423,274.20525,1517.655,60.340076,0.41330373578369,"effort-creep-high","Effort creep","2.5% / 1.25%","1% / 0.5%","2.5% / 1.25%",FALSE,15
2015,0.186592267280113,294.437,1577.97,81.488766,0.336034424440236,"effort-creep-high","Effort creep","2.5% / 1.25%","1% / 0.5%","2.5% / 1.25%",FALSE,15
2016,0.18752152304771,301.94575,1610.1925,81.961239,0.467038541973218,"effort-creep-high","Effort creep","2.5% / 1.25%","1% / 0.5%","2.5% / 1.25%",FALSE,15
2017,0.184805489613309,293.48775,1588.09,86.145826,0.319264648082511,"effort-creep-high","Effort creep","2.5% / 1.25%","1% / 0.5%","2.5% / 1.25%",FALSE,15
2018,0.184312578126993,288.99475,1567.96,66.218214,0.371494115213824,"effort-creep-high","Effort creep","2.5% / 1.25%","1% / 0.5%","2.5% / 1.25%",FALSE,15
2019,0.182948101874099,285.53625,1560.75,71.37141,0.263281352812438,"effort-creep-high","Effort creep","2.5% / 1.25%","1% / 0.5%","2.5% / 1.25%",FALSE,15
2020,0.185944966540236,288.63075,1552.2375,81.157846,0.425164260125207,"effort-creep-high","Effort creep","2.5% / 1.25%","1% / 0.5%","2.5% / 1.25%",FALSE,15
2021,0.19229737180966,293.82125,1527.9525,71.780493,0.427162682567358,"effort-creep-high","Effort creep","2.5% / 1.25%","1% / 0.5%","2.5% / 1.25%",FALSE,15
2022,0.194547599805508,293.0845,1506.4925,58.293207,0.577205089481984,"effort-creep-high","Effort creep","2.5% / 1.25%","1% / 0.5%","2.5% / 1.25%",FALSE,15
2023,0.187933768014723,276.48675,1471.1925,82.76714,0.547175802502798,"effort-creep-high","Effort creep","2.5% / 1.25%","1% / 0.5%","2.5% / 1.25%",FALSE,15
2024,0.16540778864597,238.2265,1440.2375,74.536494,0.414871182236507,"effort-creep-high","Effort creep","2.5% / 1.25%","1% / 0.5%","2.5% / 1.25%",FALSE,15
1952,0.995290136138508,1751.3175,1759.605,130.751515,0.00782683563316629,"regional-scaling-whole-period","Regional scaling","Whole-period scaling","Current 5-year window","periods 3-292",FALSE,16
1953,0.980099116700984,1769.5175,1805.4475,107.744079,0.00745384912822716,"regional-scaling-whole-period","Regional scaling","Whole-period scaling","Current 5-year window","periods 3-292",FALSE,16
1954,0.9703799229772,1785.2225,1839.715,144.141728,0.00524764164781405,"regional-scaling-whole-period","Regional scaling","Whole-period scaling","Current 5-year window","periods 3-292",FALSE,16
1955,0.962626414973459,1803.045,1873.0475,141.083611,0.00807302000641028,"regional-scaling-whole-period","Regional scaling","Whole-period scaling","Current 5-year window","periods 3-292",FALSE,16
1956,0.952138271031184,1802.9,1893.5275,82.894433,0.0102688359600542,"regional-scaling-whole-period","Regional scaling","Whole-period scaling","Current 5-year window","periods 3-292",FALSE,16
1957,0.941156709793037,1842.0625,1957.2325,55.890625,0.0157438743537129,"regional-scaling-whole-period","Regional scaling","Whole-period scaling","Current 5-year window","periods 3-292",FALSE,16
1958,0.921980143444233,1789.7225,1941.1725,143.241194,0.0207052853680446,"regional-scaling-whole-period","Regional scaling","Whole-period scaling","Current 5-year window","periods 3-292",FALSE,16
1959,0.896947403699817,1632.525,1820.09,53.034878,0.0153228531639266,"regional-scaling-whole-period","Regional scaling","Whole-period scaling","Current 5-year window","periods 3-292",FALSE,16
1960,0.876931712720414,1464.6075,1670.15,97.7099237,0.0154818726628373,"regional-scaling-whole-period","Regional scaling","Whole-period scaling","Current 5-year window","periods 3-292",FALSE,16
1961,0.867326427663753,1407.725,1623.0625,57.7977201,0.0157063175535001,"regional-scaling-whole-period","Regional scaling","Whole-period scaling","Current 5-year window","periods 3-292",FALSE,16
1962,0.857235757627719,1324.8,1545.4325,92.262822,0.0133456131702384,"regional-scaling-whole-period","Regional scaling","Whole-period scaling","Current 5-year window","periods 3-292",FALSE,16
1963,0.846719485862931,1245.0375,1470.425,72.381771,0.0180764767199855,"regional-scaling-whole-period","Regional scaling","Whole-period scaling","Current 5-year window","periods 3-292",FALSE,16
1964,0.83404515388124,1156.5725,1386.7025,67.9341268,0.0125187504155389,"regional-scaling-whole-period","Regional scaling","Whole-period scaling","Current 5-year window","periods 3-292",FALSE,16
1965,0.834947739265898,1106.7775,1325.565,51.2332169,0.0147946465929564,"regional-scaling-whole-period","Regional scaling","Whole-period scaling","Current 5-year window","periods 3-292",FALSE,16
1966,0.836143114915882,1073.9025,1284.3525,116.976097,0.0132100898790761,"regional-scaling-whole-period","Regional scaling","Whole-period scaling","Current 5-year window","periods 3-292",FALSE,16
1967,0.830161598219663,1016.5225,1224.4875,30.231474,0.0195367517114705,"regional-scaling-whole-period","Regional scaling","Whole-period scaling","Current 5-year window","periods 3-292",FALSE,16
1968,0.825951929703653,958.765,1160.8,66.130617,0.0146873305747111,"regional-scaling-whole-period","Regional scaling","Whole-period scaling","Current 5-year window","periods 3-292",FALSE,16
1969,0.82755848049048,946.88,1144.185,89.0996032,0.0162980399283942,"regional-scaling-whole-period","Regional scaling","Whole-period scaling","Current 5-year window","periods 3-292",FALSE,16
1970,0.822695244419564,907.4925,1103.0725,59.643973,0.0273368413793898,"regional-scaling-whole-period","Regional scaling","Whole-period scaling","Current 5-year window","periods 3-292",FALSE,16
1971,0.820157753295252,881.22875,1074.4625,54.281194,0.0308315845974616,"regional-scaling-whole-period","Regional scaling","Whole-period scaling","Current 5-year window","periods 3-292",FALSE,16
1972,0.816404513671395,879.76975,1077.615,62.135445,0.039159455624191,"regional-scaling-whole-period","Regional scaling","Whole-period scaling","Current 5-year window","periods 3-292",FALSE,16
1973,0.799763974827183,832.71625,1041.2025,77.789025,0.0247214081413616,"regional-scaling-whole-period","Regional scaling","Whole-period scaling","Current 5-year window","periods 3-292",FALSE,16
1974,0.788906138338145,790.964,1002.6085,42.277727,0.0402517453480715,"regional-scaling-whole-period","Regional scaling","Whole-period scaling","Current 5-year window","periods 3-292",FALSE,16
1975,0.777729322700713,769.97925,990.035,120.476964,0.0338496230306056,"regional-scaling-whole-period","Regional scaling","Whole-period scaling","Current 5-year window","periods 3-292",FALSE,16
1976,0.756945939403928,734.88475,970.855,59.451988,0.0410275082913419,"regional-scaling-whole-period","Regional scaling","Whole-period scaling","Current 5-year window","periods 3-292",FALSE,16
1977,0.741016878738059,731.304,986.8925,86.0176317,0.0518394855681581,"regional-scaling-whole-period","Regional scaling","Whole-period scaling","Current 5-year window","periods 3-292",FALSE,16
1978,0.734559855915873,758.602,1032.73,16.596957,0.0424744836182784,"regional-scaling-whole-period","Regional scaling","Whole-period scaling","Current 5-year window","periods 3-292",FALSE,16
1979,0.721894922961554,753.2775,1043.4725,66.649116,0.0514462407724798,"regional-scaling-whole-period","Regional scaling","Whole-period scaling","Current 5-year window","periods 3-292",FALSE,16
1980,0.700724498746567,730.95025,1043.135,63.783474,0.0454734237157825,"regional-scaling-whole-period","Regional scaling","Whole-period scaling","Current 5-year window","periods 3-292",FALSE,16
1981,0.681818548092637,676.90775,992.7975,91.521077,0.0671954561361728,"regional-scaling-whole-period","Regional scaling","Whole-period scaling","Current 5-year window","periods 3-292",FALSE,16
1982,0.671960702289062,647.34275,963.364,100.924104,0.0805616437997246,"regional-scaling-whole-period","Regional scaling","Whole-period scaling","Current 5-year window","periods 3-292",FALSE,16
1983,0.66487949253544,648.9415,976.02875,74.9825,0.100085388131834,"regional-scaling-whole-period","Regional scaling","Whole-period scaling","Current 5-year window","periods 3-292",FALSE,16
1984,0.659653476644989,686.45025,1040.6225,83.6220996,0.112963839231854,"regional-scaling-whole-period","Regional scaling","Whole-period scaling","Current 5-year window","periods 3-292",FALSE,16
1985,0.640065352969396,707.125,1104.77,94.766929,0.109094277244659,"regional-scaling-whole-period","Regional scaling","Whole-period scaling","Current 5-year window","periods 3-292",FALSE,16
1986,0.616132734075053,691.2655,1121.9425,65.287358,0.118402053077117,"regional-scaling-whole-period","Regional scaling","Whole-period scaling","Current 5-year window","periods 3-292",FALSE,16
1987,0.598251076644953,688.32675,1150.565,130.4718902,0.123237875085217,"regional-scaling-whole-period","Regional scaling","Whole-period scaling","Current 5-year window","periods 3-292",FALSE,16
1988,0.578724380034355,694.041,1199.26,119.292215,0.114160173082324,"regional-scaling-whole-period","Regional scaling","Whole-period scaling","Current 5-year window","periods 3-292",FALSE,16
1989,0.565628175845478,691.54125,1222.6075,91.496326,0.107057037969116,"regional-scaling-whole-period","Regional scaling","Whole-period scaling","Current 5-year window","periods 3-292",FALSE,16
1990,0.559803228984489,733.00075,1309.39,88.257818,0.140534491195819,"regional-scaling-whole-period","Regional scaling","Whole-period scaling","Current 5-year window","periods 3-292",FALSE,16
1991,0.550341111151432,758.2875,1377.85,107.412354,0.158002795923909,"regional-scaling-whole-period","Regional scaling","Whole-period scaling","Current 5-year window","periods 3-292",FALSE,16
1992,0.534954966753801,755.66,1412.5675,107.064146,0.184314706428463,"regional-scaling-whole-period","Regional scaling","Whole-period scaling","Current 5-year window","periods 3-292",FALSE,16
1993,0.510501590451972,720.1965,1410.7625,74.800992,0.151511133342879,"regional-scaling-whole-period","Regional scaling","Whole-period scaling","Current 5-year window","periods 3-292",FALSE,16
1994,0.488838827371135,698.723,1429.3525,120.168644,0.1389274471687,"regional-scaling-whole-period","Regional scaling","Whole-period scaling","Current 5-year window","periods 3-292",FALSE,16
1995,0.464529142945999,672.15625,1446.9625,57.686926,0.143294429433824,"regional-scaling-whole-period","Regional scaling","Whole-period scaling","Current 5-year window","periods 3-292",FALSE,16
1996,0.456569728380843,654.0875,1432.6125,152.075267,0.150772406120706,"regional-scaling-whole-period","Regional scaling","Whole-period scaling","Current 5-year window","periods 3-292",FALSE,16
1997,0.469259980542452,686.132,1462.1575,79.215521,0.20776735150754,"regional-scaling-whole-period","Regional scaling","Whole-period scaling","Current 5-year window","periods 3-292",FALSE,16
1998,0.455377827635078,681.97725,1497.6075,108.36815,0.214518539767743,"regional-scaling-whole-period","Regional scaling","Whole-period scaling","Current 5-year window","periods 3-292",FALSE,16
1999,0.434478496794461,661.77375,1523.145,120.182373,0.306898518344467,"regional-scaling-whole-period","Regional scaling","Whole-period scaling","Current 5-year window","periods 3-292",FALSE,16
2000,0.40616471356825,621.71125,1530.6875,134.508153,0.251855261121434,"regional-scaling-whole-period","Regional scaling","Whole-period scaling","Current 5-year window","periods 3-292",FALSE,16
2001,0.38348708411573,585.62025,1527.0925,77.109651,0.222521652293498,"regional-scaling-whole-period","Regional scaling","Whole-period scaling","Current 5-year window","periods 3-292",FALSE,16
2002,0.369455474123387,577.58175,1563.3325,111.533973,0.20238858134636,"regional-scaling-whole-period","Regional scaling","Whole-period scaling","Current 5-year window","periods 3-292",FALSE,16
2003,0.352739844265378,572.1405,1621.99,95.524595,0.232569835902011,"regional-scaling-whole-period","Regional scaling","Whole-period scaling","Current 5-year window","periods 3-292",FALSE,16
2004,0.339937743238021,558.584,1643.195,132.62372,0.270171091438089,"regional-scaling-whole-period","Regional scaling","Whole-period scaling","Current 5-year window","periods 3-292",FALSE,16
2005,0.316868932966883,517.95475,1634.6025,83.517045,0.260095203965792,"regional-scaling-whole-period","Regional scaling","Whole-period scaling","Current 5-year window","periods 3-292",FALSE,16
2006,0.30842640507445,505.57025,1639.1925,92.493083,0.270993301261932,"regional-scaling-whole-period","Regional scaling","Whole-period scaling","Current 5-year window","periods 3-292",FALSE,16
2007,0.299300274585334,496.49875,1658.865,111.077583,0.301713247463642,"regional-scaling-whole-period","Regional scaling","Whole-period scaling","Current 5-year window","periods 3-292",FALSE,16
2008,0.28708543523409,472.0675,1644.345,100.710584,0.399724266922602,"regional-scaling-whole-period","Regional scaling","Whole-period scaling","Current 5-year window","periods 3-292",FALSE,16
2009,0.272463970419451,439.1765,1611.87,109.821098,0.301179146730388,"regional-scaling-whole-period","Regional scaling","Whole-period scaling","Current 5-year window","periods 3-292",FALSE,16
2010,0.255973327900708,408.35425,1595.3,82.352173,0.236798018969788,"regional-scaling-whole-period","Regional scaling","Whole-period scaling","Current 5-year window","periods 3-292",FALSE,16
2011,0.251106684442724,402.1235,1601.405,89.594629,0.332127931887107,"regional-scaling-whole-period","Regional scaling","Whole-period scaling","Current 5-year window","periods 3-292",FALSE,16
2012,0.242919486788499,389.505,1603.4325,139.113672,0.286279040370276,"regional-scaling-whole-period","Regional scaling","Whole-period scaling","Current 5-year window","periods 3-292",FALSE,16
2013,0.233526382399529,366.73275,1570.4125,125.08345,0.281472147458566,"regional-scaling-whole-period","Regional scaling","Whole-period scaling","Current 5-year window","periods 3-292",FALSE,16
2014,0.236564982387085,373.22325,1577.6775,76.506832,0.347009425339453,"regional-scaling-whole-period","Regional scaling","Whole-period scaling","Current 5-year window","periods 3-292",FALSE,16
2015,0.244020742080511,400.69975,1642.0725,101.065567,0.278474739755756,"regional-scaling-whole-period","Regional scaling","Whole-period scaling","Current 5-year window","periods 3-292",FALSE,16
2016,0.245140756906102,411.69,1679.4025,99.87906,0.388509756969656,"regional-scaling-whole-period","Regional scaling","Whole-period scaling","Current 5-year window","periods 3-292",FALSE,16
2017,0.242061879598844,401.50925,1658.705,103.647288,0.25888379959733,"regional-scaling-whole-period","Regional scaling","Whole-period scaling","Current 5-year window","periods 3-292",FALSE,16
2018,0.240515907268075,393.58925,1636.4375,84.66881,0.305137896973681,"regional-scaling-whole-period","Regional scaling","Whole-period scaling","Current 5-year window","periods 3-292",FALSE,16
2019,0.237279827798278,385.817,1626,82.761527,0.218830019547837,"regional-scaling-whole-period","Regional scaling","Whole-period scaling","Current 5-year window","periods 3-292",FALSE,16
2020,0.237934013506261,383.51275,1611.845,97.015721,0.357735372690392,"regional-scaling-whole-period","Regional scaling","Whole-period scaling","Current 5-year window","periods 3-292",FALSE,16
2021,0.244025679829896,386.1865,1582.565,88.755245,0.348723580117918,"regional-scaling-whole-period","Regional scaling","Whole-period scaling","Current 5-year window","periods 3-292",FALSE,16
2022,0.245469246810757,381.37575,1553.66,73.769084,0.465423845611305,"regional-scaling-whole-period","Regional scaling","Whole-period scaling","Current 5-year window","periods 3-292",FALSE,16
2023,0.237635701491356,360.19275,1515.735,106.584784,0.448645293794896,"regional-scaling-whole-period","Regional scaling","Whole-period scaling","Current 5-year window","periods 3-292",FALSE,16
2024,0.217598932724232,322.95,1484.1525,91.232733,0.334294052903005,"regional-scaling-whole-period","Regional scaling","Whole-period scaling","Current 5-year window","periods 3-292",FALSE,16
1952,0.992374966503447,1222.08,1231.47,77.424906,0.0118366105515295,"pre-mixing-tag-reporting-inclusion","Pre-mixing tag reporting","Pre-mixing reports included","Pre-mixing exclusion","Pre-mixing inclusion",FALSE,17
1953,0.968821802336531,1221.74,1261.0575,81.331943,0.0115111158500632,"pre-mixing-tag-reporting-inclusion","Pre-mixing tag reporting","Pre-mixing reports included","Pre-mixing exclusion","Pre-mixing inclusion",FALSE,17
1954,0.954761909402966,1224.5275,1282.5475,85.158656,0.00907948812007582,"pre-mixing-tag-reporting-inclusion","Pre-mixing tag reporting","Pre-mixing reports included","Pre-mixing exclusion","Pre-mixing inclusion",FALSE,17
1955,0.943171815501012,1224.1875,1297.9475,87.1838588,0.0116362466462396,"pre-mixing-tag-reporting-inclusion","Pre-mixing tag reporting","Pre-mixing reports included","Pre-mixing exclusion","Pre-mixing inclusion",FALSE,17
1956,0.928026928777477,1224.1,1319.035,51.1695898,0.0153549215155552,"pre-mixing-tag-reporting-inclusion","Pre-mixing tag reporting","Pre-mixing reports included","Pre-mixing exclusion","Pre-mixing inclusion",FALSE,17
1957,0.914223728813559,1264.2,1382.8125,38.5820007,0.0222566118445541,"pre-mixing-tag-reporting-inclusion","Pre-mixing tag reporting","Pre-mixing reports included","Pre-mixing exclusion","Pre-mixing inclusion",FALSE,17
1958,0.888926854621019,1235.735,1390.1425,81.684178,0.0295633790832528,"pre-mixing-tag-reporting-inclusion","Pre-mixing tag reporting","Pre-mixing reports included","Pre-mixing exclusion","Pre-mixing inclusion",FALSE,17
1959,0.856070177834944,1128.125,1317.795,41.4880356,0.0212810483101182,"pre-mixing-tag-reporting-inclusion","Pre-mixing tag reporting","Pre-mixing reports included","Pre-mixing exclusion","Pre-mixing inclusion",FALSE,17
1960,0.829621185190633,1015.195,1223.685,49.0474829,0.0258594178696496,"pre-mixing-tag-reporting-inclusion","Pre-mixing tag reporting","Pre-mixing reports included","Pre-mixing exclusion","Pre-mixing inclusion",FALSE,17
1961,0.817342474752652,976.665,1194.9275,50.8414087,0.0215320091008816,"pre-mixing-tag-reporting-inclusion","Pre-mixing tag reporting","Pre-mixing reports included","Pre-mixing exclusion","Pre-mixing inclusion",FALSE,17
1962,0.804354131964436,915.0775,1137.655,54.399826,0.0204789123062204,"pre-mixing-tag-reporting-inclusion","Pre-mixing tag reporting","Pre-mixing reports included","Pre-mixing exclusion","Pre-mixing inclusion",FALSE,17
1963,0.792384687534483,861.7025,1087.48,59.288351,0.0244310641629837,"pre-mixing-tag-reporting-inclusion","Pre-mixing tag reporting","Pre-mixing reports included","Pre-mixing exclusion","Pre-mixing inclusion",FALSE,17
1964,0.777624634710167,802.287,1031.715,44.3896691,0.0172940464498573,"pre-mixing-tag-reporting-inclusion","Pre-mixing tag reporting","Pre-mixing reports included","Pre-mixing exclusion","Pre-mixing inclusion",FALSE,17
1965,0.782909082728868,783.06175,1000.195,37.0629455,0.0200165531313457,"pre-mixing-tag-reporting-inclusion","Pre-mixing tag reporting","Pre-mixing reports included","Pre-mixing exclusion","Pre-mixing inclusion",FALSE,17
1966,0.788759037212424,778.6925,987.2375,75.682321,0.0190368623319671,"pre-mixing-tag-reporting-inclusion","Pre-mixing tag reporting","Pre-mixing reports included","Pre-mixing exclusion","Pre-mixing inclusion",FALSE,17
1967,0.783317965813178,745.47,951.6825,30.7134562,0.0241492677164169,"pre-mixing-tag-reporting-inclusion","Pre-mixing tag reporting","Pre-mixing reports included","Pre-mixing exclusion","Pre-mixing inclusion",FALSE,17
1968,0.780031060238786,711.9675,912.7425,47.0700061,0.0197244464434878,"pre-mixing-tag-reporting-inclusion","Pre-mixing tag reporting","Pre-mixing reports included","Pre-mixing exclusion","Pre-mixing inclusion",FALSE,17
1969,0.784812550959544,717.095,913.715,52.6940588,0.0229359419498635,"pre-mixing-tag-reporting-inclusion","Pre-mixing tag reporting","Pre-mixing reports included","Pre-mixing exclusion","Pre-mixing inclusion",FALSE,17
1970,0.779835895182484,692.1375,887.5425,47.8048155,0.0353455971836089,"pre-mixing-tag-reporting-inclusion","Pre-mixing tag reporting","Pre-mixing reports included","Pre-mixing exclusion","Pre-mixing inclusion",FALSE,17
1971,0.77644325920447,671.835,865.2725,34.1218304,0.0412907746425802,"pre-mixing-tag-reporting-inclusion","Pre-mixing tag reporting","Pre-mixing reports included","Pre-mixing exclusion","Pre-mixing inclusion",FALSE,17
1972,0.771807272591267,670.66,868.9475,36.710758,0.0559674061411105,"pre-mixing-tag-reporting-inclusion","Pre-mixing tag reporting","Pre-mixing reports included","Pre-mixing exclusion","Pre-mixing inclusion",FALSE,17
1973,0.749876328093066,628.32325,837.9025,58.224915,0.0336273890744935,"pre-mixing-tag-reporting-inclusion","Pre-mixing tag reporting","Pre-mixing reports included","Pre-mixing exclusion","Pre-mixing inclusion",FALSE,17
1974,0.73648483873164,594.9435,807.815,26.588568,0.0540118968933472,"pre-mixing-tag-reporting-inclusion","Pre-mixing tag reporting","Pre-mixing reports included","Pre-mixing exclusion","Pre-mixing inclusion",FALSE,17
1975,0.722055539525022,575.54325,797.09,84.695881,0.0488748565275004,"pre-mixing-tag-reporting-inclusion","Pre-mixing tag reporting","Pre-mixing reports included","Pre-mixing exclusion","Pre-mixing inclusion",FALSE,17
1976,0.694781132898722,541.40125,779.24,28.771031,0.0594695459387123,"pre-mixing-tag-reporting-inclusion","Pre-mixing tag reporting","Pre-mixing reports included","Pre-mixing exclusion","Pre-mixing inclusion",FALSE,17
1977,0.674422530936407,533.2895,790.735,66.6467794,0.0729055347232429,"pre-mixing-tag-reporting-inclusion","Pre-mixing tag reporting","Pre-mixing reports included","Pre-mixing exclusion","Pre-mixing inclusion",FALSE,17
1978,0.666420698814937,550.68175,826.3275,8.0363863,0.0582363137569858,"pre-mixing-tag-reporting-inclusion","Pre-mixing tag reporting","Pre-mixing reports included","Pre-mixing exclusion","Pre-mixing inclusion",FALSE,17
1979,0.648580064606835,538.58575,830.4075,36.1877712,0.0745332634319264,"pre-mixing-tag-reporting-inclusion","Pre-mixing tag reporting","Pre-mixing reports included","Pre-mixing exclusion","Pre-mixing inclusion",FALSE,17
1980,0.621366687409752,514.23375,827.585,51.936894,0.0641761710745276,"pre-mixing-tag-reporting-inclusion","Pre-mixing tag reporting","Pre-mixing reports included","Pre-mixing exclusion","Pre-mixing inclusion",FALSE,17
1981,0.597275593513196,468.388,784.2075,66.293424,0.0929224343881925,"pre-mixing-tag-reporting-inclusion","Pre-mixing tag reporting","Pre-mixing reports included","Pre-mixing exclusion","Pre-mixing inclusion",FALSE,17
1982,0.585077346923362,445.44425,761.3425,69.0373671,0.113210019526613,"pre-mixing-tag-reporting-inclusion","Pre-mixing tag reporting","Pre-mixing reports included","Pre-mixing exclusion","Pre-mixing inclusion",FALSE,17
1983,0.577911867238582,449.666,778.0875,56.952757,0.137958642240917,"pre-mixing-tag-reporting-inclusion","Pre-mixing tag reporting","Pre-mixing reports included","Pre-mixing exclusion","Pre-mixing inclusion",FALSE,17
1984,0.574612933146241,483.215,840.94,56.1936715,0.15672136619371,"pre-mixing-tag-reporting-inclusion","Pre-mixing tag reporting","Pre-mixing reports included","Pre-mixing exclusion","Pre-mixing inclusion",FALSE,17
1985,0.553229753823324,499.572,903.01,67.1318869,0.145397358009288,"pre-mixing-tag-reporting-inclusion","Pre-mixing tag reporting","Pre-mixing reports included","Pre-mixing exclusion","Pre-mixing inclusion",FALSE,17
1986,0.526503661935317,487.4055,925.74,51.169274,0.162354560246499,"pre-mixing-tag-reporting-inclusion","Pre-mixing tag reporting","Pre-mixing reports included","Pre-mixing exclusion","Pre-mixing inclusion",FALSE,17
1987,0.509487677916792,488.15925,958.1375,88.7399547,0.174311747315422,"pre-mixing-tag-reporting-inclusion","Pre-mixing tag reporting","Pre-mixing reports included","Pre-mixing exclusion","Pre-mixing inclusion",FALSE,17
1988,0.489003738619568,492.12725,1006.3875,79.172973,0.152016443634638,"pre-mixing-tag-reporting-inclusion","Pre-mixing tag reporting","Pre-mixing reports included","Pre-mixing exclusion","Pre-mixing inclusion",FALSE,17
1989,0.47493742162573,490.47025,1032.705,72.7828907,0.136201580896002,"pre-mixing-tag-reporting-inclusion","Pre-mixing tag reporting","Pre-mixing reports included","Pre-mixing exclusion","Pre-mixing inclusion",FALSE,17
1990,0.469560174497823,521.23175,1110.0425,67.869896,0.190227093118099,"pre-mixing-tag-reporting-inclusion","Pre-mixing tag reporting","Pre-mixing reports included","Pre-mixing exclusion","Pre-mixing inclusion",FALSE,17
1991,0.459765100671141,537.76425,1169.65,69.9160349,0.219626986152757,"pre-mixing-tag-reporting-inclusion","Pre-mixing tag reporting","Pre-mixing reports included","Pre-mixing exclusion","Pre-mixing inclusion",FALSE,17
1992,0.442100355462101,529.83075,1198.44,84.407789,0.24249247352829,"pre-mixing-tag-reporting-inclusion","Pre-mixing tag reporting","Pre-mixing reports included","Pre-mixing exclusion","Pre-mixing inclusion",FALSE,17
1993,0.412718669612513,494.55975,1198.2975,48.058171,0.201730669132605,"pre-mixing-tag-reporting-inclusion","Pre-mixing tag reporting","Pre-mixing reports included","Pre-mixing exclusion","Pre-mixing inclusion",FALSE,17
1994,0.3901921475118,477.8215,1224.58,98.157033,0.195460200279548,"pre-mixing-tag-reporting-inclusion","Pre-mixing tag reporting","Pre-mixing reports included","Pre-mixing exclusion","Pre-mixing inclusion",FALSE,17
1995,0.364032004514491,451.5635,1240.45,37.393893,0.20297953121436,"pre-mixing-tag-reporting-inclusion","Pre-mixing tag reporting","Pre-mixing reports included","Pre-mixing exclusion","Pre-mixing inclusion",FALSE,17
1996,0.356840026922115,438.725,1229.4725,109.372477,0.219833943244194,"pre-mixing-tag-reporting-inclusion","Pre-mixing tag reporting","Pre-mixing reports included","Pre-mixing exclusion","Pre-mixing inclusion",FALSE,17
1997,0.372857702799227,468.4985,1256.5075,41.310519,0.301837383398202,"pre-mixing-tag-reporting-inclusion","Pre-mixing tag reporting","Pre-mixing reports included","Pre-mixing exclusion","Pre-mixing inclusion",FALSE,17
1998,0.356343487301409,460.141,1291.285,108.834841,0.278046757104747,"pre-mixing-tag-reporting-inclusion","Pre-mixing tag reporting","Pre-mixing reports included","Pre-mixing exclusion","Pre-mixing inclusion",FALSE,17
1999,0.330745737893526,434.81075,1314.6375,72.644958,0.450007822503665,"pre-mixing-tag-reporting-inclusion","Pre-mixing tag reporting","Pre-mixing reports included","Pre-mixing exclusion","Pre-mixing inclusion",FALSE,17
2000,0.299886415137628,398.66975,1329.4025,116.571107,0.343013669511099,"pre-mixing-tag-reporting-inclusion","Pre-mixing tag reporting","Pre-mixing reports included","Pre-mixing exclusion","Pre-mixing inclusion",FALSE,17
2001,0.277168418190014,372.00575,1342.165,52.166359,0.300499337060079,"pre-mixing-tag-reporting-inclusion","Pre-mixing tag reporting","Pre-mixing reports included","Pre-mixing exclusion","Pre-mixing inclusion",FALSE,17
2002,0.264675624701073,366.61875,1385.1625,94.839411,0.263723554515053,"pre-mixing-tag-reporting-inclusion","Pre-mixing tag reporting","Pre-mixing reports included","Pre-mixing exclusion","Pre-mixing inclusion",FALSE,17
2003,0.250829474542343,363.06375,1447.4525,64.738796,0.32730112736441,"pre-mixing-tag-reporting-inclusion","Pre-mixing tag reporting","Pre-mixing reports included","Pre-mixing exclusion","Pre-mixing inclusion",FALSE,17
2004,0.243081053993106,358.9505,1476.67,107.676736,0.345668446957187,"pre-mixing-tag-reporting-inclusion","Pre-mixing tag reporting","Pre-mixing reports included","Pre-mixing exclusion","Pre-mixing inclusion",FALSE,17
2005,0.221938805705155,328.13375,1478.4875,67.658531,0.359349299135967,"pre-mixing-tag-reporting-inclusion","Pre-mixing tag reporting","Pre-mixing reports included","Pre-mixing exclusion","Pre-mixing inclusion",FALSE,17
2006,0.216107820929807,321.75375,1488.8575,77.397295,0.354577967532735,"pre-mixing-tag-reporting-inclusion","Pre-mixing tag reporting","Pre-mixing reports included","Pre-mixing exclusion","Pre-mixing inclusion",FALSE,17
2007,0.21084333975721,320.01275,1517.775,84.975198,0.404006336724774,"pre-mixing-tag-reporting-inclusion","Pre-mixing tag reporting","Pre-mixing reports included","Pre-mixing exclusion","Pre-mixing inclusion",FALSE,17
2008,0.20254312708739,308.379,1522.535,81.91667,0.515300140782991,"pre-mixing-tag-reporting-inclusion","Pre-mixing tag reporting","Pre-mixing reports included","Pre-mixing exclusion","Pre-mixing inclusion",FALSE,17
2009,0.190401426644109,286.1405,1502.8275,87.745378,0.383131760050038,"pre-mixing-tag-reporting-inclusion","Pre-mixing tag reporting","Pre-mixing reports included","Pre-mixing exclusion","Pre-mixing inclusion",FALSE,17
2010,0.177206718062041,265.834,1500.135,65.450339,0.295495803859143,"pre-mixing-tag-reporting-inclusion","Pre-mixing tag reporting","Pre-mixing reports included","Pre-mixing exclusion","Pre-mixing inclusion",FALSE,17
2011,0.176813707019533,268.645,1519.3675,71.221312,0.424628609393257,"pre-mixing-tag-reporting-inclusion","Pre-mixing tag reporting","Pre-mixing reports included","Pre-mixing exclusion","Pre-mixing inclusion",FALSE,17
2012,0.17158340284048,261.7715,1525.6225,105.480682,0.370605732339852,"pre-mixing-tag-reporting-inclusion","Pre-mixing tag reporting","Pre-mixing reports included","Pre-mixing exclusion","Pre-mixing inclusion",FALSE,17
2013,0.164179878821849,246.04325,1498.62,98.952702,0.34658966399105,"pre-mixing-tag-reporting-inclusion","Pre-mixing tag reporting","Pre-mixing reports included","Pre-mixing exclusion","Pre-mixing inclusion",FALSE,17
2014,0.168188614203188,253.94925,1509.9075,58.893587,0.427426520895562,"pre-mixing-tag-reporting-inclusion","Pre-mixing tag reporting","Pre-mixing reports included","Pre-mixing exclusion","Pre-mixing inclusion",FALSE,17
2015,0.174976639165197,274.3275,1567.795,80.011662,0.346310750071263,"pre-mixing-tag-reporting-inclusion","Pre-mixing tag reporting","Pre-mixing reports included","Pre-mixing exclusion","Pre-mixing inclusion",FALSE,17
2016,0.176240874998435,281.5025,1597.26,80.693603,0.484843078771076,"pre-mixing-tag-reporting-inclusion","Pre-mixing tag reporting","Pre-mixing reports included","Pre-mixing exclusion","Pre-mixing inclusion",FALSE,17
2017,0.173777178230722,273.42275,1573.41,85.139587,0.326938851170343,"pre-mixing-tag-reporting-inclusion","Pre-mixing tag reporting","Pre-mixing reports included","Pre-mixing exclusion","Pre-mixing inclusion",FALSE,17
2018,0.174158667196834,270.46275,1552.9675,64.524331,0.377579873546796,"pre-mixing-tag-reporting-inclusion","Pre-mixing tag reporting","Pre-mixing reports included","Pre-mixing exclusion","Pre-mixing inclusion",FALSE,17
2019,0.173993999137194,269.217,1547.2775,70.571021,0.2678013257334,"pre-mixing-tag-reporting-inclusion","Pre-mixing tag reporting","Pre-mixing reports included","Pre-mixing exclusion","Pre-mixing inclusion",FALSE,17
2020,0.178203910682543,274.43625,1540.0125,78.160639,0.438948939137514,"pre-mixing-tag-reporting-inclusion","Pre-mixing tag reporting","Pre-mixing reports included","Pre-mixing exclusion","Pre-mixing inclusion",FALSE,17
2021,0.185035971460332,280.47475,1515.785,70.221736,0.447359346550056,"pre-mixing-tag-reporting-inclusion","Pre-mixing tag reporting","Pre-mixing reports included","Pre-mixing exclusion","Pre-mixing inclusion",FALSE,17
2022,0.187004977422519,279.33775,1493.745,59.17574,0.598692343915533,"pre-mixing-tag-reporting-inclusion","Pre-mixing tag reporting","Pre-mixing reports included","Pre-mixing exclusion","Pre-mixing inclusion",FALSE,17
2023,0.179771458778139,261.8605,1456.63,78.901062,0.561285565476544,"pre-mixing-tag-reporting-inclusion","Pre-mixing tag reporting","Pre-mixing reports included","Pre-mixing exclusion","Pre-mixing inclusion",FALSE,17
2024,0.157613083604302,224.78975,1426.2125,66.27293,0.457672447036169,"pre-mixing-tag-reporting-inclusion","Pre-mixing tag reporting","Pre-mixing reports included","Pre-mixing exclusion","Pre-mixing inclusion",FALSE,17
